--------------------------------------------------------
--  File created - Thursday-December-08-2022   
--------------------------------------------------------
DROP SEQUENCE "HOSPITAL"."APPOINTMENTID_SEQ";
DROP SEQUENCE "HOSPITAL"."DOCTORID_SEQ";
DROP SEQUENCE "HOSPITAL"."NURSEID_SEQ";
DROP SEQUENCE "HOSPITAL"."PATIENTID_SEQ";
DROP SEQUENCE "HOSPITAL"."PROCEDUREID_SEQ";
DROP SEQUENCE "HOSPITAL"."STAFFID_SEQ";
DROP SEQUENCE "HOSPITAL"."NURSEID_SEQ";
DROP SEQUENCE "HOSPITAL"."APPOINTMENTID_SEQ";
DROP SEQUENCE "HOSPITAL"."DOCTORID_SEQ";
DROP SEQUENCE "HOSPITAL"."STAFFID_SEQ";
DROP SEQUENCE "HOSPITAL"."PATIENTID_SEQ";
DROP SEQUENCE "HOSPITAL"."PROCEDUREID_SEQ";
DROP TABLE "HOSPITAL"."NURSE" cascade constraints;
DROP TABLE "HOSPITAL"."APPOINTMENT" cascade constraints;
DROP TABLE "HOSPITAL"."APPOINTMENTLAB" cascade constraints;
DROP TABLE "HOSPITAL"."DEPARTMENT" cascade constraints;
DROP TABLE "HOSPITAL"."DOCDEPT" cascade constraints;
DROP TABLE "HOSPITAL"."DOCTOR" cascade constraints;
DROP TABLE "HOSPITAL"."HOSPITALSTAFF" cascade constraints;
DROP TABLE "HOSPITAL"."INSURANCE" cascade constraints;
DROP TABLE "HOSPITAL"."LABTEST" cascade constraints;
DROP TABLE "HOSPITAL"."PATIENT" cascade constraints;
DROP TABLE "HOSPITAL"."PATIENTPROCEDURE" cascade constraints;
DROP TABLE "HOSPITAL"."PROCEDURE" cascade constraints;
DROP TABLE "HOSPITAL"."PROCEDUREDOC" cascade constraints;
DROP TABLE "HOSPITAL"."ROOMS" cascade constraints;
DROP TABLE "HOSPITAL"."ROOMTYPE" cascade constraints;
DROP TABLE "HOSPITAL"."SHIFT" cascade constraints;
DROP TABLE "HOSPITAL"."SHIFT" cascade constraints;
DROP TABLE "HOSPITAL"."DEPARTMENT" cascade constraints;
DROP TABLE "HOSPITAL"."DOCTOR" cascade constraints;
DROP TABLE "HOSPITAL"."LABTEST" cascade constraints;
DROP TABLE "HOSPITAL"."INSURANCE" cascade constraints;
DROP TABLE "HOSPITAL"."ROOMTYPE" cascade constraints;
DROP TABLE "HOSPITAL"."APPOINTMENT" cascade constraints;
DROP TABLE "HOSPITAL"."PATIENTPROCEDURE" cascade constraints;
DROP TABLE "HOSPITAL"."APPOINTMENTLAB" cascade constraints;
DROP TABLE "HOSPITAL"."PATIENT" cascade constraints;
DROP TABLE "HOSPITAL"."PROCEDURE" cascade constraints;
DROP TABLE "HOSPITAL"."NURSE" cascade constraints;
DROP TABLE "HOSPITAL"."DOCDEPT" cascade constraints;
DROP TABLE "HOSPITAL"."HOSPITALSTAFF" cascade constraints;
DROP TABLE "HOSPITAL"."PROCEDUREDOC" cascade constraints;
DROP TABLE "HOSPITAL"."ROOMS" cascade constraints;
DROP VIEW "HOSPITAL"."EMERGENCY";
DROP VIEW "HOSPITAL"."PATIENTRECORDS";
--------------------------------------------------------
--  DDL for Sequence APPOINTMENTID_SEQ
--------------------------------------------------------

   CREATE SEQUENCE  "HOSPITAL"."APPOINTMENTID_SEQ"  MINVALUE 1 MAXVALUE 9999999999999999999999999999 INCREMENT BY 1 START WITH 401 CACHE 20 NOORDER  NOCYCLE  NOKEEP  NOSCALE  GLOBAL ;
--------------------------------------------------------
--  DDL for Sequence DOCTORID_SEQ
--------------------------------------------------------

   CREATE SEQUENCE  "HOSPITAL"."DOCTORID_SEQ"  MINVALUE 1 MAXVALUE 9999999999999999999999999999 INCREMENT BY 1 START WITH 61 CACHE 20 NOORDER  NOCYCLE  NOKEEP  NOSCALE  GLOBAL ;
--------------------------------------------------------
--  DDL for Sequence NURSEID_SEQ
--------------------------------------------------------

   CREATE SEQUENCE  "HOSPITAL"."NURSEID_SEQ"  MINVALUE 1 MAXVALUE 9999999999999999999999999999 INCREMENT BY 1 START WITH 101 CACHE 20 NOORDER  NOCYCLE  NOKEEP  NOSCALE  GLOBAL ;
--------------------------------------------------------
--  DDL for Sequence PATIENTID_SEQ
--------------------------------------------------------

   CREATE SEQUENCE  "HOSPITAL"."PATIENTID_SEQ"  MINVALUE 1 MAXVALUE 9999999999999999999999999999 INCREMENT BY 1 START WITH 521 CACHE 20 NOORDER  NOCYCLE  NOKEEP  NOSCALE  GLOBAL ;
--------------------------------------------------------
--  DDL for Sequence PROCEDUREID_SEQ
--------------------------------------------------------

   CREATE SEQUENCE  "HOSPITAL"."PROCEDUREID_SEQ"  MINVALUE 1 MAXVALUE 9999999999999999999999999999 INCREMENT BY 1 START WITH 301 CACHE 20 NOORDER  NOCYCLE  NOKEEP  NOSCALE  GLOBAL ;
--------------------------------------------------------
--  DDL for Sequence STAFFID_SEQ
--------------------------------------------------------

   CREATE SEQUENCE  "HOSPITAL"."STAFFID_SEQ"  MINVALUE 1 MAXVALUE 9999999999999999999999999999 INCREMENT BY 1 START WITH 101 CACHE 20 NOORDER  NOCYCLE  NOKEEP  NOSCALE  GLOBAL ;
--------------------------------------------------------
--  DDL for Sequence NURSEID_SEQ
--------------------------------------------------------

   CREATE SEQUENCE  "HOSPITAL"."NURSEID_SEQ"  MINVALUE 1 MAXVALUE 9999999999999999999999999999 INCREMENT BY 1 START WITH 101 CACHE 20 NOORDER  NOCYCLE  NOKEEP  NOSCALE  GLOBAL ;
--------------------------------------------------------
--  DDL for Sequence APPOINTMENTID_SEQ
--------------------------------------------------------

   CREATE SEQUENCE  "HOSPITAL"."APPOINTMENTID_SEQ"  MINVALUE 1 MAXVALUE 9999999999999999999999999999 INCREMENT BY 1 START WITH 401 CACHE 20 NOORDER  NOCYCLE  NOKEEP  NOSCALE  GLOBAL ;
--------------------------------------------------------
--  DDL for Sequence DOCTORID_SEQ
--------------------------------------------------------

   CREATE SEQUENCE  "HOSPITAL"."DOCTORID_SEQ"  MINVALUE 1 MAXVALUE 9999999999999999999999999999 INCREMENT BY 1 START WITH 61 CACHE 20 NOORDER  NOCYCLE  NOKEEP  NOSCALE  GLOBAL ;
--------------------------------------------------------
--  DDL for Sequence STAFFID_SEQ
--------------------------------------------------------

   CREATE SEQUENCE  "HOSPITAL"."STAFFID_SEQ"  MINVALUE 1 MAXVALUE 9999999999999999999999999999 INCREMENT BY 1 START WITH 101 CACHE 20 NOORDER  NOCYCLE  NOKEEP  NOSCALE  GLOBAL ;
--------------------------------------------------------
--  DDL for Sequence PATIENTID_SEQ
--------------------------------------------------------

   CREATE SEQUENCE  "HOSPITAL"."PATIENTID_SEQ"  MINVALUE 1 MAXVALUE 9999999999999999999999999999 INCREMENT BY 1 START WITH 521 CACHE 20 NOORDER  NOCYCLE  NOKEEP  NOSCALE  GLOBAL ;
--------------------------------------------------------
--  DDL for Sequence PROCEDUREID_SEQ
--------------------------------------------------------

   CREATE SEQUENCE  "HOSPITAL"."PROCEDUREID_SEQ"  MINVALUE 1 MAXVALUE 9999999999999999999999999999 INCREMENT BY 1 START WITH 301 CACHE 20 NOORDER  NOCYCLE  NOKEEP  NOSCALE  GLOBAL ;
--------------------------------------------------------
--  DDL for Table NURSE
--------------------------------------------------------

  CREATE TABLE "HOSPITAL"."NURSE" 
   (	"NURSEID" NUMBER(*,0), 
	"NURSEFNAME" VARCHAR2(30 BYTE), 
	"NURSELNAME" VARCHAR2(30 BYTE), 
	"DEPTID" VARCHAR2(20 BYTE), 
	"SHIFTID" NUMBER(*,0), 
	"DOB" DATE
   ) SEGMENT CREATION IMMEDIATE 
  PCTFREE 10 PCTUSED 40 INITRANS 1 MAXTRANS 255 
 NOCOMPRESS LOGGING
  STORAGE(INITIAL 65536 NEXT 1048576 MINEXTENTS 1 MAXEXTENTS 2147483645
  PCTINCREASE 0 FREELISTS 1 FREELIST GROUPS 1
  BUFFER_POOL DEFAULT FLASH_CACHE DEFAULT CELL_FLASH_CACHE DEFAULT)
  TABLESPACE "USERS" ;
--------------------------------------------------------
--  DDL for Table APPOINTMENT
--------------------------------------------------------

  CREATE TABLE "HOSPITAL"."APPOINTMENT" 
   (	"AID" NUMBER(*,0), 
	"PATIENTID" NUMBER(*,0), 
	"DOCTORID" NUMBER(*,0), 
	"ROOMID" VARCHAR2(20 BYTE), 
	"DIAGNOSIS" VARCHAR2(100 BYTE), 
	"STARTDATE_TIME" TIMESTAMP (6), 
	"ENDDATE_TIME" TIMESTAMP (6)
   ) SEGMENT CREATION IMMEDIATE 
  PCTFREE 10 PCTUSED 40 INITRANS 1 MAXTRANS 255 
 NOCOMPRESS LOGGING
  STORAGE(INITIAL 65536 NEXT 1048576 MINEXTENTS 1 MAXEXTENTS 2147483645
  PCTINCREASE 0 FREELISTS 1 FREELIST GROUPS 1
  BUFFER_POOL DEFAULT FLASH_CACHE DEFAULT CELL_FLASH_CACHE DEFAULT)
  TABLESPACE "USERS" ;
--------------------------------------------------------
--  DDL for Table APPOINTMENTLAB
--------------------------------------------------------

  CREATE TABLE "HOSPITAL"."APPOINTMENTLAB" 
   (	"AID" NUMBER(*,0), 
	"LABTESTID" VARCHAR2(20 BYTE)
   ) SEGMENT CREATION IMMEDIATE 
  PCTFREE 10 PCTUSED 40 INITRANS 1 MAXTRANS 255 
 NOCOMPRESS LOGGING
  STORAGE(INITIAL 65536 NEXT 1048576 MINEXTENTS 1 MAXEXTENTS 2147483645
  PCTINCREASE 0 FREELISTS 1 FREELIST GROUPS 1
  BUFFER_POOL DEFAULT FLASH_CACHE DEFAULT CELL_FLASH_CACHE DEFAULT)
  TABLESPACE "USERS" ;
--------------------------------------------------------
--  DDL for Table DEPARTMENT
--------------------------------------------------------

  CREATE TABLE "HOSPITAL"."DEPARTMENT" 
   (	"DEPTID" VARCHAR2(20 BYTE), 
	"DEPTNAME" VARCHAR2(30 BYTE), 
	"DEPTHEAD" VARCHAR2(30 BYTE)
   ) SEGMENT CREATION IMMEDIATE 
  PCTFREE 10 PCTUSED 40 INITRANS 1 MAXTRANS 255 
 NOCOMPRESS LOGGING
  STORAGE(INITIAL 65536 NEXT 1048576 MINEXTENTS 1 MAXEXTENTS 2147483645
  PCTINCREASE 0 FREELISTS 1 FREELIST GROUPS 1
  BUFFER_POOL DEFAULT FLASH_CACHE DEFAULT CELL_FLASH_CACHE DEFAULT)
  TABLESPACE "USERS" ;
--------------------------------------------------------
--  DDL for Table DOCDEPT
--------------------------------------------------------

  CREATE TABLE "HOSPITAL"."DOCDEPT" 
   (	"DEPTID" VARCHAR2(20 BYTE), 
	"DOCTORID" NUMBER(*,0)
   ) SEGMENT CREATION IMMEDIATE 
  PCTFREE 10 PCTUSED 40 INITRANS 1 MAXTRANS 255 
 NOCOMPRESS LOGGING
  STORAGE(INITIAL 65536 NEXT 1048576 MINEXTENTS 1 MAXEXTENTS 2147483645
  PCTINCREASE 0 FREELISTS 1 FREELIST GROUPS 1
  BUFFER_POOL DEFAULT FLASH_CACHE DEFAULT CELL_FLASH_CACHE DEFAULT)
  TABLESPACE "USERS" ;
--------------------------------------------------------
--  DDL for Table DOCTOR
--------------------------------------------------------

  CREATE TABLE "HOSPITAL"."DOCTOR" 
   (	"DOCTORID" NUMBER(*,0), 
	"DDOB" DATE, 
	"SHIFTID" NUMBER(*,0), 
	"DEMAIL" VARCHAR2(200 BYTE), 
	"DNAME" VARCHAR2(100 BYTE), 
	"QUALIFICATION" VARCHAR2(200 BYTE), 
	"SPECIALIZATION" VARCHAR2(200 BYTE), 
	"DPASS" VARCHAR2(200 BYTE), 
	"DPHONE" NUMBER(*,0)
   ) SEGMENT CREATION IMMEDIATE 
  PCTFREE 10 PCTUSED 40 INITRANS 1 MAXTRANS 255 
 NOCOMPRESS LOGGING
  STORAGE(INITIAL 65536 NEXT 1048576 MINEXTENTS 1 MAXEXTENTS 2147483645
  PCTINCREASE 0 FREELISTS 1 FREELIST GROUPS 1
  BUFFER_POOL DEFAULT FLASH_CACHE DEFAULT CELL_FLASH_CACHE DEFAULT)
  TABLESPACE "USERS" ;
--------------------------------------------------------
--  DDL for Table HOSPITALSTAFF
--------------------------------------------------------

  CREATE TABLE "HOSPITAL"."HOSPITALSTAFF" 
   (	"STAFFID" VARCHAR2(20 BYTE), 
	"STAFFFNAME" VARCHAR2(30 BYTE), 
	"STAFFLNAME" VARCHAR2(30 BYTE), 
	"SDOB" DATE, 
	"SSSN" VARCHAR2(15 BYTE), 
	"SHIFTID" NUMBER(*,0)
   ) SEGMENT CREATION IMMEDIATE 
  PCTFREE 10 PCTUSED 40 INITRANS 1 MAXTRANS 255 
 NOCOMPRESS LOGGING
  STORAGE(INITIAL 65536 NEXT 1048576 MINEXTENTS 1 MAXEXTENTS 2147483645
  PCTINCREASE 0 FREELISTS 1 FREELIST GROUPS 1
  BUFFER_POOL DEFAULT FLASH_CACHE DEFAULT CELL_FLASH_CACHE DEFAULT)
  TABLESPACE "USERS" ;
--------------------------------------------------------
--  DDL for Table INSURANCE
--------------------------------------------------------

  CREATE TABLE "HOSPITAL"."INSURANCE" 
   (	"INSURANCEID" VARCHAR2(20 BYTE), 
	"VALIDFROM" DATE, 
	"VALIDTO" DATE
   ) SEGMENT CREATION IMMEDIATE 
  PCTFREE 10 PCTUSED 40 INITRANS 1 MAXTRANS 255 
 NOCOMPRESS LOGGING
  STORAGE(INITIAL 65536 NEXT 1048576 MINEXTENTS 1 MAXEXTENTS 2147483645
  PCTINCREASE 0 FREELISTS 1 FREELIST GROUPS 1
  BUFFER_POOL DEFAULT FLASH_CACHE DEFAULT CELL_FLASH_CACHE DEFAULT)
  TABLESPACE "USERS" ;
--------------------------------------------------------
--  DDL for Table LABTEST
--------------------------------------------------------

  CREATE TABLE "HOSPITAL"."LABTEST" 
   (	"LABTESTID" VARCHAR2(20 BYTE), 
	"TESTNAME" VARCHAR2(200 BYTE), 
	"TESTDESCRIPTION" VARCHAR2(500 BYTE), 
	"TESTPRICE" NUMBER(*,0)
   ) SEGMENT CREATION IMMEDIATE 
  PCTFREE 10 PCTUSED 40 INITRANS 1 MAXTRANS 255 
 NOCOMPRESS LOGGING
  STORAGE(INITIAL 65536 NEXT 1048576 MINEXTENTS 1 MAXEXTENTS 2147483645
  PCTINCREASE 0 FREELISTS 1 FREELIST GROUPS 1
  BUFFER_POOL DEFAULT FLASH_CACHE DEFAULT CELL_FLASH_CACHE DEFAULT)
  TABLESPACE "USERS" ;
--------------------------------------------------------
--  DDL for Table PATIENT
--------------------------------------------------------

  CREATE TABLE "HOSPITAL"."PATIENT" 
   (	"PATIENTID" NUMBER(*,0), 
	"FIRSTNAME" VARCHAR2(30 BYTE), 
	"LASTNAME" VARCHAR2(30 BYTE), 
	"DOB" DATE, 
	"GENDER" VARCHAR2(25 BYTE), 
	"EMAIL" VARCHAR2(40 BYTE), 
	"PHONE" NUMBER(*,0), 
	"ADDRESS" VARCHAR2(200 BYTE), 
	"SSN" VARCHAR2(15 BYTE), 
	"COVIDSTATUS" VARCHAR2(100 BYTE) DEFAULT 'NotVaccinated', 
	"INSURANCEID" VARCHAR2(200 BYTE)
   ) SEGMENT CREATION IMMEDIATE 
  PCTFREE 10 PCTUSED 40 INITRANS 1 MAXTRANS 255 
 NOCOMPRESS LOGGING
  STORAGE(INITIAL 65536 NEXT 1048576 MINEXTENTS 1 MAXEXTENTS 2147483645
  PCTINCREASE 0 FREELISTS 1 FREELIST GROUPS 1
  BUFFER_POOL DEFAULT FLASH_CACHE DEFAULT CELL_FLASH_CACHE DEFAULT)
  TABLESPACE "USERS" ;
--------------------------------------------------------
--  DDL for Table PATIENTPROCEDURE
--------------------------------------------------------

  CREATE TABLE "HOSPITAL"."PATIENTPROCEDURE" 
   (	"PATIENTID" NUMBER(*,0), 
	"PROCEDUREID" NUMBER(*,0)
   ) SEGMENT CREATION IMMEDIATE 
  PCTFREE 10 PCTUSED 40 INITRANS 1 MAXTRANS 255 
 NOCOMPRESS LOGGING
  STORAGE(INITIAL 65536 NEXT 1048576 MINEXTENTS 1 MAXEXTENTS 2147483645
  PCTINCREASE 0 FREELISTS 1 FREELIST GROUPS 1
  BUFFER_POOL DEFAULT FLASH_CACHE DEFAULT CELL_FLASH_CACHE DEFAULT)
  TABLESPACE "USERS" ;
--------------------------------------------------------
--  DDL for Table PROCEDURE
--------------------------------------------------------

  CREATE TABLE "HOSPITAL"."PROCEDURE" 
   (	"PROCEDUREID" NUMBER(*,0), 
	"PNAME" VARCHAR2(20 BYTE), 
	"NURSEID" NUMBER(*,0), 
	"ROOMID" VARCHAR2(20 BYTE), 
	"STARTDATE_TIME" TIMESTAMP (6), 
	"ENDDATE_TIME" TIMESTAMP (6)
   ) SEGMENT CREATION IMMEDIATE 
  PCTFREE 10 PCTUSED 40 INITRANS 1 MAXTRANS 255 
 NOCOMPRESS LOGGING
  STORAGE(INITIAL 65536 NEXT 1048576 MINEXTENTS 1 MAXEXTENTS 2147483645
  PCTINCREASE 0 FREELISTS 1 FREELIST GROUPS 1
  BUFFER_POOL DEFAULT FLASH_CACHE DEFAULT CELL_FLASH_CACHE DEFAULT)
  TABLESPACE "USERS" ;
--------------------------------------------------------
--  DDL for Table PROCEDUREDOC
--------------------------------------------------------

  CREATE TABLE "HOSPITAL"."PROCEDUREDOC" 
   (	"DOCTORID" NUMBER(*,0), 
	"PROCEDUREID" NUMBER(*,0)
   ) SEGMENT CREATION IMMEDIATE 
  PCTFREE 10 PCTUSED 40 INITRANS 1 MAXTRANS 255 
 NOCOMPRESS LOGGING
  STORAGE(INITIAL 65536 NEXT 1048576 MINEXTENTS 1 MAXEXTENTS 2147483645
  PCTINCREASE 0 FREELISTS 1 FREELIST GROUPS 1
  BUFFER_POOL DEFAULT FLASH_CACHE DEFAULT CELL_FLASH_CACHE DEFAULT)
  TABLESPACE "USERS" ;
--------------------------------------------------------
--  DDL for Table ROOMS
--------------------------------------------------------

  CREATE TABLE "HOSPITAL"."ROOMS" 
   (	"ROOMID" VARCHAR2(20 BYTE), 
	"ROOMTYPEID" VARCHAR2(30 BYTE), 
	"ROOMLOCATION" VARCHAR2(30 BYTE), 
	"AVAILABILITY" VARCHAR2(30 BYTE)
   ) SEGMENT CREATION IMMEDIATE 
  PCTFREE 10 PCTUSED 40 INITRANS 1 MAXTRANS 255 
 NOCOMPRESS LOGGING
  STORAGE(INITIAL 65536 NEXT 1048576 MINEXTENTS 1 MAXEXTENTS 2147483645
  PCTINCREASE 0 FREELISTS 1 FREELIST GROUPS 1
  BUFFER_POOL DEFAULT FLASH_CACHE DEFAULT CELL_FLASH_CACHE DEFAULT)
  TABLESPACE "USERS" ;
--------------------------------------------------------
--  DDL for Table ROOMTYPE
--------------------------------------------------------

  CREATE TABLE "HOSPITAL"."ROOMTYPE" 
   (	"ROOMTYPEID" VARCHAR2(20 BYTE), 
	"ROOMTYPENAME" VARCHAR2(30 BYTE)
   ) SEGMENT CREATION IMMEDIATE 
  PCTFREE 10 PCTUSED 40 INITRANS 1 MAXTRANS 255 
 NOCOMPRESS LOGGING
  STORAGE(INITIAL 65536 NEXT 1048576 MINEXTENTS 1 MAXEXTENTS 2147483645
  PCTINCREASE 0 FREELISTS 1 FREELIST GROUPS 1
  BUFFER_POOL DEFAULT FLASH_CACHE DEFAULT CELL_FLASH_CACHE DEFAULT)
  TABLESPACE "USERS" ;
--------------------------------------------------------
--  DDL for Table SHIFT
--------------------------------------------------------

  CREATE TABLE "HOSPITAL"."SHIFT" 
   (	"SHIFTID" NUMBER(*,0), 
	"SHIFTNAME" VARCHAR2(30 BYTE), 
	"STARTTIME" VARCHAR2(25 BYTE), 
	"ENDTIME" VARCHAR2(25 BYTE)
   ) SEGMENT CREATION IMMEDIATE 
  PCTFREE 10 PCTUSED 40 INITRANS 1 MAXTRANS 255 
 NOCOMPRESS LOGGING
  STORAGE(INITIAL 65536 NEXT 1048576 MINEXTENTS 1 MAXEXTENTS 2147483645
  PCTINCREASE 0 FREELISTS 1 FREELIST GROUPS 1
  BUFFER_POOL DEFAULT FLASH_CACHE DEFAULT CELL_FLASH_CACHE DEFAULT)
  TABLESPACE "USERS" ;
--------------------------------------------------------
--  DDL for Table SHIFT
--------------------------------------------------------

  CREATE TABLE "HOSPITAL"."SHIFT" 
   (	"SHIFTID" NUMBER(*,0), 
	"SHIFTNAME" VARCHAR2(30 BYTE), 
	"STARTTIME" VARCHAR2(25 BYTE), 
	"ENDTIME" VARCHAR2(25 BYTE)
   ) SEGMENT CREATION IMMEDIATE 
  PCTFREE 10 PCTUSED 40 INITRANS 1 MAXTRANS 255 
 NOCOMPRESS LOGGING
  STORAGE(INITIAL 65536 NEXT 1048576 MINEXTENTS 1 MAXEXTENTS 2147483645
  PCTINCREASE 0 FREELISTS 1 FREELIST GROUPS 1
  BUFFER_POOL DEFAULT FLASH_CACHE DEFAULT CELL_FLASH_CACHE DEFAULT)
  TABLESPACE "USERS" ;
--------------------------------------------------------
--  DDL for Table DEPARTMENT
--------------------------------------------------------

  CREATE TABLE "HOSPITAL"."DEPARTMENT" 
   (	"DEPTID" VARCHAR2(20 BYTE), 
	"DEPTNAME" VARCHAR2(30 BYTE), 
	"DEPTHEAD" VARCHAR2(30 BYTE)
   ) SEGMENT CREATION IMMEDIATE 
  PCTFREE 10 PCTUSED 40 INITRANS 1 MAXTRANS 255 
 NOCOMPRESS LOGGING
  STORAGE(INITIAL 65536 NEXT 1048576 MINEXTENTS 1 MAXEXTENTS 2147483645
  PCTINCREASE 0 FREELISTS 1 FREELIST GROUPS 1
  BUFFER_POOL DEFAULT FLASH_CACHE DEFAULT CELL_FLASH_CACHE DEFAULT)
  TABLESPACE "USERS" ;
--------------------------------------------------------
--  DDL for Table DOCTOR
--------------------------------------------------------

  CREATE TABLE "HOSPITAL"."DOCTOR" 
   (	"DOCTORID" NUMBER(*,0), 
	"DDOB" DATE, 
	"SHIFTID" NUMBER(*,0), 
	"DEMAIL" VARCHAR2(200 BYTE), 
	"DNAME" VARCHAR2(100 BYTE), 
	"QUALIFICATION" VARCHAR2(200 BYTE), 
	"SPECIALIZATION" VARCHAR2(200 BYTE), 
	"DPASS" VARCHAR2(200 BYTE), 
	"DPHONE" NUMBER(*,0)
   ) SEGMENT CREATION IMMEDIATE 
  PCTFREE 10 PCTUSED 40 INITRANS 1 MAXTRANS 255 
 NOCOMPRESS LOGGING
  STORAGE(INITIAL 65536 NEXT 1048576 MINEXTENTS 1 MAXEXTENTS 2147483645
  PCTINCREASE 0 FREELISTS 1 FREELIST GROUPS 1
  BUFFER_POOL DEFAULT FLASH_CACHE DEFAULT CELL_FLASH_CACHE DEFAULT)
  TABLESPACE "USERS" ;
--------------------------------------------------------
--  DDL for Table LABTEST
--------------------------------------------------------

  CREATE TABLE "HOSPITAL"."LABTEST" 
   (	"LABTESTID" VARCHAR2(20 BYTE), 
	"TESTNAME" VARCHAR2(200 BYTE), 
	"TESTDESCRIPTION" VARCHAR2(500 BYTE), 
	"TESTPRICE" NUMBER(*,0)
   ) SEGMENT CREATION IMMEDIATE 
  PCTFREE 10 PCTUSED 40 INITRANS 1 MAXTRANS 255 
 NOCOMPRESS LOGGING
  STORAGE(INITIAL 65536 NEXT 1048576 MINEXTENTS 1 MAXEXTENTS 2147483645
  PCTINCREASE 0 FREELISTS 1 FREELIST GROUPS 1
  BUFFER_POOL DEFAULT FLASH_CACHE DEFAULT CELL_FLASH_CACHE DEFAULT)
  TABLESPACE "USERS" ;
--------------------------------------------------------
--  DDL for Table INSURANCE
--------------------------------------------------------

  CREATE TABLE "HOSPITAL"."INSURANCE" 
   (	"INSURANCEID" VARCHAR2(20 BYTE), 
	"VALIDFROM" DATE, 
	"VALIDTO" DATE
   ) SEGMENT CREATION IMMEDIATE 
  PCTFREE 10 PCTUSED 40 INITRANS 1 MAXTRANS 255 
 NOCOMPRESS LOGGING
  STORAGE(INITIAL 65536 NEXT 1048576 MINEXTENTS 1 MAXEXTENTS 2147483645
  PCTINCREASE 0 FREELISTS 1 FREELIST GROUPS 1
  BUFFER_POOL DEFAULT FLASH_CACHE DEFAULT CELL_FLASH_CACHE DEFAULT)
  TABLESPACE "USERS" ;
--------------------------------------------------------
--  DDL for Table ROOMTYPE
--------------------------------------------------------

  CREATE TABLE "HOSPITAL"."ROOMTYPE" 
   (	"ROOMTYPEID" VARCHAR2(20 BYTE), 
	"ROOMTYPENAME" VARCHAR2(30 BYTE)
   ) SEGMENT CREATION IMMEDIATE 
  PCTFREE 10 PCTUSED 40 INITRANS 1 MAXTRANS 255 
 NOCOMPRESS LOGGING
  STORAGE(INITIAL 65536 NEXT 1048576 MINEXTENTS 1 MAXEXTENTS 2147483645
  PCTINCREASE 0 FREELISTS 1 FREELIST GROUPS 1
  BUFFER_POOL DEFAULT FLASH_CACHE DEFAULT CELL_FLASH_CACHE DEFAULT)
  TABLESPACE "USERS" ;
--------------------------------------------------------
--  DDL for Table APPOINTMENT
--------------------------------------------------------

  CREATE TABLE "HOSPITAL"."APPOINTMENT" 
   (	"AID" NUMBER(*,0), 
	"PATIENTID" NUMBER(*,0), 
	"DOCTORID" NUMBER(*,0), 
	"ROOMID" VARCHAR2(20 BYTE), 
	"DIAGNOSIS" VARCHAR2(100 BYTE), 
	"STARTDATE_TIME" TIMESTAMP (6), 
	"ENDDATE_TIME" TIMESTAMP (6)
   ) SEGMENT CREATION IMMEDIATE 
  PCTFREE 10 PCTUSED 40 INITRANS 1 MAXTRANS 255 
 NOCOMPRESS LOGGING
  STORAGE(INITIAL 65536 NEXT 1048576 MINEXTENTS 1 MAXEXTENTS 2147483645
  PCTINCREASE 0 FREELISTS 1 FREELIST GROUPS 1
  BUFFER_POOL DEFAULT FLASH_CACHE DEFAULT CELL_FLASH_CACHE DEFAULT)
  TABLESPACE "USERS" ;
--------------------------------------------------------
--  DDL for Table PATIENTPROCEDURE
--------------------------------------------------------

  CREATE TABLE "HOSPITAL"."PATIENTPROCEDURE" 
   (	"PATIENTID" NUMBER(*,0), 
	"PROCEDUREID" NUMBER(*,0)
   ) SEGMENT CREATION IMMEDIATE 
  PCTFREE 10 PCTUSED 40 INITRANS 1 MAXTRANS 255 
 NOCOMPRESS LOGGING
  STORAGE(INITIAL 65536 NEXT 1048576 MINEXTENTS 1 MAXEXTENTS 2147483645
  PCTINCREASE 0 FREELISTS 1 FREELIST GROUPS 1
  BUFFER_POOL DEFAULT FLASH_CACHE DEFAULT CELL_FLASH_CACHE DEFAULT)
  TABLESPACE "USERS" ;
--------------------------------------------------------
--  DDL for Table APPOINTMENTLAB
--------------------------------------------------------

  CREATE TABLE "HOSPITAL"."APPOINTMENTLAB" 
   (	"AID" NUMBER(*,0), 
	"LABTESTID" VARCHAR2(20 BYTE)
   ) SEGMENT CREATION IMMEDIATE 
  PCTFREE 10 PCTUSED 40 INITRANS 1 MAXTRANS 255 
 NOCOMPRESS LOGGING
  STORAGE(INITIAL 65536 NEXT 1048576 MINEXTENTS 1 MAXEXTENTS 2147483645
  PCTINCREASE 0 FREELISTS 1 FREELIST GROUPS 1
  BUFFER_POOL DEFAULT FLASH_CACHE DEFAULT CELL_FLASH_CACHE DEFAULT)
  TABLESPACE "USERS" ;
--------------------------------------------------------
--  DDL for Table PATIENT
--------------------------------------------------------

  CREATE TABLE "HOSPITAL"."PATIENT" 
   (	"PATIENTID" NUMBER(*,0), 
	"FIRSTNAME" VARCHAR2(30 BYTE), 
	"LASTNAME" VARCHAR2(30 BYTE), 
	"DOB" DATE, 
	"GENDER" VARCHAR2(25 BYTE), 
	"EMAIL" VARCHAR2(40 BYTE), 
	"PHONE" NUMBER(*,0), 
	"ADDRESS" VARCHAR2(200 BYTE), 
	"SSN" VARCHAR2(15 BYTE), 
	"COVIDSTATUS" VARCHAR2(100 BYTE) DEFAULT 'NotVaccinated', 
	"INSURANCEID" VARCHAR2(200 BYTE)
   ) SEGMENT CREATION IMMEDIATE 
  PCTFREE 10 PCTUSED 40 INITRANS 1 MAXTRANS 255 
 NOCOMPRESS LOGGING
  STORAGE(INITIAL 65536 NEXT 1048576 MINEXTENTS 1 MAXEXTENTS 2147483645
  PCTINCREASE 0 FREELISTS 1 FREELIST GROUPS 1
  BUFFER_POOL DEFAULT FLASH_CACHE DEFAULT CELL_FLASH_CACHE DEFAULT)
  TABLESPACE "USERS" ;
--------------------------------------------------------
--  DDL for Table PROCEDURE
--------------------------------------------------------

  CREATE TABLE "HOSPITAL"."PROCEDURE" 
   (	"PROCEDUREID" NUMBER(*,0), 
	"PNAME" VARCHAR2(20 BYTE), 
	"NURSEID" NUMBER(*,0), 
	"ROOMID" VARCHAR2(20 BYTE), 
	"STARTDATE_TIME" TIMESTAMP (6), 
	"ENDDATE_TIME" TIMESTAMP (6)
   ) SEGMENT CREATION IMMEDIATE 
  PCTFREE 10 PCTUSED 40 INITRANS 1 MAXTRANS 255 
 NOCOMPRESS LOGGING
  STORAGE(INITIAL 65536 NEXT 1048576 MINEXTENTS 1 MAXEXTENTS 2147483645
  PCTINCREASE 0 FREELISTS 1 FREELIST GROUPS 1
  BUFFER_POOL DEFAULT FLASH_CACHE DEFAULT CELL_FLASH_CACHE DEFAULT)
  TABLESPACE "USERS" ;
--------------------------------------------------------
--  DDL for Table NURSE
--------------------------------------------------------

  CREATE TABLE "HOSPITAL"."NURSE" 
   (	"NURSEID" NUMBER(*,0), 
	"NURSEFNAME" VARCHAR2(30 BYTE), 
	"NURSELNAME" VARCHAR2(30 BYTE), 
	"DEPTID" VARCHAR2(20 BYTE), 
	"SHIFTID" NUMBER(*,0), 
	"DOB" DATE
   ) SEGMENT CREATION IMMEDIATE 
  PCTFREE 10 PCTUSED 40 INITRANS 1 MAXTRANS 255 
 NOCOMPRESS LOGGING
  STORAGE(INITIAL 65536 NEXT 1048576 MINEXTENTS 1 MAXEXTENTS 2147483645
  PCTINCREASE 0 FREELISTS 1 FREELIST GROUPS 1
  BUFFER_POOL DEFAULT FLASH_CACHE DEFAULT CELL_FLASH_CACHE DEFAULT)
  TABLESPACE "USERS" ;
--------------------------------------------------------
--  DDL for Table DOCDEPT
--------------------------------------------------------

  CREATE TABLE "HOSPITAL"."DOCDEPT" 
   (	"DEPTID" VARCHAR2(20 BYTE), 
	"DOCTORID" NUMBER(*,0)
   ) SEGMENT CREATION IMMEDIATE 
  PCTFREE 10 PCTUSED 40 INITRANS 1 MAXTRANS 255 
 NOCOMPRESS LOGGING
  STORAGE(INITIAL 65536 NEXT 1048576 MINEXTENTS 1 MAXEXTENTS 2147483645
  PCTINCREASE 0 FREELISTS 1 FREELIST GROUPS 1
  BUFFER_POOL DEFAULT FLASH_CACHE DEFAULT CELL_FLASH_CACHE DEFAULT)
  TABLESPACE "USERS" ;
--------------------------------------------------------
--  DDL for Table HOSPITALSTAFF
--------------------------------------------------------

  CREATE TABLE "HOSPITAL"."HOSPITALSTAFF" 
   (	"STAFFID" VARCHAR2(20 BYTE), 
	"STAFFFNAME" VARCHAR2(30 BYTE), 
	"STAFFLNAME" VARCHAR2(30 BYTE), 
	"SDOB" DATE, 
	"SSSN" VARCHAR2(15 BYTE), 
	"SHIFTID" NUMBER(*,0)
   ) SEGMENT CREATION IMMEDIATE 
  PCTFREE 10 PCTUSED 40 INITRANS 1 MAXTRANS 255 
 NOCOMPRESS LOGGING
  STORAGE(INITIAL 65536 NEXT 1048576 MINEXTENTS 1 MAXEXTENTS 2147483645
  PCTINCREASE 0 FREELISTS 1 FREELIST GROUPS 1
  BUFFER_POOL DEFAULT FLASH_CACHE DEFAULT CELL_FLASH_CACHE DEFAULT)
  TABLESPACE "USERS" ;
--------------------------------------------------------
--  DDL for Table PROCEDUREDOC
--------------------------------------------------------

  CREATE TABLE "HOSPITAL"."PROCEDUREDOC" 
   (	"DOCTORID" NUMBER(*,0), 
	"PROCEDUREID" NUMBER(*,0)
   ) SEGMENT CREATION IMMEDIATE 
  PCTFREE 10 PCTUSED 40 INITRANS 1 MAXTRANS 255 
 NOCOMPRESS LOGGING
  STORAGE(INITIAL 65536 NEXT 1048576 MINEXTENTS 1 MAXEXTENTS 2147483645
  PCTINCREASE 0 FREELISTS 1 FREELIST GROUPS 1
  BUFFER_POOL DEFAULT FLASH_CACHE DEFAULT CELL_FLASH_CACHE DEFAULT)
  TABLESPACE "USERS" ;
--------------------------------------------------------
--  DDL for Table ROOMS
--------------------------------------------------------

  CREATE TABLE "HOSPITAL"."ROOMS" 
   (	"ROOMID" VARCHAR2(20 BYTE), 
	"ROOMTYPEID" VARCHAR2(30 BYTE), 
	"ROOMLOCATION" VARCHAR2(30 BYTE), 
	"AVAILABILITY" VARCHAR2(30 BYTE)
   ) SEGMENT CREATION IMMEDIATE 
  PCTFREE 10 PCTUSED 40 INITRANS 1 MAXTRANS 255 
 NOCOMPRESS LOGGING
  STORAGE(INITIAL 65536 NEXT 1048576 MINEXTENTS 1 MAXEXTENTS 2147483645
  PCTINCREASE 0 FREELISTS 1 FREELIST GROUPS 1
  BUFFER_POOL DEFAULT FLASH_CACHE DEFAULT CELL_FLASH_CACHE DEFAULT)
  TABLESPACE "USERS" ;
--------------------------------------------------------
--  DDL for View EMERGENCY
--------------------------------------------------------

  CREATE OR REPLACE FORCE NONEDITIONABLE VIEW "HOSPITAL"."EMERGENCY" ("FIRSTNAME", "LASTNAME", "PHONE", "PROCEDURE", "START_DT", "END_DT", "DIAGNOSIS", "TESTNAME") AS 
  SELECT PATIENT.firstname,PATIENT.Lastname,PATIENT.phone, 
procedure.pname as procedure, procedure.STARTDATE_TIME as start_dt, procedure.ENDDATE_TIME as end_dt, appointment.diagnosis, labtest.testname
FROM patient
inner join PATIENTPROCEDURE on patient.patientid = patientprocedure.patientid
inner join procedure on procedure.PROCEDUREID = patientprocedure.PROCEDUREID
inner join procedure on procedure.PROCEDUREID = patientprocedure.PROCEDUREID
inner join procedure on procedure.PROCEDUREID = patientprocedure.PROCEDUREID
inner join appointment on appointment.patientid = patient.patientid
inner join APPOINTMENTLAB on APPOINTMENTLAB.aid = appointment.aid
inner join labtest on labtest.LABTESTID = APPOINTMENTLAB.LABTESTID
where procedure.pname = 'emergency Room' order by PATIENT.firstname
;
--------------------------------------------------------
--  DDL for View PATIENTRECORDS
--------------------------------------------------------

  CREATE OR REPLACE FORCE NONEDITIONABLE VIEW "HOSPITAL"."PATIENTRECORDS" ("FIRSTNAME", "LASTNAME", "PHONE", "PROCEDURE", "START_DT", "END_DT", "DIAGNOSIS", "TESTNAME") AS 
  SELECT PATIENT.firstname,PATIENT.Lastname,PATIENT.phone, 
procedure.pname as procedure, procedure.STARTDATE_TIME as start_dt, procedure.ENDDATE_TIME as end_dt, appointment.diagnosis, labtest.testname
FROM patient
inner join PATIENTPROCEDURE on patient.patientid = patientprocedure.patientid
inner join procedure on procedure.PROCEDUREID = patientprocedure.PROCEDUREID
inner join procedure on procedure.PROCEDUREID = patientprocedure.PROCEDUREID
inner join procedure on procedure.PROCEDUREID = patientprocedure.PROCEDUREID
inner join appointment on appointment.patientid = patient.patientid
inner join APPOINTMENTLAB on APPOINTMENTLAB.aid = appointment.aid
inner join labtest on labtest.LABTESTID = APPOINTMENTLAB.LABTESTID
;
REM INSERTING into HOSPITAL.NURSE
SET DEFINE OFF;
Insert into HOSPITAL.NURSE (NURSEID,NURSEFNAME,NURSELNAME,DEPTID,SHIFTID,DOB) values (1,'Lady Harriet ','Acland ','D015',3,to_date('14-MAY-93','DD-MON-RR'));
Insert into HOSPITAL.NURSE (NURSEID,NURSEFNAME,NURSELNAME,DEPTID,SHIFTID,DOB) values (2,'Haleh  ','Adams ','D019',1,to_date('11-MAR-99','DD-MON-RR'));
Insert into HOSPITAL.NURSE (NURSEID,NURSEFNAME,NURSELNAME,DEPTID,SHIFTID,DOB) values (3,'Terri ','Alden ','D012',2,to_date('01-APR-85','DD-MON-RR'));
Insert into HOSPITAL.NURSE (NURSEID,NURSEFNAME,NURSELNAME,DEPTID,SHIFTID,DOB) values (4,'Mikuru ','Asahina  ','D008',3,to_date('28-FEB-87','DD-MON-RR'));
Insert into HOSPITAL.NURSE (NURSEID,NURSEFNAME,NURSELNAME,DEPTID,SHIFTID,DOB) values (5,'Sue','Barton ','D010',2,to_date('02-JAN-90','DD-MON-RR'));
Insert into HOSPITAL.NURSE (NURSEID,NURSEFNAME,NURSELNAME,DEPTID,SHIFTID,DOB) values (6,'Nisha','Batra  ','D015',1,to_date('09-DEC-82','DD-MON-RR'));
Insert into HOSPITAL.NURSE (NURSEID,NURSEFNAME,NURSELNAME,DEPTID,SHIFTID,DOB) values (7,'Hillary  ','Bauer','D019',2,to_date('30-NOV-91','DD-MON-RR'));
Insert into HOSPITAL.NURSE (NURSEID,NURSEFNAME,NURSELNAME,DEPTID,SHIFTID,DOB) values (8,'Dee ','Bliss ','D025',3,to_date('12-OCT-81','DD-MON-RR'));
Insert into HOSPITAL.NURSE (NURSEID,NURSEFNAME,NURSELNAME,DEPTID,SHIFTID,DOB) values (9,'Jana','Brandner  ','D017',2,to_date('29-SEP-89','DD-MON-RR'));
Insert into HOSPITAL.NURSE (NURSEID,NURSEFNAME,NURSELNAME,DEPTID,SHIFTID,DOB) values (10,'Kim  ','Butterfield','D003',2,to_date('24-AUG-94','DD-MON-RR'));
Insert into HOSPITAL.NURSE (NURSEID,NURSEFNAME,NURSELNAME,DEPTID,SHIFTID,DOB) values (11,'Lindsey ','Butterfield ','D021',3,to_date('16-JUL-92','DD-MON-RR'));
Insert into HOSPITAL.NURSE (NURSEID,NURSEFNAME,NURSELNAME,DEPTID,SHIFTID,DOB) values (12,'Caroline ','Buxton ','D003',2,to_date('27-JUN-83','DD-MON-RR'));
Insert into HOSPITAL.NURSE (NURSEID,NURSEFNAME,NURSELNAME,DEPTID,SHIFTID,DOB) values (13,'Christine','Chapel ','D017',3,to_date('31-MAY-86','DD-MON-RR'));
Insert into HOSPITAL.NURSE (NURSEID,NURSEFNAME,NURSELNAME,DEPTID,SHIFTID,DOB) values (14,'Malma','Chaudury ','D002',2,to_date('17-APR-88','DD-MON-RR'));
Insert into HOSPITAL.NURSE (NURSEID,NURSEFNAME,NURSELNAME,DEPTID,SHIFTID,DOB) values (15,'Kirsty','Clements ','D012',1,to_date('01-MAR-84','DD-MON-RR'));
Insert into HOSPITAL.NURSE (NURSEID,NURSEFNAME,NURSELNAME,DEPTID,SHIFTID,DOB) values (16,'Scarlett','Conway ','D024',2,to_date('11-JAN-91','DD-MON-RR'));
Insert into HOSPITAL.NURSE (NURSEID,NURSEFNAME,NURSELNAME,DEPTID,SHIFTID,DOB) values (17,'Nurse','Cramer ','D023',2,to_date('22-DEC-89','DD-MON-RR'));
Insert into HOSPITAL.NURSE (NURSEID,NURSEFNAME,NURSELNAME,DEPTID,SHIFTID,DOB) values (18,'Nadine','Crowell ','D010',2,to_date('03-NOV-92','DD-MON-RR'));
Insert into HOSPITAL.NURSE (NURSEID,NURSEFNAME,NURSELNAME,DEPTID,SHIFTID,DOB) values (19,'Ellen','Crozier ','D012',1,to_date('25-OCT-82','DD-MON-RR'));
Insert into HOSPITAL.NURSE (NURSEID,NURSEFNAME,NURSELNAME,DEPTID,SHIFTID,DOB) values (20,'Shirley','Daniels ','D019',1,to_date('15-SEP-93','DD-MON-RR'));
Insert into HOSPITAL.NURSE (NURSEID,NURSEFNAME,NURSELNAME,DEPTID,SHIFTID,DOB) values (21,'Nurse','Duckett ','D019',2,to_date('06-AUG-87','DD-MON-RR'));
Insert into HOSPITAL.NURSE (NURSEID,NURSEFNAME,NURSELNAME,DEPTID,SHIFTID,DOB) values (22,'Lisa','Duffy','D023',1,to_date('04-JUL-85','DD-MON-RR'));
Insert into HOSPITAL.NURSE (NURSEID,NURSEFNAME,NURSELNAME,DEPTID,SHIFTID,DOB) values (23,'Madiha','Durrani ','D009',1,to_date('14-JUN-88','DD-MON-RR'));
Insert into HOSPITAL.NURSE (NURSEID,NURSEFNAME,NURSELNAME,DEPTID,SHIFTID,DOB) values (24,'Annie','Dutton ','D024',3,to_date('02-MAY-86','DD-MON-RR'));
Insert into HOSPITAL.NURSE (NURSEID,NURSEFNAME,NURSELNAME,DEPTID,SHIFTID,DOB) values (25,'Eliza','Hardy ','D001',3,to_date('11-APR-93','DD-MON-RR'));
Insert into HOSPITAL.NURSE (NURSEID,NURSEFNAME,NURSELNAME,DEPTID,SHIFTID,DOB) values (26,'Carla','Espinosa ','D015',3,to_date('24-MAR-84','DD-MON-RR'));
Insert into HOSPITAL.NURSE (NURSEID,NURSEFNAME,NURSELNAME,DEPTID,SHIFTID,DOB) values (27,'Charlie','Fairhead','D022',3,to_date('16-FEB-87','DD-MON-RR'));
Insert into HOSPITAL.NURSE (NURSEID,NURSEFNAME,NURSELNAME,DEPTID,SHIFTID,DOB) values (28,'Fanny ','Focker','D024',1,to_date('27-JAN-85','DD-MON-RR'));
Insert into HOSPITAL.NURSE (NURSEID,NURSEFNAME,NURSELNAME,DEPTID,SHIFTID,DOB) values (29,'Gaylord','Greg','D016',3,to_date('31-DEC-82','DD-MON-RR'));
Insert into HOSPITAL.NURSE (NURSEID,NURSEFNAME,NURSELNAME,DEPTID,SHIFTID,DOB) values (30,'Kitty','Forman ','D021',2,to_date('19-NOV-86','DD-MON-RR'));
Insert into HOSPITAL.NURSE (NURSEID,NURSEFNAME,NURSELNAME,DEPTID,SHIFTID,DOB) values (31,'Jane','Foster','D024',2,to_date('28-OCT-91','DD-MON-RR'));
Insert into HOSPITAL.NURSE (NURSEID,NURSEFNAME,NURSELNAME,DEPTID,SHIFTID,DOB) values (32,'Sonia','Fowler ','D012',1,to_date('01-OCT-84','DD-MON-RR'));
Insert into HOSPITAL.NURSE (NURSEID,NURSEFNAME,NURSELNAME,DEPTID,SHIFTID,DOB) values (33,'Lisa','Garland','D015',2,to_date('11-SEP-94','DD-MON-RR'));
Insert into HOSPITAL.NURSE (NURSEID,NURSEFNAME,NURSELNAME,DEPTID,SHIFTID,DOB) values (34,'Audrey','March','D022',2,to_date('21-AUG-82','DD-MON-RR'));
Insert into HOSPITAL.NURSE (NURSEID,NURSEFNAME,NURSELNAME,DEPTID,SHIFTID,DOB) values (35,'Haruhara','Haruko','D004',1,to_date('23-JUL-87','DD-MON-RR'));
Insert into HOSPITAL.NURSE (NURSEID,NURSEFNAME,NURSELNAME,DEPTID,SHIFTID,DOB) values (36,'Ruby','Haswell ','D020',2,to_date('30-JUN-93','DD-MON-RR'));
Insert into HOSPITAL.NURSE (NURSEID,NURSEFNAME,NURSELNAME,DEPTID,SHIFTID,DOB) values (37,'Carol','Hathaway ','D010',1,to_date('03-JUN-85','DD-MON-RR'));
Insert into HOSPITAL.NURSE (NURSEID,NURSEFNAME,NURSELNAME,DEPTID,SHIFTID,DOB) values (38,'Hello','Nurse ','D018',1,to_date('09-MAY-92','DD-MON-RR'));
Insert into HOSPITAL.NURSE (NURSEID,NURSEFNAME,NURSELNAME,DEPTID,SHIFTID,DOB) values (39,'David','Hide ','D017',1,to_date('22-APR-81','DD-MON-RR'));
Insert into HOSPITAL.NURSE (NURSEID,NURSEFNAME,NURSELNAME,DEPTID,SHIFTID,DOB) values (40,'Marie','Horton ','D009',1,to_date('07-APR-89','DD-MON-RR'));
Insert into HOSPITAL.NURSE (NURSEID,NURSEFNAME,NURSELNAME,DEPTID,SHIFTID,DOB) values (41,'Margaret','Lucifer','D025',3,to_date('18-MAR-86','DD-MON-RR'));
Insert into HOSPITAL.NURSE (NURSEID,NURSEFNAME,NURSELNAME,DEPTID,SHIFTID,DOB) values (42,'Lily','Jarvik ','D019',1,to_date('28-FEB-84','DD-MON-RR'));
Insert into HOSPITAL.NURSE (NURSEID,NURSEFNAME,NURSELNAME,DEPTID,SHIFTID,DOB) values (43,'Maia','Jeffries ','D022',1,to_date('11-FEB-88','DD-MON-RR'));
Insert into HOSPITAL.NURSE (NURSEID,NURSEFNAME,NURSELNAME,DEPTID,SHIFTID,DOB) values (44,'Tania','Jeffries ','D016',1,to_date('24-JAN-92','DD-MON-RR'));
Insert into HOSPITAL.NURSE (NURSEID,NURSEFNAME,NURSELNAME,DEPTID,SHIFTID,DOB) values (45,'Epiphany','Johnson ','D021',1,to_date('10-JAN-81','DD-MON-RR'));
Insert into HOSPITAL.NURSE (NURSEID,NURSEFNAME,NURSELNAME,DEPTID,SHIFTID,DOB) values (46,'Nurse','Joy ','D009',3,to_date('12-DEC-87','DD-MON-RR'));
Insert into HOSPITAL.NURSE (NURSEID,NURSEFNAME,NURSELNAME,DEPTID,SHIFTID,DOB) values (47,'Naomi','Julien ','D001',1,to_date('22-NOV-89','DD-MON-RR'));
Insert into HOSPITAL.NURSE (NURSEID,NURSEFNAME,NURSELNAME,DEPTID,SHIFTID,DOB) values (48,'Meena','Jutla ','D001',3,to_date('07-NOV-83','DD-MON-RR'));
Insert into HOSPITAL.NURSE (NURSEID,NURSEFNAME,NURSELNAME,DEPTID,SHIFTID,DOB) values (49,'Asuna','Karino ','D011',3,to_date('20-OCT-91','DD-MON-RR'));
Insert into HOSPITAL.NURSE (NURSEID,NURSEFNAME,NURSELNAME,DEPTID,SHIFTID,DOB) values (50,'Maria','Kendall ','D010',1,to_date('26-SEP-82','DD-MON-RR'));
Insert into HOSPITAL.NURSE (NURSEID,NURSEFNAME,NURSELNAME,DEPTID,SHIFTID,DOB) values (51,'Katya','Kinski ','D023',1,to_date('10-SEP-93','DD-MON-RR'));
Insert into HOSPITAL.NURSE (NURSEID,NURSEFNAME,NURSELNAME,DEPTID,SHIFTID,DOB) values (52,'Marty','Kirkby ','D019',2,to_date('29-AUG-91','DD-MON-RR'));
Insert into HOSPITAL.NURSE (NURSEID,NURSEFNAME,NURSELNAME,DEPTID,SHIFTID,DOB) values (53,'Vinnie','Kruse ','D003',3,to_date('14-AUG-84','DD-MON-RR'));
Insert into HOSPITAL.NURSE (NURSEID,NURSEFNAME,NURSELNAME,DEPTID,SHIFTID,DOB) values (54,'Ayesha','Lee ','D015',3,to_date('24-JUL-85','DD-MON-RR'));
Insert into HOSPITAL.NURSE (NURSEID,NURSEFNAME,NURSELNAME,DEPTID,SHIFTID,DOB) values (55,'Abby','Lockhart ','D007',1,to_date('11-JUL-88','DD-MON-RR'));
Insert into HOSPITAL.NURSE (NURSEID,NURSEFNAME,NURSELNAME,DEPTID,SHIFTID,DOB) values (56,'Peri','Lomax ','D013',2,to_date('21-JUN-89','DD-MON-RR'));
Insert into HOSPITAL.NURSE (NURSEID,NURSEFNAME,NURSELNAME,DEPTID,SHIFTID,DOB) values (57,'Tegan','Lomax ','D017',3,to_date('06-JUN-81','DD-MON-RR'));
Insert into HOSPITAL.NURSE (NURSEID,NURSEFNAME,NURSELNAME,DEPTID,SHIFTID,DOB) values (58,'Jade','Lovall ','D020',1,to_date('17-MAY-87','DD-MON-RR'));
Insert into HOSPITAL.NURSE (NURSEID,NURSEFNAME,NURSELNAME,DEPTID,SHIFTID,DOB) values (59,'Chuny','Marquez ','D004',2,to_date('29-APR-92','DD-MON-RR'));
Insert into HOSPITAL.NURSE (NURSEID,NURSEFNAME,NURSELNAME,DEPTID,SHIFTID,DOB) values (60,'Jacob','Masters ','D005',3,to_date('14-APR-85','DD-MON-RR'));
Insert into HOSPITAL.NURSE (NURSEID,NURSEFNAME,NURSELNAME,DEPTID,SHIFTID,DOB) values (61,'Malik','McGrath','D003',1,to_date('31-MAR-86','DD-MON-RR'));
Insert into HOSPITAL.NURSE (NURSEID,NURSEFNAME,NURSELNAME,DEPTID,SHIFTID,DOB) values (62,'Luca','McIntyre ','D012',2,to_date('16-MAR-88','DD-MON-RR'));
Insert into HOSPITAL.NURSE (NURSEID,NURSEFNAME,NURSELNAME,DEPTID,SHIFTID,DOB) values (63,'Celine','McQueen ','D018',3,to_date('28-FEB-91','DD-MON-RR'));
Insert into HOSPITAL.NURSE (NURSEID,NURSEFNAME,NURSELNAME,DEPTID,SHIFTID,DOB) values (64,'Cleo','McQueen ','D012',2,to_date('13-FEB-84','DD-MON-RR'));
Insert into HOSPITAL.NURSE (NURSEID,NURSEFNAME,NURSELNAME,DEPTID,SHIFTID,DOB) values (65,'Robyn','Miller ','D024',1,to_date('26-JAN-93','DD-MON-RR'));
Insert into HOSPITAL.NURSE (NURSEID,NURSEFNAME,NURSELNAME,DEPTID,SHIFTID,DOB) values (66,'Steve','Mills ','D018',1,to_date('11-JAN-85','DD-MON-RR'));
Insert into HOSPITAL.NURSE (NURSEID,NURSEFNAME,NURSELNAME,DEPTID,SHIFTID,DOB) values (67,'Faye','Morton ','D023',2,to_date('28-DEC-87','DD-MON-RR'));
Insert into HOSPITAL.NURSE (NURSEID,NURSEFNAME,NURSELNAME,DEPTID,SHIFTID,DOB) values (68,'Nanako','Frace','D010',2,to_date('13-DEC-82','DD-MON-RR'));
Insert into HOSPITAL.NURSE (NURSEID,NURSEFNAME,NURSELNAME,DEPTID,SHIFTID,DOB) values (69,'Bryan','Nolan ','D022',2,to_date('29-NOV-86','DD-MON-RR'));
Insert into HOSPITAL.NURSE (NURSEID,NURSEFNAME,NURSELNAME,DEPTID,SHIFTID,DOB) values (70,'Lynsey','Nolan ','D013',3,to_date('14-NOV-91','DD-MON-RR'));
Insert into HOSPITAL.NURSE (NURSEID,NURSEFNAME,NURSELNAME,DEPTID,SHIFTID,DOB) values (71,'Alyssa','Ogawa ','D019',3,to_date('31-OCT-84','DD-MON-RR'));
Insert into HOSPITAL.NURSE (NURSEID,NURSEFNAME,NURSELNAME,DEPTID,SHIFTID,DOB) values (72,'Lucy','Papandrao ','D005',3,to_date('16-OCT-93','DD-MON-RR'));
Insert into HOSPITAL.NURSE (NURSEID,NURSEFNAME,NURSELNAME,DEPTID,SHIFTID,DOB) values (73,'Tom','Paris ','D019',3,to_date('28-SEP-82','DD-MON-RR'));
Insert into HOSPITAL.NURSE (NURSEID,NURSEFNAME,NURSELNAME,DEPTID,SHIFTID,DOB) values (74,'Ann','Perkins ','D020',2,to_date('13-SEP-87','DD-MON-RR'));
Insert into HOSPITAL.NURSE (NURSEID,NURSEFNAME,NURSELNAME,DEPTID,SHIFTID,DOB) values (75,'Peter','Petrelli ','D011',2,to_date('24-AUG-89','DD-MON-RR'));
Insert into HOSPITAL.NURSE (NURSEID,NURSEFNAME,NURSELNAME,DEPTID,SHIFTID,DOB) values (76,'Nina','Pickering ','D003',1,to_date('09-AUG-94','DD-MON-RR'));
Insert into HOSPITAL.NURSE (NURSEID,NURSEFNAME,NURSELNAME,DEPTID,SHIFTID,DOB) values (77,'Pinoko ','Latin','D011',2,to_date('31-JUL-85','DD-MON-RR'));
Insert into HOSPITAL.NURSE (NURSEID,NURSEFNAME,NURSELNAME,DEPTID,SHIFTID,DOB) values (78,'Poppy','Pomfrey ','D007',1,to_date('16-JUL-88','DD-MON-RR'));
Insert into HOSPITAL.NURSE (NURSEID,NURSEFNAME,NURSELNAME,DEPTID,SHIFTID,DOB) values (79,'Tiffany','Pratt ','D021',3,to_date('01-JUL-84','DD-MON-RR'));
Insert into HOSPITAL.NURSE (NURSEID,NURSEFNAME,NURSELNAME,DEPTID,SHIFTID,DOB) values (80,'Nurse','Ratched','D019',2,to_date('16-JUN-87','DD-MON-RR'));
Insert into HOSPITAL.NURSE (NURSEID,NURSEFNAME,NURSELNAME,DEPTID,SHIFTID,DOB) values (81,'Mildred','Ratched ','D017',1,to_date('01-JUN-90','DD-MON-RR'));
Insert into HOSPITAL.NURSE (NURSEID,NURSEFNAME,NURSELNAME,DEPTID,SHIFTID,DOB) values (82,'Megan','Roach ','D021',3,to_date('17-MAY-85','DD-MON-RR'));
Insert into HOSPITAL.NURSE (NURSEID,NURSEFNAME,NURSELNAME,DEPTID,SHIFTID,DOB) values (83,'Laverne','Roberts ','D022',1,to_date('01-MAY-86','DD-MON-RR'));
Insert into HOSPITAL.NURSE (NURSEID,NURSEFNAME,NURSELNAME,DEPTID,SHIFTID,DOB) values (84,'Selina','Roberts ','D012',1,to_date('16-APR-92','DD-MON-RR'));
Insert into HOSPITAL.NURSE (NURSEID,NURSEFNAME,NURSELNAME,DEPTID,SHIFTID,DOB) values (85,'Tina','Seabrook ','D006',3,to_date('31-MAR-87','DD-MON-RR'));
Insert into HOSPITAL.NURSE (NURSEID,NURSEFNAME,NURSELNAME,DEPTID,SHIFTID,DOB) values (86,'Peggy','Shotwell ','D019',3,to_date('16-MAR-84','DD-MON-RR'));
Insert into HOSPITAL.NURSE (NURSEID,NURSEFNAME,NURSELNAME,DEPTID,SHIFTID,DOB) values (87,'Zac','Smith ','D006',3,to_date('29-FEB-88','DD-MON-RR'));
Insert into HOSPITAL.NURSE (NURSEID,NURSEFNAME,NURSELNAME,DEPTID,SHIFTID,DOB) values (88,'Bobbie','Spencer ','D017',1,to_date('14-FEB-91','DD-MON-RR'));
Insert into HOSPITAL.NURSE (NURSEID,NURSEFNAME,NURSELNAME,DEPTID,SHIFTID,DOB) values (89,'Rita','Stapleton','D019',1,to_date('31-JAN-85','DD-MON-RR'));
Insert into HOSPITAL.NURSE (NURSEID,NURSEFNAME,NURSELNAME,DEPTID,SHIFTID,DOB) values (90,'Samantha','Taggart ','D015',2,to_date('16-JAN-93','DD-MON-RR'));
Insert into HOSPITAL.NURSE (NURSEID,NURSEFNAME,NURSELNAME,DEPTID,SHIFTID,DOB) values (91,'Claire','Temple ','D002',2,to_date('31-DEC-85','DD-MON-RR'));
Insert into HOSPITAL.NURSE (NURSEID,NURSEFNAME,NURSELNAME,DEPTID,SHIFTID,DOB) values (92,'Mikan','Tsumiki ','D010',1,to_date('16-DEC-89','DD-MON-RR'));
Insert into HOSPITAL.NURSE (NURSEID,NURSEFNAME,NURSELNAME,DEPTID,SHIFTID,DOB) values (93,'Toni','Warner ','D001',2,to_date('01-DEC-82','DD-MON-RR'));
Insert into HOSPITAL.NURSE (NURSEID,NURSEFNAME,NURSELNAME,DEPTID,SHIFTID,DOB) values (94,'Elizabeth','Webber ','D003',2,to_date('16-NOV-86','DD-MON-RR'));
Insert into HOSPITAL.NURSE (NURSEID,NURSEFNAME,NURSELNAME,DEPTID,SHIFTID,DOB) values (95,'Chrissie','Williams ','D013',1,to_date('01-NOV-88','DD-MON-RR'));
Insert into HOSPITAL.NURSE (NURSEID,NURSEFNAME,NURSELNAME,DEPTID,SHIFTID,DOB) values (96,'Rory','Williams ','D022',2,to_date('17-OCT-92','DD-MON-RR'));
Insert into HOSPITAL.NURSE (NURSEID,NURSEFNAME,NURSELNAME,DEPTID,SHIFTID,DOB) values (97,'Lydia','Wright ','D003',3,to_date('02-OCT-83','DD-MON-RR'));
Insert into HOSPITAL.NURSE (NURSEID,NURSEFNAME,NURSELNAME,DEPTID,SHIFTID,DOB) values (98,'Mary','Alice','D025',3,to_date('17-SEP-85','DD-MON-RR'));
Insert into HOSPITAL.NURSE (NURSEID,NURSEFNAME,NURSELNAME,DEPTID,SHIFTID,DOB) values (99,'Saint','Alda ','D017',3,to_date('02-SEP-89','DD-MON-RR'));
Insert into HOSPITAL.NURSE (NURSEID,NURSEFNAME,NURSELNAME,DEPTID,SHIFTID,DOB) values (100,'Allen','Allensworth','D011',1,to_date('18-AUG-87','DD-MON-RR'));
REM INSERTING into HOSPITAL.APPOINTMENT
SET DEFINE OFF;
Insert into HOSPITAL.APPOINTMENT (AID,PATIENTID,DOCTORID,ROOMID,DIAGNOSIS,STARTDATE_TIME,ENDDATE_TIME) values (271,130,26,'R225',' Epstein-Barr Virus',to_timestamp('23-JUL-22 12.11.14.000000000 AM','DD-MON-RR HH.MI.SSXFF AM'),to_timestamp('24-JUL-22 12.11.14.000000000 AM','DD-MON-RR HH.MI.SSXFF AM'));
Insert into HOSPITAL.APPOINTMENT (AID,PATIENTID,DOCTORID,ROOMID,DIAGNOSIS,STARTDATE_TIME,ENDDATE_TIME) values (272,129,6,'R226',' Giardiasis',to_timestamp('02-JUL-22 06.29.46.000000000 AM','DD-MON-RR HH.MI.SSXFF AM'),to_timestamp('03-JUL-22 06.29.46.000000000 AM','DD-MON-RR HH.MI.SSXFF AM'));
Insert into HOSPITAL.APPOINTMENT (AID,PATIENTID,DOCTORID,ROOMID,DIAGNOSIS,STARTDATE_TIME,ENDDATE_TIME) values (273,128,39,'R327',' Gonorrhea',to_timestamp('16-MAR-22 03.13.12.000000000 AM','DD-MON-RR HH.MI.SSXFF AM'),to_timestamp('17-MAR-22 03.13.12.000000000 AM','DD-MON-RR HH.MI.SSXFF AM'));
Insert into HOSPITAL.APPOINTMENT (AID,PATIENTID,DOCTORID,ROOMID,DIAGNOSIS,STARTDATE_TIME,ENDDATE_TIME) values (274,127,34,'R328',' Haemophilus influenzae',to_timestamp('04-JUL-22 06.06.41.000000000 AM','DD-MON-RR HH.MI.SSXFF AM'),to_timestamp('05-JUL-22 06.06.41.000000000 AM','DD-MON-RR HH.MI.SSXFF AM'));
Insert into HOSPITAL.APPOINTMENT (AID,PATIENTID,DOCTORID,ROOMID,DIAGNOSIS,STARTDATE_TIME,ENDDATE_TIME) values (275,126,8,'R329',' Hepatitis A',to_timestamp('14-JAN-22 10.01.26.000000000 PM','DD-MON-RR HH.MI.SSXFF AM'),to_timestamp('15-JAN-22 10.01.26.000000000 PM','DD-MON-RR HH.MI.SSXFF AM'));
Insert into HOSPITAL.APPOINTMENT (AID,PATIENTID,DOCTORID,ROOMID,DIAGNOSIS,STARTDATE_TIME,ENDDATE_TIME) values (276,125,47,'R330',' Hepatitis B',to_timestamp('26-JUL-22 05.52.24.000000000 AM','DD-MON-RR HH.MI.SSXFF AM'),to_timestamp('27-JUL-22 05.52.24.000000000 AM','DD-MON-RR HH.MI.SSXFF AM'));
Insert into HOSPITAL.APPOINTMENT (AID,PATIENTID,DOCTORID,ROOMID,DIAGNOSIS,STARTDATE_TIME,ENDDATE_TIME) values (277,124,21,'R331',' Hepatitis C',to_timestamp('26-JUL-22 03.29.53.000000000 PM','DD-MON-RR HH.MI.SSXFF AM'),to_timestamp('27-JUL-22 03.29.53.000000000 PM','DD-MON-RR HH.MI.SSXFF AM'));
Insert into HOSPITAL.APPOINTMENT (AID,PATIENTID,DOCTORID,ROOMID,DIAGNOSIS,STARTDATE_TIME,ENDDATE_TIME) values (278,123,3,'R332',' Hepatitis D',to_timestamp('01-MAR-22 01.59.49.000000000 AM','DD-MON-RR HH.MI.SSXFF AM'),to_timestamp('02-MAR-22 01.59.49.000000000 AM','DD-MON-RR HH.MI.SSXFF AM'));
Insert into HOSPITAL.APPOINTMENT (AID,PATIENTID,DOCTORID,ROOMID,DIAGNOSIS,STARTDATE_TIME,ENDDATE_TIME) values (279,122,6,'R333',' Hepatitis E',to_timestamp('05-JUN-22 12.54.11.000000000 PM','DD-MON-RR HH.MI.SSXFF AM'),to_timestamp('06-JUN-22 12.54.11.000000000 PM','DD-MON-RR HH.MI.SSXFF AM'));
Insert into HOSPITAL.APPOINTMENT (AID,PATIENTID,DOCTORID,ROOMID,DIAGNOSIS,STARTDATE_TIME,ENDDATE_TIME) values (280,121,47,'R334',' Herpes simplex virus',to_timestamp('24-APR-22 07.09.30.000000000 AM','DD-MON-RR HH.MI.SSXFF AM'),to_timestamp('25-APR-22 07.09.30.000000000 AM','DD-MON-RR HH.MI.SSXFF AM'));
Insert into HOSPITAL.APPOINTMENT (AID,PATIENTID,DOCTORID,ROOMID,DIAGNOSIS,STARTDATE_TIME,ENDDATE_TIME) values (281,120,7,'R335',' HIV',to_timestamp('10-FEB-22 02.27.55.000000000 AM','DD-MON-RR HH.MI.SSXFF AM'),to_timestamp('11-FEB-22 02.27.55.000000000 AM','DD-MON-RR HH.MI.SSXFF AM'));
Insert into HOSPITAL.APPOINTMENT (AID,PATIENTID,DOCTORID,ROOMID,DIAGNOSIS,STARTDATE_TIME,ENDDATE_TIME) values (282,119,3,'R336',' Human metapneumovirus',to_timestamp('30-SEP-22 08.30.58.000000000 AM','DD-MON-RR HH.MI.SSXFF AM'),to_timestamp('01-OCT-22 08.30.58.000000000 AM','DD-MON-RR HH.MI.SSXFF AM'));
Insert into HOSPITAL.APPOINTMENT (AID,PATIENTID,DOCTORID,ROOMID,DIAGNOSIS,STARTDATE_TIME,ENDDATE_TIME) values (283,118,14,'R337',' Human papillomavirus',to_timestamp('28-AUG-22 06.36.33.000000000 PM','DD-MON-RR HH.MI.SSXFF AM'),to_timestamp('29-AUG-22 06.36.33.000000000 PM','DD-MON-RR HH.MI.SSXFF AM'));
Insert into HOSPITAL.APPOINTMENT (AID,PATIENTID,DOCTORID,ROOMID,DIAGNOSIS,STARTDATE_TIME,ENDDATE_TIME) values (284,117,28,'R338',' Human parainfluenza virus',to_timestamp('28-AUG-22 09.08.58.000000000 PM','DD-MON-RR HH.MI.SSXFF AM'),to_timestamp('29-AUG-22 09.08.58.000000000 PM','DD-MON-RR HH.MI.SSXFF AM'));
Insert into HOSPITAL.APPOINTMENT (AID,PATIENTID,DOCTORID,ROOMID,DIAGNOSIS,STARTDATE_TIME,ENDDATE_TIME) values (285,116,25,'R339',' Human respiratory syncytial virus',to_timestamp('28-APR-22 09.33.12.000000000 AM','DD-MON-RR HH.MI.SSXFF AM'),to_timestamp('29-APR-22 09.33.12.000000000 AM','DD-MON-RR HH.MI.SSXFF AM'));
Insert into HOSPITAL.APPOINTMENT (AID,PATIENTID,DOCTORID,ROOMID,DIAGNOSIS,STARTDATE_TIME,ENDDATE_TIME) values (286,115,36,'R340',' Human T-lymphotropic virus',to_timestamp('22-JUN-22 05.58.18.000000000 PM','DD-MON-RR HH.MI.SSXFF AM'),to_timestamp('23-JUN-22 05.58.18.000000000 PM','DD-MON-RR HH.MI.SSXFF AM'));
Insert into HOSPITAL.APPOINTMENT (AID,PATIENTID,DOCTORID,ROOMID,DIAGNOSIS,STARTDATE_TIME,ENDDATE_TIME) values (287,114,40,'R341',' Legionella pneumophila',to_timestamp('30-SEP-22 10.43.39.000000000 AM','DD-MON-RR HH.MI.SSXFF AM'),to_timestamp('01-OCT-22 10.43.39.000000000 AM','DD-MON-RR HH.MI.SSXFF AM'));
Insert into HOSPITAL.APPOINTMENT (AID,PATIENTID,DOCTORID,ROOMID,DIAGNOSIS,STARTDATE_TIME,ENDDATE_TIME) values (288,113,22,'R101',' Leptospirosis',to_timestamp('18-JUL-22 01.06.01.000000000 PM','DD-MON-RR HH.MI.SSXFF AM'),to_timestamp('19-JUL-22 01.06.01.000000000 PM','DD-MON-RR HH.MI.SSXFF AM'));
Insert into HOSPITAL.APPOINTMENT (AID,PATIENTID,DOCTORID,ROOMID,DIAGNOSIS,STARTDATE_TIME,ENDDATE_TIME) values (289,112,38,'R102',' Listeriosis',to_timestamp('15-MAR-22 09.05.27.000000000 PM','DD-MON-RR HH.MI.SSXFF AM'),to_timestamp('16-MAR-22 09.05.27.000000000 PM','DD-MON-RR HH.MI.SSXFF AM'));
Insert into HOSPITAL.APPOINTMENT (AID,PATIENTID,DOCTORID,ROOMID,DIAGNOSIS,STARTDATE_TIME,ENDDATE_TIME) values (290,111,50,'R103',' Lyme disease',to_timestamp('28-JUN-22 06.46.46.000000000 AM','DD-MON-RR HH.MI.SSXFF AM'),to_timestamp('29-JUN-22 06.46.46.000000000 AM','DD-MON-RR HH.MI.SSXFF AM'));
Insert into HOSPITAL.APPOINTMENT (AID,PATIENTID,DOCTORID,ROOMID,DIAGNOSIS,STARTDATE_TIME,ENDDATE_TIME) values (291,110,28,'R104',' Measles',to_timestamp('15-FEB-22 10.57.23.000000000 AM','DD-MON-RR HH.MI.SSXFF AM'),to_timestamp('16-FEB-22 10.57.23.000000000 AM','DD-MON-RR HH.MI.SSXFF AM'));
Insert into HOSPITAL.APPOINTMENT (AID,PATIENTID,DOCTORID,ROOMID,DIAGNOSIS,STARTDATE_TIME,ENDDATE_TIME) values (292,109,25,'R105',' Meningitis',to_timestamp('15-MAR-22 04.36.51.000000000 PM','DD-MON-RR HH.MI.SSXFF AM'),to_timestamp('16-MAR-22 04.36.51.000000000 PM','DD-MON-RR HH.MI.SSXFF AM'));
Insert into HOSPITAL.APPOINTMENT (AID,PATIENTID,DOCTORID,ROOMID,DIAGNOSIS,STARTDATE_TIME,ENDDATE_TIME) values (293,108,25,'R206',' MRSA',to_timestamp('08-SEP-22 06.12.48.000000000 PM','DD-MON-RR HH.MI.SSXFF AM'),to_timestamp('09-SEP-22 06.12.48.000000000 PM','DD-MON-RR HH.MI.SSXFF AM'));
Insert into HOSPITAL.APPOINTMENT (AID,PATIENTID,DOCTORID,ROOMID,DIAGNOSIS,STARTDATE_TIME,ENDDATE_TIME) values (294,107,24,'R207',' Mycoplasma pneumoniae',to_timestamp('26-JUL-22 05.29.11.000000000 PM','DD-MON-RR HH.MI.SSXFF AM'),to_timestamp('27-JUL-22 05.29.11.000000000 PM','DD-MON-RR HH.MI.SSXFF AM'));
Insert into HOSPITAL.APPOINTMENT (AID,PATIENTID,DOCTORID,ROOMID,DIAGNOSIS,STARTDATE_TIME,ENDDATE_TIME) values (295,106,3,'R208',' Norovirus',to_timestamp('03-JUN-22 06.49.34.000000000 PM','DD-MON-RR HH.MI.SSXFF AM'),to_timestamp('04-JUN-22 06.49.34.000000000 PM','DD-MON-RR HH.MI.SSXFF AM'));
Insert into HOSPITAL.APPOINTMENT (AID,PATIENTID,DOCTORID,ROOMID,DIAGNOSIS,STARTDATE_TIME,ENDDATE_TIME) values (296,105,11,'R209',' N',to_timestamp('14-JUL-22 11.28.47.000000000 AM','DD-MON-RR HH.MI.SSXFF AM'),to_timestamp('15-JUL-22 11.28.47.000000000 AM','DD-MON-RR HH.MI.SSXFF AM'));
Insert into HOSPITAL.APPOINTMENT (AID,PATIENTID,DOCTORID,ROOMID,DIAGNOSIS,STARTDATE_TIME,ENDDATE_TIME) values (297,104,38,'R210',' Pertussis',to_timestamp('03-MAR-22 03.21.22.000000000 PM','DD-MON-RR HH.MI.SSXFF AM'),to_timestamp('04-MAR-22 03.21.22.000000000 PM','DD-MON-RR HH.MI.SSXFF AM'));
Insert into HOSPITAL.APPOINTMENT (AID,PATIENTID,DOCTORID,ROOMID,DIAGNOSIS,STARTDATE_TIME,ENDDATE_TIME) values (298,103,33,'R211',' Plague',to_timestamp('31-MAR-22 11.31.11.000000000 AM','DD-MON-RR HH.MI.SSXFF AM'),to_timestamp('01-APR-22 11.31.11.000000000 AM','DD-MON-RR HH.MI.SSXFF AM'));
Insert into HOSPITAL.APPOINTMENT (AID,PATIENTID,DOCTORID,ROOMID,DIAGNOSIS,STARTDATE_TIME,ENDDATE_TIME) values (299,102,6,'R212',' Poliovirus',to_timestamp('29-MAR-22 02.00.13.000000000 PM','DD-MON-RR HH.MI.SSXFF AM'),to_timestamp('30-MAR-22 02.00.13.000000000 PM','DD-MON-RR HH.MI.SSXFF AM'));
Insert into HOSPITAL.APPOINTMENT (AID,PATIENTID,DOCTORID,ROOMID,DIAGNOSIS,STARTDATE_TIME,ENDDATE_TIME) values (300,101,49,'R213',' Q fever',to_timestamp('24-FEB-22 04.29.10.000000000 AM','DD-MON-RR HH.MI.SSXFF AM'),to_timestamp('25-FEB-22 04.29.10.000000000 AM','DD-MON-RR HH.MI.SSXFF AM'));
Insert into HOSPITAL.APPOINTMENT (AID,PATIENTID,DOCTORID,ROOMID,DIAGNOSIS,STARTDATE_TIME,ENDDATE_TIME) values (301,100,19,'R214',' Rabies',to_timestamp('05-MAY-22 11.24.10.000000000 PM','DD-MON-RR HH.MI.SSXFF AM'),to_timestamp('06-MAY-22 11.24.10.000000000 PM','DD-MON-RR HH.MI.SSXFF AM'));
Insert into HOSPITAL.APPOINTMENT (AID,PATIENTID,DOCTORID,ROOMID,DIAGNOSIS,STARTDATE_TIME,ENDDATE_TIME) values (302,99,31,'R215',' Rotavirus',to_timestamp('28-MAR-22 07.09.22.000000000 AM','DD-MON-RR HH.MI.SSXFF AM'),to_timestamp('29-MAR-22 07.09.22.000000000 AM','DD-MON-RR HH.MI.SSXFF AM'));
Insert into HOSPITAL.APPOINTMENT (AID,PATIENTID,DOCTORID,ROOMID,DIAGNOSIS,STARTDATE_TIME,ENDDATE_TIME) values (303,98,47,'R216',' Rubella',to_timestamp('26-JUN-22 12.38.55.000000000 PM','DD-MON-RR HH.MI.SSXFF AM'),to_timestamp('27-JUN-22 12.38.55.000000000 PM','DD-MON-RR HH.MI.SSXFF AM'));
Insert into HOSPITAL.APPOINTMENT (AID,PATIENTID,DOCTORID,ROOMID,DIAGNOSIS,STARTDATE_TIME,ENDDATE_TIME) values (304,97,9,'R217',' Salmonellosis',to_timestamp('17-JUN-22 11.03.50.000000000 AM','DD-MON-RR HH.MI.SSXFF AM'),to_timestamp('18-JUN-22 11.03.50.000000000 AM','DD-MON-RR HH.MI.SSXFF AM'));
Insert into HOSPITAL.APPOINTMENT (AID,PATIENTID,DOCTORID,ROOMID,DIAGNOSIS,STARTDATE_TIME,ENDDATE_TIME) values (305,96,15,'R218',' SARS',to_timestamp('12-SEP-22 09.56.12.000000000 PM','DD-MON-RR HH.MI.SSXFF AM'),to_timestamp('13-SEP-22 09.56.12.000000000 PM','DD-MON-RR HH.MI.SSXFF AM'));
Insert into HOSPITAL.APPOINTMENT (AID,PATIENTID,DOCTORID,ROOMID,DIAGNOSIS,STARTDATE_TIME,ENDDATE_TIME) values (306,95,25,'R219',' Scabies',to_timestamp('13-JAN-22 10.13.21.000000000 PM','DD-MON-RR HH.MI.SSXFF AM'),to_timestamp('14-JAN-22 10.13.21.000000000 PM','DD-MON-RR HH.MI.SSXFF AM'));
Insert into HOSPITAL.APPOINTMENT (AID,PATIENTID,DOCTORID,ROOMID,DIAGNOSIS,STARTDATE_TIME,ENDDATE_TIME) values (307,94,19,'R220',' Smallpox',to_timestamp('10-MAY-22 05.35.55.000000000 AM','DD-MON-RR HH.MI.SSXFF AM'),to_timestamp('11-MAY-22 05.35.55.000000000 AM','DD-MON-RR HH.MI.SSXFF AM'));
Insert into HOSPITAL.APPOINTMENT (AID,PATIENTID,DOCTORID,ROOMID,DIAGNOSIS,STARTDATE_TIME,ENDDATE_TIME) values (308,93,37,'R221',' Staphylococcus aureus',to_timestamp('09-JUN-22 09.04.47.000000000 PM','DD-MON-RR HH.MI.SSXFF AM'),to_timestamp('10-JUN-22 09.04.47.000000000 PM','DD-MON-RR HH.MI.SSXFF AM'));
Insert into HOSPITAL.APPOINTMENT (AID,PATIENTID,DOCTORID,ROOMID,DIAGNOSIS,STARTDATE_TIME,ENDDATE_TIME) values (309,92,50,'R222',' Streptococcus pneumoniae',to_timestamp('26-JUN-22 01.32.53.000000000 PM','DD-MON-RR HH.MI.SSXFF AM'),to_timestamp('27-JUN-22 01.32.53.000000000 PM','DD-MON-RR HH.MI.SSXFF AM'));
Insert into HOSPITAL.APPOINTMENT (AID,PATIENTID,DOCTORID,ROOMID,DIAGNOSIS,STARTDATE_TIME,ENDDATE_TIME) values (310,91,48,'R223',' Syphilis',to_timestamp('29-AUG-22 09.59.17.000000000 AM','DD-MON-RR HH.MI.SSXFF AM'),to_timestamp('30-AUG-22 09.59.17.000000000 AM','DD-MON-RR HH.MI.SSXFF AM'));
Insert into HOSPITAL.APPOINTMENT (AID,PATIENTID,DOCTORID,ROOMID,DIAGNOSIS,STARTDATE_TIME,ENDDATE_TIME) values (311,90,45,'R224',' Trichomoniasis',to_timestamp('17-MAR-22 10.44.50.000000000 PM','DD-MON-RR HH.MI.SSXFF AM'),to_timestamp('18-MAR-22 10.44.50.000000000 PM','DD-MON-RR HH.MI.SSXFF AM'));
Insert into HOSPITAL.APPOINTMENT (AID,PATIENTID,DOCTORID,ROOMID,DIAGNOSIS,STARTDATE_TIME,ENDDATE_TIME) values (312,89,21,'R225',' Typhoid fever',to_timestamp('30-JAN-22 07.23.49.000000000 PM','DD-MON-RR HH.MI.SSXFF AM'),to_timestamp('31-JAN-22 07.23.49.000000000 PM','DD-MON-RR HH.MI.SSXFF AM'));
Insert into HOSPITAL.APPOINTMENT (AID,PATIENTID,DOCTORID,ROOMID,DIAGNOSIS,STARTDATE_TIME,ENDDATE_TIME) values (313,88,3,'R226',' Varicella',to_timestamp('22-JUN-22 05.14.45.000000000 AM','DD-MON-RR HH.MI.SSXFF AM'),to_timestamp('23-JUN-22 05.14.45.000000000 AM','DD-MON-RR HH.MI.SSXFF AM'));
Insert into HOSPITAL.APPOINTMENT (AID,PATIENTID,DOCTORID,ROOMID,DIAGNOSIS,STARTDATE_TIME,ENDDATE_TIME) values (314,87,21,'R327',' West Nile virus',to_timestamp('15-APR-22 06.21.31.000000000 AM','DD-MON-RR HH.MI.SSXFF AM'),to_timestamp('16-APR-22 06.21.31.000000000 AM','DD-MON-RR HH.MI.SSXFF AM'));
Insert into HOSPITAL.APPOINTMENT (AID,PATIENTID,DOCTORID,ROOMID,DIAGNOSIS,STARTDATE_TIME,ENDDATE_TIME) values (315,86,12,'R328',' Yersinia enterocolitica',to_timestamp('14-MAR-22 03.33.21.000000000 AM','DD-MON-RR HH.MI.SSXFF AM'),to_timestamp('15-MAR-22 03.33.21.000000000 AM','DD-MON-RR HH.MI.SSXFF AM'));
Insert into HOSPITAL.APPOINTMENT (AID,PATIENTID,DOCTORID,ROOMID,DIAGNOSIS,STARTDATE_TIME,ENDDATE_TIME) values (316,85,7,'R329',' Yersinia pestis',to_timestamp('18-SEP-22 03.26.54.000000000 AM','DD-MON-RR HH.MI.SSXFF AM'),to_timestamp('19-SEP-22 03.26.54.000000000 AM','DD-MON-RR HH.MI.SSXFF AM'));
Insert into HOSPITAL.APPOINTMENT (AID,PATIENTID,DOCTORID,ROOMID,DIAGNOSIS,STARTDATE_TIME,ENDDATE_TIME) values (317,84,23,'R330',' Adenoviruses',to_timestamp('15-MAR-22 06.47.16.000000000 AM','DD-MON-RR HH.MI.SSXFF AM'),to_timestamp('16-MAR-22 06.47.16.000000000 AM','DD-MON-RR HH.MI.SSXFF AM'));
Insert into HOSPITAL.APPOINTMENT (AID,PATIENTID,DOCTORID,ROOMID,DIAGNOSIS,STARTDATE_TIME,ENDDATE_TIME) values (318,83,38,'R331',' African swine fever',to_timestamp('02-JUN-22 08.59.51.000000000 PM','DD-MON-RR HH.MI.SSXFF AM'),to_timestamp('03-JUN-22 08.59.51.000000000 PM','DD-MON-RR HH.MI.SSXFF AM'));
Insert into HOSPITAL.APPOINTMENT (AID,PATIENTID,DOCTORID,ROOMID,DIAGNOSIS,STARTDATE_TIME,ENDDATE_TIME) values (319,82,6,'R332',' Avian influenza',to_timestamp('13-FEB-22 09.07.12.000000000 AM','DD-MON-RR HH.MI.SSXFF AM'),to_timestamp('14-FEB-22 09.07.12.000000000 AM','DD-MON-RR HH.MI.SSXFF AM'));
Insert into HOSPITAL.APPOINTMENT (AID,PATIENTID,DOCTORID,ROOMID,DIAGNOSIS,STARTDATE_TIME,ENDDATE_TIME) values (320,81,47,'R333',' Bordetellosis',to_timestamp('22-MAY-22 07.53.15.000000000 AM','DD-MON-RR HH.MI.SSXFF AM'),to_timestamp('23-MAY-22 07.53.15.000000000 AM','DD-MON-RR HH.MI.SSXFF AM'));
Insert into HOSPITAL.APPOINTMENT (AID,PATIENTID,DOCTORID,ROOMID,DIAGNOSIS,STARTDATE_TIME,ENDDATE_TIME) values (321,80,22,'R334',' Campylobacteriosis',to_timestamp('27-MAR-22 07.29.54.000000000 PM','DD-MON-RR HH.MI.SSXFF AM'),to_timestamp('28-MAR-22 12.22.45.000000000 PM','DD-MON-RR HH.MI.SSXFF AM'));
Insert into HOSPITAL.APPOINTMENT (AID,PATIENTID,DOCTORID,ROOMID,DIAGNOSIS,STARTDATE_TIME,ENDDATE_TIME) values (322,79,3,'R335',' Chikungunya',to_timestamp('12-MAY-22 12.22.45.000000000 PM','DD-MON-RR HH.MI.SSXFF AM'),to_timestamp('21-JUL-22 12.07.39.000000000 AM','DD-MON-RR HH.MI.SSXFF AM'));
Insert into HOSPITAL.APPOINTMENT (AID,PATIENTID,DOCTORID,ROOMID,DIAGNOSIS,STARTDATE_TIME,ENDDATE_TIME) values (323,78,46,'R336',' Cholera',to_timestamp('20-JUL-22 12.07.39.000000000 AM','DD-MON-RR HH.MI.SSXFF AM'),to_timestamp('13-JUL-22 11.47.38.000000000 PM','DD-MON-RR HH.MI.SSXFF AM'));
Insert into HOSPITAL.APPOINTMENT (AID,PATIENTID,DOCTORID,ROOMID,DIAGNOSIS,STARTDATE_TIME,ENDDATE_TIME) values (324,77,32,'R337',' Cryptococcosis',to_timestamp('12-JUL-22 11.47.38.000000000 PM','DD-MON-RR HH.MI.SSXFF AM'),to_timestamp('16-JUL-22 01.03.37.000000000 PM','DD-MON-RR HH.MI.SSXFF AM'));
Insert into HOSPITAL.APPOINTMENT (AID,PATIENTID,DOCTORID,ROOMID,DIAGNOSIS,STARTDATE_TIME,ENDDATE_TIME) values (325,76,42,'R338',' Cyclosporiasis',to_timestamp('15-JUL-22 01.03.37.000000000 PM','DD-MON-RR HH.MI.SSXFF AM'),to_timestamp('29-SEP-22 12.13.32.000000000 PM','DD-MON-RR HH.MI.SSXFF AM'));
Insert into HOSPITAL.APPOINTMENT (AID,PATIENTID,DOCTORID,ROOMID,DIAGNOSIS,STARTDATE_TIME,ENDDATE_TIME) values (326,75,2,'R339',' Diphtheria',to_timestamp('28-SEP-22 12.13.32.000000000 PM','DD-MON-RR HH.MI.SSXFF AM'),to_timestamp('22-MAY-22 12.11.25.000000000 PM','DD-MON-RR HH.MI.SSXFF AM'));
Insert into HOSPITAL.APPOINTMENT (AID,PATIENTID,DOCTORID,ROOMID,DIAGNOSIS,STARTDATE_TIME,ENDDATE_TIME) values (327,74,49,'R340',' Encephalitis',to_timestamp('21-MAY-22 12.11.25.000000000 PM','DD-MON-RR HH.MI.SSXFF AM'),to_timestamp('16-JAN-22 03.16.13.000000000 PM','DD-MON-RR HH.MI.SSXFF AM'));
Insert into HOSPITAL.APPOINTMENT (AID,PATIENTID,DOCTORID,ROOMID,DIAGNOSIS,STARTDATE_TIME,ENDDATE_TIME) values (328,73,19,'R341',' Ebola virus disease',to_timestamp('15-JAN-22 03.16.13.000000000 PM','DD-MON-RR HH.MI.SSXFF AM'),to_timestamp('24-MAR-22 10.44.38.000000000 AM','DD-MON-RR HH.MI.SSXFF AM'));
Insert into HOSPITAL.APPOINTMENT (AID,PATIENTID,DOCTORID,ROOMID,DIAGNOSIS,STARTDATE_TIME,ENDDATE_TIME) values (329,72,30,'R101',' Giardiasis',to_timestamp('23-MAR-22 10.44.38.000000000 AM','DD-MON-RR HH.MI.SSXFF AM'),to_timestamp('18-MAY-22 12.18.16.000000000 AM','DD-MON-RR HH.MI.SSXFF AM'));
Insert into HOSPITAL.APPOINTMENT (AID,PATIENTID,DOCTORID,ROOMID,DIAGNOSIS,STARTDATE_TIME,ENDDATE_TIME) values (330,71,31,'R102',' Gonorrhea',to_timestamp('17-MAY-22 12.18.16.000000000 AM','DD-MON-RR HH.MI.SSXFF AM'),to_timestamp('07-JUN-22 02.09.53.000000000 PM','DD-MON-RR HH.MI.SSXFF AM'));
Insert into HOSPITAL.APPOINTMENT (AID,PATIENTID,DOCTORID,ROOMID,DIAGNOSIS,STARTDATE_TIME,ENDDATE_TIME) values (331,70,30,'R103',' Haemophilus influenzae',to_timestamp('06-JUN-22 02.09.53.000000000 PM','DD-MON-RR HH.MI.SSXFF AM'),to_timestamp('14-JUL-22 06.12.36.000000000 AM','DD-MON-RR HH.MI.SSXFF AM'));
Insert into HOSPITAL.APPOINTMENT (AID,PATIENTID,DOCTORID,ROOMID,DIAGNOSIS,STARTDATE_TIME,ENDDATE_TIME) values (332,69,19,'R104',' Hepatitis',to_timestamp('13-JUL-22 06.12.36.000000000 AM','DD-MON-RR HH.MI.SSXFF AM'),to_timestamp('16-MAY-22 02.24.14.000000000 AM','DD-MON-RR HH.MI.SSXFF AM'));
Insert into HOSPITAL.APPOINTMENT (AID,PATIENTID,DOCTORID,ROOMID,DIAGNOSIS,STARTDATE_TIME,ENDDATE_TIME) values (333,68,24,'R105',' Herpes simplex virus',to_timestamp('15-MAY-22 02.24.14.000000000 AM','DD-MON-RR HH.MI.SSXFF AM'),to_timestamp('14-JUL-22 03.13.46.000000000 AM','DD-MON-RR HH.MI.SSXFF AM'));
Insert into HOSPITAL.APPOINTMENT (AID,PATIENTID,DOCTORID,ROOMID,DIAGNOSIS,STARTDATE_TIME,ENDDATE_TIME) values (334,67,18,'R206',' HIV',to_timestamp('13-JUL-22 03.13.46.000000000 AM','DD-MON-RR HH.MI.SSXFF AM'),to_timestamp('19-JUL-22 03.01.43.000000000 PM','DD-MON-RR HH.MI.SSXFF AM'));
Insert into HOSPITAL.APPOINTMENT (AID,PATIENTID,DOCTORID,ROOMID,DIAGNOSIS,STARTDATE_TIME,ENDDATE_TIME) values (335,66,15,'R207',' Human metapneumovirus',to_timestamp('18-JUL-22 03.01.43.000000000 PM','DD-MON-RR HH.MI.SSXFF AM'),to_timestamp('13-SEP-22 10.49.57.000000000 AM','DD-MON-RR HH.MI.SSXFF AM'));
Insert into HOSPITAL.APPOINTMENT (AID,PATIENTID,DOCTORID,ROOMID,DIAGNOSIS,STARTDATE_TIME,ENDDATE_TIME) values (336,65,1,'R208',' Human papillomavirus',to_timestamp('12-SEP-22 10.49.57.000000000 AM','DD-MON-RR HH.MI.SSXFF AM'),to_timestamp('20-JUL-22 03.15.46.000000000 AM','DD-MON-RR HH.MI.SSXFF AM'));
Insert into HOSPITAL.APPOINTMENT (AID,PATIENTID,DOCTORID,ROOMID,DIAGNOSIS,STARTDATE_TIME,ENDDATE_TIME) values (337,64,29,'R209',' Human parainfluenza virus',to_timestamp('19-JUL-22 03.15.46.000000000 AM','DD-MON-RR HH.MI.SSXFF AM'),to_timestamp('12-SEP-22 03.00.18.000000000 PM','DD-MON-RR HH.MI.SSXFF AM'));
Insert into HOSPITAL.APPOINTMENT (AID,PATIENTID,DOCTORID,ROOMID,DIAGNOSIS,STARTDATE_TIME,ENDDATE_TIME) values (338,63,7,'R210',' Human respiratory syncytial virus',to_timestamp('11-SEP-22 03.00.18.000000000 PM','DD-MON-RR HH.MI.SSXFF AM'),to_timestamp('01-APR-22 03.41.51.000000000 AM','DD-MON-RR HH.MI.SSXFF AM'));
Insert into HOSPITAL.APPOINTMENT (AID,PATIENTID,DOCTORID,ROOMID,DIAGNOSIS,STARTDATE_TIME,ENDDATE_TIME) values (339,62,35,'R211',' Human T-lymphotropic virus',to_timestamp('31-MAR-22 03.41.51.000000000 AM','DD-MON-RR HH.MI.SSXFF AM'),to_timestamp('02-APR-22 03.47.33.000000000 PM','DD-MON-RR HH.MI.SSXFF AM'));
Insert into HOSPITAL.APPOINTMENT (AID,PATIENTID,DOCTORID,ROOMID,DIAGNOSIS,STARTDATE_TIME,ENDDATE_TIME) values (340,61,37,'R212',' Influenza',to_timestamp('01-APR-22 03.47.33.000000000 PM','DD-MON-RR HH.MI.SSXFF AM'),to_timestamp('03-SEP-22 10.53.59.000000000 AM','DD-MON-RR HH.MI.SSXFF AM'));
Insert into HOSPITAL.APPOINTMENT (AID,PATIENTID,DOCTORID,ROOMID,DIAGNOSIS,STARTDATE_TIME,ENDDATE_TIME) values (341,60,36,'R213',' Legionnaires'' disease',to_timestamp('02-SEP-22 10.53.59.000000000 AM','DD-MON-RR HH.MI.SSXFF AM'),to_timestamp('31-MAY-22 08.34.11.000000000 AM','DD-MON-RR HH.MI.SSXFF AM'));
Insert into HOSPITAL.APPOINTMENT (AID,PATIENTID,DOCTORID,ROOMID,DIAGNOSIS,STARTDATE_TIME,ENDDATE_TIME) values (342,59,20,'R214',' Leptospirosis',to_timestamp('30-MAY-22 08.34.11.000000000 AM','DD-MON-RR HH.MI.SSXFF AM'),to_timestamp('25-FEB-22 01.17.12.000000000 PM','DD-MON-RR HH.MI.SSXFF AM'));
Insert into HOSPITAL.APPOINTMENT (AID,PATIENTID,DOCTORID,ROOMID,DIAGNOSIS,STARTDATE_TIME,ENDDATE_TIME) values (343,58,32,'R215',' Listeriosis',to_timestamp('24-FEB-22 01.17.12.000000000 PM','DD-MON-RR HH.MI.SSXFF AM'),to_timestamp('30-APR-22 07.01.05.000000000 PM','DD-MON-RR HH.MI.SSXFF AM'));
Insert into HOSPITAL.APPOINTMENT (AID,PATIENTID,DOCTORID,ROOMID,DIAGNOSIS,STARTDATE_TIME,ENDDATE_TIME) values (344,57,48,'R216',' Lyme disease',to_timestamp('29-APR-22 07.01.05.000000000 PM','DD-MON-RR HH.MI.SSXFF AM'),to_timestamp('28-JAN-22 08.12.36.000000000 AM','DD-MON-RR HH.MI.SSXFF AM'));
Insert into HOSPITAL.APPOINTMENT (AID,PATIENTID,DOCTORID,ROOMID,DIAGNOSIS,STARTDATE_TIME,ENDDATE_TIME) values (345,56,34,'R217',' Malaria',to_timestamp('27-JAN-22 08.12.36.000000000 AM','DD-MON-RR HH.MI.SSXFF AM'),to_timestamp('02-FEB-22 11.51.14.000000000 AM','DD-MON-RR HH.MI.SSXFF AM'));
Insert into HOSPITAL.APPOINTMENT (AID,PATIENTID,DOCTORID,ROOMID,DIAGNOSIS,STARTDATE_TIME,ENDDATE_TIME) values (346,55,4,'R218',' Measles',to_timestamp('01-FEB-22 11.51.14.000000000 AM','DD-MON-RR HH.MI.SSXFF AM'),to_timestamp('18-FEB-22 12.52.48.000000000 AM','DD-MON-RR HH.MI.SSXFF AM'));
Insert into HOSPITAL.APPOINTMENT (AID,PATIENTID,DOCTORID,ROOMID,DIAGNOSIS,STARTDATE_TIME,ENDDATE_TIME) values (347,54,1,'R219',' Meningitis',to_timestamp('17-FEB-22 12.52.48.000000000 AM','DD-MON-RR HH.MI.SSXFF AM'),to_timestamp('18-AUG-22 01.46.34.000000000 AM','DD-MON-RR HH.MI.SSXFF AM'));
Insert into HOSPITAL.APPOINTMENT (AID,PATIENTID,DOCTORID,ROOMID,DIAGNOSIS,STARTDATE_TIME,ENDDATE_TIME) values (348,53,48,'R220',' MRSA',to_timestamp('17-AUG-22 01.46.34.000000000 AM','DD-MON-RR HH.MI.SSXFF AM'),to_timestamp('16-FEB-22 03.37.35.000000000 AM','DD-MON-RR HH.MI.SSXFF AM'));
Insert into HOSPITAL.APPOINTMENT (AID,PATIENTID,DOCTORID,ROOMID,DIAGNOSIS,STARTDATE_TIME,ENDDATE_TIME) values (349,52,32,'R221',' Mycoplasma pneumoniae',to_timestamp('15-FEB-22 03.37.35.000000000 AM','DD-MON-RR HH.MI.SSXFF AM'),to_timestamp('15-MAR-22 06.21.12.000000000 PM','DD-MON-RR HH.MI.SSXFF AM'));
Insert into HOSPITAL.APPOINTMENT (AID,PATIENTID,DOCTORID,ROOMID,DIAGNOSIS,STARTDATE_TIME,ENDDATE_TIME) values (350,51,32,'R222',' Norovirus',to_timestamp('14-MAR-22 06.21.12.000000000 PM','DD-MON-RR HH.MI.SSXFF AM'),to_timestamp('12-JUN-22 01.18.12.000000000 PM','DD-MON-RR HH.MI.SSXFF AM'));
Insert into HOSPITAL.APPOINTMENT (AID,PATIENTID,DOCTORID,ROOMID,DIAGNOSIS,STARTDATE_TIME,ENDDATE_TIME) values (351,50,8,'R223',' N',to_timestamp('11-JUN-22 01.18.12.000000000 PM','DD-MON-RR HH.MI.SSXFF AM'),to_timestamp('13-MAY-22 05.09.11.000000000 PM','DD-MON-RR HH.MI.SSXFF AM'));
Insert into HOSPITAL.APPOINTMENT (AID,PATIENTID,DOCTORID,ROOMID,DIAGNOSIS,STARTDATE_TIME,ENDDATE_TIME) values (352,49,16,'R224',' Pertussis',to_timestamp('12-MAY-22 05.09.11.000000000 PM','DD-MON-RR HH.MI.SSXFF AM'),to_timestamp('14-AUG-22 06.09.11.000000000 AM','DD-MON-RR HH.MI.SSXFF AM'));
Insert into HOSPITAL.APPOINTMENT (AID,PATIENTID,DOCTORID,ROOMID,DIAGNOSIS,STARTDATE_TIME,ENDDATE_TIME) values (353,48,14,'R225',' Plague',to_timestamp('13-AUG-22 06.09.11.000000000 AM','DD-MON-RR HH.MI.SSXFF AM'),to_timestamp('22-SEP-22 12.47.48.000000000 PM','DD-MON-RR HH.MI.SSXFF AM'));
Insert into HOSPITAL.APPOINTMENT (AID,PATIENTID,DOCTORID,ROOMID,DIAGNOSIS,STARTDATE_TIME,ENDDATE_TIME) values (354,47,32,'R226',' Poliomyelitis',to_timestamp('21-SEP-22 12.47.48.000000000 PM','DD-MON-RR HH.MI.SSXFF AM'),to_timestamp('07-JUL-22 07.01.10.000000000 PM','DD-MON-RR HH.MI.SSXFF AM'));
Insert into HOSPITAL.APPOINTMENT (AID,PATIENTID,DOCTORID,ROOMID,DIAGNOSIS,STARTDATE_TIME,ENDDATE_TIME) values (355,46,28,'R327',' Q fever',to_timestamp('06-JUL-22 07.01.10.000000000 PM','DD-MON-RR HH.MI.SSXFF AM'),to_timestamp('26-AUG-22 01.05.28.000000000 AM','DD-MON-RR HH.MI.SSXFF AM'));
Insert into HOSPITAL.APPOINTMENT (AID,PATIENTID,DOCTORID,ROOMID,DIAGNOSIS,STARTDATE_TIME,ENDDATE_TIME) values (356,45,7,'R328',' Rabies',to_timestamp('25-AUG-22 01.05.28.000000000 AM','DD-MON-RR HH.MI.SSXFF AM'),to_timestamp('27-FEB-22 11.11.06.000000000 PM','DD-MON-RR HH.MI.SSXFF AM'));
Insert into HOSPITAL.APPOINTMENT (AID,PATIENTID,DOCTORID,ROOMID,DIAGNOSIS,STARTDATE_TIME,ENDDATE_TIME) values (357,44,47,'R329',' Rubella',to_timestamp('26-FEB-22 11.11.06.000000000 PM','DD-MON-RR HH.MI.SSXFF AM'),to_timestamp('29-JAN-22 03.36.48.000000000 AM','DD-MON-RR HH.MI.SSXFF AM'));
Insert into HOSPITAL.APPOINTMENT (AID,PATIENTID,DOCTORID,ROOMID,DIAGNOSIS,STARTDATE_TIME,ENDDATE_TIME) values (358,43,7,'R330',' Salmonellosis',to_timestamp('28-JAN-22 03.36.48.000000000 AM','DD-MON-RR HH.MI.SSXFF AM'),to_timestamp('14-JUL-22 04.06.47.000000000 PM','DD-MON-RR HH.MI.SSXFF AM'));
Insert into HOSPITAL.APPOINTMENT (AID,PATIENTID,DOCTORID,ROOMID,DIAGNOSIS,STARTDATE_TIME,ENDDATE_TIME) values (359,42,21,'R331',' SARS',to_timestamp('13-JUL-22 04.06.47.000000000 PM','DD-MON-RR HH.MI.SSXFF AM'),to_timestamp('10-AUG-22 02.48.41.000000000 PM','DD-MON-RR HH.MI.SSXFF AM'));
Insert into HOSPITAL.APPOINTMENT (AID,PATIENTID,DOCTORID,ROOMID,DIAGNOSIS,STARTDATE_TIME,ENDDATE_TIME) values (360,41,1,'R332',' Scabies',to_timestamp('09-AUG-22 02.48.41.000000000 PM','DD-MON-RR HH.MI.SSXFF AM'),to_timestamp('27-JUL-22 01.54.21.000000000 AM','DD-MON-RR HH.MI.SSXFF AM'));
Insert into HOSPITAL.APPOINTMENT (AID,PATIENTID,DOCTORID,ROOMID,DIAGNOSIS,STARTDATE_TIME,ENDDATE_TIME) values (361,40,39,'R333',' Smallpox',to_timestamp('26-JUL-22 01.54.21.000000000 AM','DD-MON-RR HH.MI.SSXFF AM'),to_timestamp('18-JUL-22 11.30.24.000000000 PM','DD-MON-RR HH.MI.SSXFF AM'));
Insert into HOSPITAL.APPOINTMENT (AID,PATIENTID,DOCTORID,ROOMID,DIAGNOSIS,STARTDATE_TIME,ENDDATE_TIME) values (362,39,29,'R334',' Staphylococcus aureus',to_timestamp('17-JUL-22 11.30.24.000000000 PM','DD-MON-RR HH.MI.SSXFF AM'),to_timestamp('20-SEP-22 01.12.12.000000000 PM','DD-MON-RR HH.MI.SSXFF AM'));
Insert into HOSPITAL.APPOINTMENT (AID,PATIENTID,DOCTORID,ROOMID,DIAGNOSIS,STARTDATE_TIME,ENDDATE_TIME) values (363,38,6,'R335',' Streptococcus pneumoniae',to_timestamp('19-SEP-22 01.12.12.000000000 PM','DD-MON-RR HH.MI.SSXFF AM'),to_timestamp('13-JUL-22 09.20.22.000000000 PM','DD-MON-RR HH.MI.SSXFF AM'));
Insert into HOSPITAL.APPOINTMENT (AID,PATIENTID,DOCTORID,ROOMID,DIAGNOSIS,STARTDATE_TIME,ENDDATE_TIME) values (364,37,26,'R336',' Syphilis',to_timestamp('14-MAY-22 07.25.02.000000000 PM','DD-MON-RR HH.MI.SSXFF AM'),to_timestamp('29-MAR-22 05.05.19.000000000 PM','DD-MON-RR HH.MI.SSXFF AM'));
Insert into HOSPITAL.APPOINTMENT (AID,PATIENTID,DOCTORID,ROOMID,DIAGNOSIS,STARTDATE_TIME,ENDDATE_TIME) values (365,36,5,'R337',' Typhoid fever',to_timestamp('21-JUL-22 05.47.57.000000000 AM','DD-MON-RR HH.MI.SSXFF AM'),to_timestamp('07-JUN-22 02.40.44.000000000 AM','DD-MON-RR HH.MI.SSXFF AM'));
Insert into HOSPITAL.APPOINTMENT (AID,PATIENTID,DOCTORID,ROOMID,DIAGNOSIS,STARTDATE_TIME,ENDDATE_TIME) values (366,35,12,'R338',' Varicella',to_timestamp('20-MAY-22 07.24.02.000000000 PM','DD-MON-RR HH.MI.SSXFF AM'),to_timestamp('11-MAY-22 04.31.05.000000000 PM','DD-MON-RR HH.MI.SSXFF AM'));
Insert into HOSPITAL.APPOINTMENT (AID,PATIENTID,DOCTORID,ROOMID,DIAGNOSIS,STARTDATE_TIME,ENDDATE_TIME) values (367,34,22,'R339',' West Nile virus',to_timestamp('24-AUG-22 12.05.52.000000000 PM','DD-MON-RR HH.MI.SSXFF AM'),to_timestamp('25-AUG-22 12.05.52.000000000 PM','DD-MON-RR HH.MI.SSXFF AM'));
Insert into HOSPITAL.APPOINTMENT (AID,PATIENTID,DOCTORID,ROOMID,DIAGNOSIS,STARTDATE_TIME,ENDDATE_TIME) values (368,33,36,'R340',' Yersinia enterocolitica',to_timestamp('17-JUL-22 04.15.25.000000000 PM','DD-MON-RR HH.MI.SSXFF AM'),to_timestamp('18-JUL-22 04.15.25.000000000 PM','DD-MON-RR HH.MI.SSXFF AM'));
Insert into HOSPITAL.APPOINTMENT (AID,PATIENTID,DOCTORID,ROOMID,DIAGNOSIS,STARTDATE_TIME,ENDDATE_TIME) values (369,32,46,'R341',' Yersinia pestis',to_timestamp('20-FEB-22 04.19.07.000000000 PM','DD-MON-RR HH.MI.SSXFF AM'),to_timestamp('21-FEB-22 04.19.07.000000000 PM','DD-MON-RR HH.MI.SSXFF AM'));
Insert into HOSPITAL.APPOINTMENT (AID,PATIENTID,DOCTORID,ROOMID,DIAGNOSIS,STARTDATE_TIME,ENDDATE_TIME) values (370,31,32,'R101',' Zika virus',to_timestamp('29-JUL-22 11.39.21.000000000 AM','DD-MON-RR HH.MI.SSXFF AM'),to_timestamp('30-JUL-22 11.39.21.000000000 AM','DD-MON-RR HH.MI.SSXFF AM'));
Insert into HOSPITAL.APPOINTMENT (AID,PATIENTID,DOCTORID,ROOMID,DIAGNOSIS,STARTDATE_TIME,ENDDATE_TIME) values (371,30,35,'R102',' Gastroenteritis',to_timestamp('16-JUL-22 04.42.25.000000000 AM','DD-MON-RR HH.MI.SSXFF AM'),to_timestamp('17-JUL-22 04.42.25.000000000 AM','DD-MON-RR HH.MI.SSXFF AM'));
Insert into HOSPITAL.APPOINTMENT (AID,PATIENTID,DOCTORID,ROOMID,DIAGNOSIS,STARTDATE_TIME,ENDDATE_TIME) values (372,29,46,'R103',' Genital herpes',to_timestamp('04-AUG-22 07.59.23.000000000 AM','DD-MON-RR HH.MI.SSXFF AM'),to_timestamp('05-AUG-22 07.59.23.000000000 AM','DD-MON-RR HH.MI.SSXFF AM'));
Insert into HOSPITAL.APPOINTMENT (AID,PATIENTID,DOCTORID,ROOMID,DIAGNOSIS,STARTDATE_TIME,ENDDATE_TIME) values (373,28,20,'R104',' GERD',to_timestamp('28-APR-22 11.26.05.000000000 PM','DD-MON-RR HH.MI.SSXFF AM'),to_timestamp('29-APR-22 11.26.05.000000000 PM','DD-MON-RR HH.MI.SSXFF AM'));
Insert into HOSPITAL.APPOINTMENT (AID,PATIENTID,DOCTORID,ROOMID,DIAGNOSIS,STARTDATE_TIME,ENDDATE_TIME) values (374,27,32,'R105',' Glaucoma',to_timestamp('09-JUN-22 02.40.15.000000000 PM','DD-MON-RR HH.MI.SSXFF AM'),to_timestamp('10-JUN-22 02.40.15.000000000 PM','DD-MON-RR HH.MI.SSXFF AM'));
Insert into HOSPITAL.APPOINTMENT (AID,PATIENTID,DOCTORID,ROOMID,DIAGNOSIS,STARTDATE_TIME,ENDDATE_TIME) values (375,26,33,'R206',' Gout',to_timestamp('27-JUN-22 07.24.58.000000000 PM','DD-MON-RR HH.MI.SSXFF AM'),to_timestamp('28-JUN-22 07.24.58.000000000 PM','DD-MON-RR HH.MI.SSXFF AM'));
Insert into HOSPITAL.APPOINTMENT (AID,PATIENTID,DOCTORID,ROOMID,DIAGNOSIS,STARTDATE_TIME,ENDDATE_TIME) values (376,25,36,'R207',' Graves'' disease',to_timestamp('21-JUL-22 05.00.39.000000000 AM','DD-MON-RR HH.MI.SSXFF AM'),to_timestamp('22-JUL-22 05.00.39.000000000 AM','DD-MON-RR HH.MI.SSXFF AM'));
Insert into HOSPITAL.APPOINTMENT (AID,PATIENTID,DOCTORID,ROOMID,DIAGNOSIS,STARTDATE_TIME,ENDDATE_TIME) values (377,24,15,'R208',' Hashimoto''s disease',to_timestamp('27-AUG-22 04.46.59.000000000 AM','DD-MON-RR HH.MI.SSXFF AM'),to_timestamp('28-AUG-22 04.46.59.000000000 AM','DD-MON-RR HH.MI.SSXFF AM'));
Insert into HOSPITAL.APPOINTMENT (AID,PATIENTID,DOCTORID,ROOMID,DIAGNOSIS,STARTDATE_TIME,ENDDATE_TIME) values (378,23,34,'R209',' Heart disease',to_timestamp('27-MAY-22 09.28.09.000000000 PM','DD-MON-RR HH.MI.SSXFF AM'),to_timestamp('28-MAY-22 09.28.09.000000000 PM','DD-MON-RR HH.MI.SSXFF AM'));
Insert into HOSPITAL.APPOINTMENT (AID,PATIENTID,DOCTORID,ROOMID,DIAGNOSIS,STARTDATE_TIME,ENDDATE_TIME) values (379,22,20,'R210',' Hemophilia',to_timestamp('31-JUL-22 03.30.59.000000000 AM','DD-MON-RR HH.MI.SSXFF AM'),to_timestamp('01-AUG-22 03.30.59.000000000 AM','DD-MON-RR HH.MI.SSXFF AM'));
Insert into HOSPITAL.APPOINTMENT (AID,PATIENTID,DOCTORID,ROOMID,DIAGNOSIS,STARTDATE_TIME,ENDDATE_TIME) values (380,21,17,'R211',' Hepatitis',to_timestamp('17-MAR-22 09.54.07.000000000 AM','DD-MON-RR HH.MI.SSXFF AM'),to_timestamp('18-MAR-22 09.54.07.000000000 AM','DD-MON-RR HH.MI.SSXFF AM'));
Insert into HOSPITAL.APPOINTMENT (AID,PATIENTID,DOCTORID,ROOMID,DIAGNOSIS,STARTDATE_TIME,ENDDATE_TIME) values (381,20,37,'R212',' HIV/AIDS',to_timestamp('29-MAY-22 09.02.37.000000000 PM','DD-MON-RR HH.MI.SSXFF AM'),to_timestamp('30-MAY-22 09.02.37.000000000 PM','DD-MON-RR HH.MI.SSXFF AM'));
Insert into HOSPITAL.APPOINTMENT (AID,PATIENTID,DOCTORID,ROOMID,DIAGNOSIS,STARTDATE_TIME,ENDDATE_TIME) values (382,19,31,'R213',' Huntington''s disease',to_timestamp('18-FEB-22 03.06.49.000000000 AM','DD-MON-RR HH.MI.SSXFF AM'),to_timestamp('19-FEB-22 03.06.49.000000000 AM','DD-MON-RR HH.MI.SSXFF AM'));
Insert into HOSPITAL.APPOINTMENT (AID,PATIENTID,DOCTORID,ROOMID,DIAGNOSIS,STARTDATE_TIME,ENDDATE_TIME) values (383,18,33,'R214',' Hypertension',to_timestamp('12-JUL-22 01.49.41.000000000 PM','DD-MON-RR HH.MI.SSXFF AM'),to_timestamp('13-JUL-22 01.49.41.000000000 PM','DD-MON-RR HH.MI.SSXFF AM'));
Insert into HOSPITAL.APPOINTMENT (AID,PATIENTID,DOCTORID,ROOMID,DIAGNOSIS,STARTDATE_TIME,ENDDATE_TIME) values (384,17,11,'R215',' IBS',to_timestamp('21-MAY-22 04.41.14.000000000 PM','DD-MON-RR HH.MI.SSXFF AM'),to_timestamp('22-MAY-22 04.41.14.000000000 PM','DD-MON-RR HH.MI.SSXFF AM'));
Insert into HOSPITAL.APPOINTMENT (AID,PATIENTID,DOCTORID,ROOMID,DIAGNOSIS,STARTDATE_TIME,ENDDATE_TIME) values (385,16,12,'R216',' Infectious mononucleosis',to_timestamp('04-SEP-22 01.30.45.000000000 PM','DD-MON-RR HH.MI.SSXFF AM'),to_timestamp('05-SEP-22 01.30.45.000000000 PM','DD-MON-RR HH.MI.SSXFF AM'));
Insert into HOSPITAL.APPOINTMENT (AID,PATIENTID,DOCTORID,ROOMID,DIAGNOSIS,STARTDATE_TIME,ENDDATE_TIME) values (386,15,47,'R217',' Influenza',to_timestamp('09-SEP-22 07.59.15.000000000 AM','DD-MON-RR HH.MI.SSXFF AM'),to_timestamp('10-SEP-22 07.59.15.000000000 AM','DD-MON-RR HH.MI.SSXFF AM'));
Insert into HOSPITAL.APPOINTMENT (AID,PATIENTID,DOCTORID,ROOMID,DIAGNOSIS,STARTDATE_TIME,ENDDATE_TIME) values (387,14,40,'R218','Interstitial cystitis',to_timestamp('04-SEP-22 08.36.24.000000000 PM','DD-MON-RR HH.MI.SSXFF AM'),to_timestamp('05-SEP-22 08.36.24.000000000 PM','DD-MON-RR HH.MI.SSXFF AM'));
Insert into HOSPITAL.APPOINTMENT (AID,PATIENTID,DOCTORID,ROOMID,DIAGNOSIS,STARTDATE_TIME,ENDDATE_TIME) values (388,13,34,'R219','Iron deficiency anemia',to_timestamp('13-MAY-22 03.02.03.000000000 PM','DD-MON-RR HH.MI.SSXFF AM'),to_timestamp('14-MAY-22 03.02.03.000000000 PM','DD-MON-RR HH.MI.SSXFF AM'));
Insert into HOSPITAL.APPOINTMENT (AID,PATIENTID,DOCTORID,ROOMID,DIAGNOSIS,STARTDATE_TIME,ENDDATE_TIME) values (389,12,4,'R220','Irritable bowel syndrome',to_timestamp('08-AUG-22 12.47.40.000000000 PM','DD-MON-RR HH.MI.SSXFF AM'),to_timestamp('09-AUG-22 12.47.40.000000000 PM','DD-MON-RR HH.MI.SSXFF AM'));
Insert into HOSPITAL.APPOINTMENT (AID,PATIENTID,DOCTORID,ROOMID,DIAGNOSIS,STARTDATE_TIME,ENDDATE_TIME) values (390,11,35,'R221','Kidney disease',to_timestamp('01-FEB-22 03.32.46.000000000 PM','DD-MON-RR HH.MI.SSXFF AM'),to_timestamp('02-FEB-22 03.32.46.000000000 PM','DD-MON-RR HH.MI.SSXFF AM'));
Insert into HOSPITAL.APPOINTMENT (AID,PATIENTID,DOCTORID,ROOMID,DIAGNOSIS,STARTDATE_TIME,ENDDATE_TIME) values (391,10,5,'R222','Lupus',to_timestamp('01-MAY-22 05.11.09.000000000 PM','DD-MON-RR HH.MI.SSXFF AM'),to_timestamp('02-MAY-22 05.11.09.000000000 PM','DD-MON-RR HH.MI.SSXFF AM'));
Insert into HOSPITAL.APPOINTMENT (AID,PATIENTID,DOCTORID,ROOMID,DIAGNOSIS,STARTDATE_TIME,ENDDATE_TIME) values (392,9,50,'R223','Lyme disease',to_timestamp('28-MAR-22 11.30.30.000000000 AM','DD-MON-RR HH.MI.SSXFF AM'),to_timestamp('29-MAR-22 11.30.30.000000000 AM','DD-MON-RR HH.MI.SSXFF AM'));
Insert into HOSPITAL.APPOINTMENT (AID,PATIENTID,DOCTORID,ROOMID,DIAGNOSIS,STARTDATE_TIME,ENDDATE_TIME) values (393,8,8,'R224','MAI',to_timestamp('30-MAR-22 10.18.51.000000000 PM','DD-MON-RR HH.MI.SSXFF AM'),to_timestamp('31-MAR-22 10.18.51.000000000 PM','DD-MON-RR HH.MI.SSXFF AM'));
Insert into HOSPITAL.APPOINTMENT (AID,PATIENTID,DOCTORID,ROOMID,DIAGNOSIS,STARTDATE_TIME,ENDDATE_TIME) values (394,7,39,'R225','Migraine',to_timestamp('02-APR-22 02.19.11.000000000 AM','DD-MON-RR HH.MI.SSXFF AM'),to_timestamp('03-APR-22 02.19.11.000000000 AM','DD-MON-RR HH.MI.SSXFF AM'));
Insert into HOSPITAL.APPOINTMENT (AID,PATIENTID,DOCTORID,ROOMID,DIAGNOSIS,STARTDATE_TIME,ENDDATE_TIME) values (395,6,16,'R226','Multiple sclerosis',to_timestamp('26-MAY-22 05.07.40.000000000 PM','DD-MON-RR HH.MI.SSXFF AM'),to_timestamp('27-MAY-22 05.07.40.000000000 PM','DD-MON-RR HH.MI.SSXFF AM'));
Insert into HOSPITAL.APPOINTMENT (AID,PATIENTID,DOCTORID,ROOMID,DIAGNOSIS,STARTDATE_TIME,ENDDATE_TIME) values (396,5,48,'R327','Myasthenia gravis',to_timestamp('05-MAY-22 05.39.24.000000000 PM','DD-MON-RR HH.MI.SSXFF AM'),to_timestamp('06-MAY-22 05.39.24.000000000 PM','DD-MON-RR HH.MI.SSXFF AM'));
Insert into HOSPITAL.APPOINTMENT (AID,PATIENTID,DOCTORID,ROOMID,DIAGNOSIS,STARTDATE_TIME,ENDDATE_TIME) values (397,4,24,'R328','Nephrotic syndrome',to_timestamp('18-JUL-22 09.56.29.000000000 PM','DD-MON-RR HH.MI.SSXFF AM'),to_timestamp('19-JUL-22 09.56.29.000000000 PM','DD-MON-RR HH.MI.SSXFF AM'));
Insert into HOSPITAL.APPOINTMENT (AID,PATIENTID,DOCTORID,ROOMID,DIAGNOSIS,STARTDATE_TIME,ENDDATE_TIME) values (398,3,35,'R329','Osteoarthritis',to_timestamp('06-AUG-22 07.27.02.000000000 PM','DD-MON-RR HH.MI.SSXFF AM'),to_timestamp('07-AUG-22 07.27.02.000000000 PM','DD-MON-RR HH.MI.SSXFF AM'));
Insert into HOSPITAL.APPOINTMENT (AID,PATIENTID,DOCTORID,ROOMID,DIAGNOSIS,STARTDATE_TIME,ENDDATE_TIME) values (399,2,8,'R330','Osteoporosis',to_timestamp('26-MAR-22 10.30.10.000000000 AM','DD-MON-RR HH.MI.SSXFF AM'),to_timestamp('27-MAR-22 10.30.10.000000000 AM','DD-MON-RR HH.MI.SSXFF AM'));
Insert into HOSPITAL.APPOINTMENT (AID,PATIENTID,DOCTORID,ROOMID,DIAGNOSIS,STARTDATE_TIME,ENDDATE_TIME) values (400,1,39,'R331','Parkinson''s disease',to_timestamp('23-JUL-22 11.11.16.000000000 PM','DD-MON-RR HH.MI.SSXFF AM'),to_timestamp('24-JUL-22 11.11.16.000000000 PM','DD-MON-RR HH.MI.SSXFF AM'));
Insert into HOSPITAL.APPOINTMENT (AID,PATIENTID,DOCTORID,ROOMID,DIAGNOSIS,STARTDATE_TIME,ENDDATE_TIME) values (1,400,33,'R101',' ADD/ADHD',to_timestamp('02-AUG-22 01.44.56.000000000 PM','DD-MON-RR HH.MI.SSXFF AM'),to_timestamp('03-AUG-22 02.41.42.000000000 PM','DD-MON-RR HH.MI.SSXFF AM'));
Insert into HOSPITAL.APPOINTMENT (AID,PATIENTID,DOCTORID,ROOMID,DIAGNOSIS,STARTDATE_TIME,ENDDATE_TIME) values (2,399,31,'R102',' Alzheimer''s Disease',to_timestamp('08-FEB-22 11.44.08.000000000 PM','DD-MON-RR HH.MI.SSXFF AM'),to_timestamp('09-FEB-22 12.07.56.000000000 AM','DD-MON-RR HH.MI.SSXFF AM'));
Insert into HOSPITAL.APPOINTMENT (AID,PATIENTID,DOCTORID,ROOMID,DIAGNOSIS,STARTDATE_TIME,ENDDATE_TIME) values (3,398,1,'R103',' Arthritis',to_timestamp('07-JUN-22 01.45.27.000000000 AM','DD-MON-RR HH.MI.SSXFF AM'),to_timestamp('08-JUN-22 04.11.23.000000000 AM','DD-MON-RR HH.MI.SSXFF AM'));
Insert into HOSPITAL.APPOINTMENT (AID,PATIENTID,DOCTORID,ROOMID,DIAGNOSIS,STARTDATE_TIME,ENDDATE_TIME) values (4,397,32,'R104',' Asthma',to_timestamp('10-MAR-22 06.51.52.000000000 AM','DD-MON-RR HH.MI.SSXFF AM'),to_timestamp('11-MAR-22 07.46.35.000000000 AM','DD-MON-RR HH.MI.SSXFF AM'));
Insert into HOSPITAL.APPOINTMENT (AID,PATIENTID,DOCTORID,ROOMID,DIAGNOSIS,STARTDATE_TIME,ENDDATE_TIME) values (5,396,23,'R105',' Autism',to_timestamp('03-MAR-22 09.41.44.000000000 AM','DD-MON-RR HH.MI.SSXFF AM'),to_timestamp('04-MAR-22 08.19.09.000000000 AM','DD-MON-RR HH.MI.SSXFF AM'));
Insert into HOSPITAL.APPOINTMENT (AID,PATIENTID,DOCTORID,ROOMID,DIAGNOSIS,STARTDATE_TIME,ENDDATE_TIME) values (6,395,38,'R206',' Celiac Disease',to_timestamp('07-MAY-22 06.30.13.000000000 AM','DD-MON-RR HH.MI.SSXFF AM'),to_timestamp('08-MAY-22 07.10.30.000000000 AM','DD-MON-RR HH.MI.SSXFF AM'));
Insert into HOSPITAL.APPOINTMENT (AID,PATIENTID,DOCTORID,ROOMID,DIAGNOSIS,STARTDATE_TIME,ENDDATE_TIME) values (7,394,18,'R207',' Crohn''s Disease',to_timestamp('13-APR-22 12.36.05.000000000 AM','DD-MON-RR HH.MI.SSXFF AM'),to_timestamp('14-APR-22 02.41.11.000000000 AM','DD-MON-RR HH.MI.SSXFF AM'));
Insert into HOSPITAL.APPOINTMENT (AID,PATIENTID,DOCTORID,ROOMID,DIAGNOSIS,STARTDATE_TIME,ENDDATE_TIME) values (8,393,29,'R208',' Depression',to_timestamp('22-APR-22 05.16.43.000000000 PM','DD-MON-RR HH.MI.SSXFF AM'),to_timestamp('23-APR-22 12.27.48.000000000 AM','DD-MON-RR HH.MI.SSXFF AM'));
Insert into HOSPITAL.APPOINTMENT (AID,PATIENTID,DOCTORID,ROOMID,DIAGNOSIS,STARTDATE_TIME,ENDDATE_TIME) values (9,392,10,'R209',' Diabetes',to_timestamp('19-SEP-22 02.48.42.000000000 AM','DD-MON-RR HH.MI.SSXFF AM'),to_timestamp('20-SEP-22 04.05.34.000000000 AM','DD-MON-RR HH.MI.SSXFF AM'));
Insert into HOSPITAL.APPOINTMENT (AID,PATIENTID,DOCTORID,ROOMID,DIAGNOSIS,STARTDATE_TIME,ENDDATE_TIME) values (10,391,20,'R210',' Eating Disorders',to_timestamp('24-JAN-22 04.53.55.000000000 AM','DD-MON-RR HH.MI.SSXFF AM'),to_timestamp('25-JAN-22 05.51.43.000000000 AM','DD-MON-RR HH.MI.SSXFF AM'));
Insert into HOSPITAL.APPOINTMENT (AID,PATIENTID,DOCTORID,ROOMID,DIAGNOSIS,STARTDATE_TIME,ENDDATE_TIME) values (11,390,30,'R211',' Epilepsy',to_timestamp('18-MAY-22 07.26.40.000000000 PM','DD-MON-RR HH.MI.SSXFF AM'),to_timestamp('19-MAY-22 08.13.56.000000000 PM','DD-MON-RR HH.MI.SSXFF AM'));
Insert into HOSPITAL.APPOINTMENT (AID,PATIENTID,DOCTORID,ROOMID,DIAGNOSIS,STARTDATE_TIME,ENDDATE_TIME) values (12,389,13,'R212',' GERD',to_timestamp('29-JUL-22 05.32.49.000000000 AM','DD-MON-RR HH.MI.SSXFF AM'),to_timestamp('30-JUL-22 05.21.15.000000000 AM','DD-MON-RR HH.MI.SSXFF AM'));
Insert into HOSPITAL.APPOINTMENT (AID,PATIENTID,DOCTORID,ROOMID,DIAGNOSIS,STARTDATE_TIME,ENDDATE_TIME) values (13,388,29,'R213',' Heart Disease',to_timestamp('24-MAR-22 01.01.38.000000000 AM','DD-MON-RR HH.MI.SSXFF AM'),to_timestamp('25-MAR-22 12.17.51.000000000 AM','DD-MON-RR HH.MI.SSXFF AM'));
Insert into HOSPITAL.APPOINTMENT (AID,PATIENTID,DOCTORID,ROOMID,DIAGNOSIS,STARTDATE_TIME,ENDDATE_TIME) values (14,387,11,'R214',' Hepatitis',to_timestamp('23-APR-22 11.27.43.000000000 AM','DD-MON-RR HH.MI.SSXFF AM'),to_timestamp('24-APR-22 11.44.38.000000000 AM','DD-MON-RR HH.MI.SSXFF AM'));
Insert into HOSPITAL.APPOINTMENT (AID,PATIENTID,DOCTORID,ROOMID,DIAGNOSIS,STARTDATE_TIME,ENDDATE_TIME) values (15,386,16,'R215',' High Blood Pressure',to_timestamp('15-FEB-22 03.37.11.000000000 PM','DD-MON-RR HH.MI.SSXFF AM'),to_timestamp('15-FEB-22 04.56.54.000000000 PM','DD-MON-RR HH.MI.SSXFF AM'));
Insert into HOSPITAL.APPOINTMENT (AID,PATIENTID,DOCTORID,ROOMID,DIAGNOSIS,STARTDATE_TIME,ENDDATE_TIME) values (16,385,30,'R216',' Kidney Disease',to_timestamp('14-MAY-22 08.26.36.000000000 AM','DD-MON-RR HH.MI.SSXFF AM'),to_timestamp('15-MAY-22 11.11.43.000000000 AM','DD-MON-RR HH.MI.SSXFF AM'));
Insert into HOSPITAL.APPOINTMENT (AID,PATIENTID,DOCTORID,ROOMID,DIAGNOSIS,STARTDATE_TIME,ENDDATE_TIME) values (17,384,27,'R217',' Lupus',to_timestamp('16-APR-22 09.11.01.000000000 AM','DD-MON-RR HH.MI.SSXFF AM'),to_timestamp('17-APR-22 09.54.08.000000000 AM','DD-MON-RR HH.MI.SSXFF AM'));
Insert into HOSPITAL.APPOINTMENT (AID,PATIENTID,DOCTORID,ROOMID,DIAGNOSIS,STARTDATE_TIME,ENDDATE_TIME) values (18,383,19,'R218',' Lyme Disease',to_timestamp('13-JAN-22 11.28.41.000000000 PM','DD-MON-RR HH.MI.SSXFF AM'),to_timestamp('14-JAN-22 02.23.14.000000000 AM','DD-MON-RR HH.MI.SSXFF AM'));
Insert into HOSPITAL.APPOINTMENT (AID,PATIENTID,DOCTORID,ROOMID,DIAGNOSIS,STARTDATE_TIME,ENDDATE_TIME) values (19,382,24,'R219',' Migraines',to_timestamp('03-FEB-22 11.30.55.000000000 PM','DD-MON-RR HH.MI.SSXFF AM'),to_timestamp('04-FEB-22 04.27.43.000000000 AM','DD-MON-RR HH.MI.SSXFF AM'));
Insert into HOSPITAL.APPOINTMENT (AID,PATIENTID,DOCTORID,ROOMID,DIAGNOSIS,STARTDATE_TIME,ENDDATE_TIME) values (20,381,40,'R220',' Multiple Sclerosis',to_timestamp('21-MAR-22 11.08.21.000000000 PM','DD-MON-RR HH.MI.SSXFF AM'),to_timestamp('22-MAR-22 01.10.02.000000000 AM','DD-MON-RR HH.MI.SSXFF AM'));
Insert into HOSPITAL.APPOINTMENT (AID,PATIENTID,DOCTORID,ROOMID,DIAGNOSIS,STARTDATE_TIME,ENDDATE_TIME) values (21,380,22,'R221',' Narcolepsy',to_timestamp('25-JAN-22 10.28.18.000000000 PM','DD-MON-RR HH.MI.SSXFF AM'),to_timestamp('26-JAN-22 01.49.10.000000000 AM','DD-MON-RR HH.MI.SSXFF AM'));
Insert into HOSPITAL.APPOINTMENT (AID,PATIENTID,DOCTORID,ROOMID,DIAGNOSIS,STARTDATE_TIME,ENDDATE_TIME) values (22,379,23,'R222',' Obesity',to_timestamp('29-AUG-22 10.31.28.000000000 PM','DD-MON-RR HH.MI.SSXFF AM'),to_timestamp('30-AUG-22 12.36.17.000000000 AM','DD-MON-RR HH.MI.SSXFF AM'));
Insert into HOSPITAL.APPOINTMENT (AID,PATIENTID,DOCTORID,ROOMID,DIAGNOSIS,STARTDATE_TIME,ENDDATE_TIME) values (23,378,8,'R223',' OCD',to_timestamp('04-SEP-22 04.39.18.000000000 AM','DD-MON-RR HH.MI.SSXFF AM'),to_timestamp('05-SEP-22 06.21.31.000000000 AM','DD-MON-RR HH.MI.SSXFF AM'));
Insert into HOSPITAL.APPOINTMENT (AID,PATIENTID,DOCTORID,ROOMID,DIAGNOSIS,STARTDATE_TIME,ENDDATE_TIME) values (24,377,37,'R224',' Osteoporosis',to_timestamp('31-MAY-22 09.45.59.000000000 AM','DD-MON-RR HH.MI.SSXFF AM'),to_timestamp('01-JUN-22 06.48.27.000000000 AM','DD-MON-RR HH.MI.SSXFF AM'));
Insert into HOSPITAL.APPOINTMENT (AID,PATIENTID,DOCTORID,ROOMID,DIAGNOSIS,STARTDATE_TIME,ENDDATE_TIME) values (25,376,6,'R225',' Parkinson''s Disease',to_timestamp('03-AUG-22 08.24.06.000000000 AM','DD-MON-RR HH.MI.SSXFF AM'),to_timestamp('04-AUG-22 12.48.46.000000000 PM','DD-MON-RR HH.MI.SSXFF AM'));
Insert into HOSPITAL.APPOINTMENT (AID,PATIENTID,DOCTORID,ROOMID,DIAGNOSIS,STARTDATE_TIME,ENDDATE_TIME) values (26,375,34,'R226',' Pregnancy',to_timestamp('27-JUL-22 02.15.38.000000000 AM','DD-MON-RR HH.MI.SSXFF AM'),to_timestamp('28-JUL-22 12.12.47.000000000 AM','DD-MON-RR HH.MI.SSXFF AM'));
Insert into HOSPITAL.APPOINTMENT (AID,PATIENTID,DOCTORID,ROOMID,DIAGNOSIS,STARTDATE_TIME,ENDDATE_TIME) values (27,374,5,'R327',' PTSD',to_timestamp('16-MAR-22 10.07.28.000000000 PM','DD-MON-RR HH.MI.SSXFF AM'),to_timestamp('17-MAR-22 12.19.17.000000000 AM','DD-MON-RR HH.MI.SSXFF AM'));
Insert into HOSPITAL.APPOINTMENT (AID,PATIENTID,DOCTORID,ROOMID,DIAGNOSIS,STARTDATE_TIME,ENDDATE_TIME) values (28,373,34,'R328',' Schizophrenia',to_timestamp('14-MAR-22 01.48.19.000000000 PM','DD-MON-RR HH.MI.SSXFF AM'),to_timestamp('15-MAR-22 02.22.32.000000000 PM','DD-MON-RR HH.MI.SSXFF AM'));
Insert into HOSPITAL.APPOINTMENT (AID,PATIENTID,DOCTORID,ROOMID,DIAGNOSIS,STARTDATE_TIME,ENDDATE_TIME) values (29,372,8,'R329',' SIDS',to_timestamp('07-APR-22 09.09.49.000000000 PM','DD-MON-RR HH.MI.SSXFF AM'),to_timestamp('08-APR-22 10.58.12.000000000 PM','DD-MON-RR HH.MI.SSXFF AM'));
Insert into HOSPITAL.APPOINTMENT (AID,PATIENTID,DOCTORID,ROOMID,DIAGNOSIS,STARTDATE_TIME,ENDDATE_TIME) values (30,371,36,'R330',' Sleep Apnea',to_timestamp('13-SEP-22 11.11.55.000000000 PM','DD-MON-RR HH.MI.SSXFF AM'),to_timestamp('14-SEP-22 01.29.41.000000000 AM','DD-MON-RR HH.MI.SSXFF AM'));
Insert into HOSPITAL.APPOINTMENT (AID,PATIENTID,DOCTORID,ROOMID,DIAGNOSIS,STARTDATE_TIME,ENDDATE_TIME) values (31,370,44,'R331',' STDs',to_timestamp('25-JAN-22 06.30.52.000000000 AM','DD-MON-RR HH.MI.SSXFF AM'),to_timestamp('26-JAN-22 12.17.59.000000000 PM','DD-MON-RR HH.MI.SSXFF AM'));
Insert into HOSPITAL.APPOINTMENT (AID,PATIENTID,DOCTORID,ROOMID,DIAGNOSIS,STARTDATE_TIME,ENDDATE_TIME) values (32,369,22,'R332',' Thyroid Disease',to_timestamp('04-FEB-22 12.48.05.000000000 PM','DD-MON-RR HH.MI.SSXFF AM'),to_timestamp('05-FEB-22 01.36.38.000000000 PM','DD-MON-RR HH.MI.SSXFF AM'));
Insert into HOSPITAL.APPOINTMENT (AID,PATIENTID,DOCTORID,ROOMID,DIAGNOSIS,STARTDATE_TIME,ENDDATE_TIME) values (33,368,38,'R333',' Tinnitus',to_timestamp('17-JAN-22 05.52.26.000000000 PM','DD-MON-RR HH.MI.SSXFF AM'),to_timestamp('18-JAN-22 07.20.45.000000000 PM','DD-MON-RR HH.MI.SSXFF AM'));
Insert into HOSPITAL.APPOINTMENT (AID,PATIENTID,DOCTORID,ROOMID,DIAGNOSIS,STARTDATE_TIME,ENDDATE_TIME) values (34,367,10,'R334',' Ulcerative Colitis',to_timestamp('02-APR-22 03.41.21.000000000 PM','DD-MON-RR HH.MI.SSXFF AM'),to_timestamp('03-APR-22 05.00.15.000000000 PM','DD-MON-RR HH.MI.SSXFF AM'));
Insert into HOSPITAL.APPOINTMENT (AID,PATIENTID,DOCTORID,ROOMID,DIAGNOSIS,STARTDATE_TIME,ENDDATE_TIME) values (35,366,36,'R335',' Urinary Tract Infection',to_timestamp('14-JAN-22 12.06.26.000000000 AM','DD-MON-RR HH.MI.SSXFF AM'),to_timestamp('15-JAN-22 02.48.10.000000000 AM','DD-MON-RR HH.MI.SSXFF AM'));
Insert into HOSPITAL.APPOINTMENT (AID,PATIENTID,DOCTORID,ROOMID,DIAGNOSIS,STARTDATE_TIME,ENDDATE_TIME) values (36,365,24,'R336',' Alzheimer''s disease',to_timestamp('27-JAN-22 12.33.44.000000000 PM','DD-MON-RR HH.MI.SSXFF AM'),to_timestamp('28-JAN-22 02.02.04.000000000 PM','DD-MON-RR HH.MI.SSXFF AM'));
Insert into HOSPITAL.APPOINTMENT (AID,PATIENTID,DOCTORID,ROOMID,DIAGNOSIS,STARTDATE_TIME,ENDDATE_TIME) values (37,364,36,'R337',' Arthritis',to_timestamp('04-SEP-22 09.23.47.000000000 AM','DD-MON-RR HH.MI.SSXFF AM'),to_timestamp('05-SEP-22 10.55.55.000000000 AM','DD-MON-RR HH.MI.SSXFF AM'));
Insert into HOSPITAL.APPOINTMENT (AID,PATIENTID,DOCTORID,ROOMID,DIAGNOSIS,STARTDATE_TIME,ENDDATE_TIME) values (38,363,50,'R338',' Asthma',to_timestamp('24-MAY-22 05.19.31.000000000 PM','DD-MON-RR HH.MI.SSXFF AM'),to_timestamp('25-MAY-22 06.53.53.000000000 PM','DD-MON-RR HH.MI.SSXFF AM'));
Insert into HOSPITAL.APPOINTMENT (AID,PATIENTID,DOCTORID,ROOMID,DIAGNOSIS,STARTDATE_TIME,ENDDATE_TIME) values (39,362,38,'R339',' Breast cancer',to_timestamp('09-MAY-22 12.36.54.000000000 PM','DD-MON-RR HH.MI.SSXFF AM'),to_timestamp('10-MAY-22 02.22.25.000000000 PM','DD-MON-RR HH.MI.SSXFF AM'));
Insert into HOSPITAL.APPOINTMENT (AID,PATIENTID,DOCTORID,ROOMID,DIAGNOSIS,STARTDATE_TIME,ENDDATE_TIME) values (40,361,33,'R340',' Colon cancer',to_timestamp('26-AUG-22 09.52.15.000000000 AM','DD-MON-RR HH.MI.SSXFF AM'),to_timestamp('27-AUG-22 10.27.46.000000000 AM','DD-MON-RR HH.MI.SSXFF AM'));
Insert into HOSPITAL.APPOINTMENT (AID,PATIENTID,DOCTORID,ROOMID,DIAGNOSIS,STARTDATE_TIME,ENDDATE_TIME) values (41,360,40,'R341',' Crohn''s disease',to_timestamp('13-AUG-22 06.56.21.000000000 AM','DD-MON-RR HH.MI.SSXFF AM'),to_timestamp('14-AUG-22 04.14.17.000000000 AM','DD-MON-RR HH.MI.SSXFF AM'));
Insert into HOSPITAL.APPOINTMENT (AID,PATIENTID,DOCTORID,ROOMID,DIAGNOSIS,STARTDATE_TIME,ENDDATE_TIME) values (42,359,18,'R101',' Depression',to_timestamp('07-JUL-22 10.02.42.000000000 PM','DD-MON-RR HH.MI.SSXFF AM'),to_timestamp('08-JUL-22 12.15.55.000000000 AM','DD-MON-RR HH.MI.SSXFF AM'));
Insert into HOSPITAL.APPOINTMENT (AID,PATIENTID,DOCTORID,ROOMID,DIAGNOSIS,STARTDATE_TIME,ENDDATE_TIME) values (43,358,32,'R102',' Diabetes',to_timestamp('26-MAR-22 12.25.23.000000000 PM','DD-MON-RR HH.MI.SSXFF AM'),to_timestamp('27-MAR-22 01.10.14.000000000 PM','DD-MON-RR HH.MI.SSXFF AM'));
Insert into HOSPITAL.APPOINTMENT (AID,PATIENTID,DOCTORID,ROOMID,DIAGNOSIS,STARTDATE_TIME,ENDDATE_TIME) values (44,357,17,'R103',' Endometriosis',to_timestamp('01-MAY-22 02.50.41.000000000 AM','DD-MON-RR HH.MI.SSXFF AM'),to_timestamp('02-MAY-22 05.48.22.000000000 AM','DD-MON-RR HH.MI.SSXFF AM'));
Insert into HOSPITAL.APPOINTMENT (AID,PATIENTID,DOCTORID,ROOMID,DIAGNOSIS,STARTDATE_TIME,ENDDATE_TIME) values (45,356,18,'R104',' Epilepsy',to_timestamp('12-FEB-22 03.48.17.000000000 PM','DD-MON-RR HH.MI.SSXFF AM'),to_timestamp('13-FEB-22 04.55.59.000000000 PM','DD-MON-RR HH.MI.SSXFF AM'));
Insert into HOSPITAL.APPOINTMENT (AID,PATIENTID,DOCTORID,ROOMID,DIAGNOSIS,STARTDATE_TIME,ENDDATE_TIME) values (46,355,28,'R105',' Fibromyalgia',to_timestamp('02-MAY-22 03.47.25.000000000 AM','DD-MON-RR HH.MI.SSXFF AM'),to_timestamp('03-MAY-22 05.19.08.000000000 AM','DD-MON-RR HH.MI.SSXFF AM'));
Insert into HOSPITAL.APPOINTMENT (AID,PATIENTID,DOCTORID,ROOMID,DIAGNOSIS,STARTDATE_TIME,ENDDATE_TIME) values (47,354,17,'R206',' Gastroesophageal reflux disease (GERD)',to_timestamp('20-JUN-22 02.23.54.000000000 PM','DD-MON-RR HH.MI.SSXFF AM'),to_timestamp('21-JUN-22 04.01.46.000000000 PM','DD-MON-RR HH.MI.SSXFF AM'));
Insert into HOSPITAL.APPOINTMENT (AID,PATIENTID,DOCTORID,ROOMID,DIAGNOSIS,STARTDATE_TIME,ENDDATE_TIME) values (48,353,41,'R207',' Hashimoto''s disease',to_timestamp('11-MAR-22 07.06.13.000000000 AM','DD-MON-RR HH.MI.SSXFF AM'),to_timestamp('12-MAR-22 08.13.13.000000000 AM','DD-MON-RR HH.MI.SSXFF AM'));
Insert into HOSPITAL.APPOINTMENT (AID,PATIENTID,DOCTORID,ROOMID,DIAGNOSIS,STARTDATE_TIME,ENDDATE_TIME) values (49,352,38,'R208',' Heart disease',to_timestamp('13-JUL-22 04.56.55.000000000 PM','DD-MON-RR HH.MI.SSXFF AM'),to_timestamp('14-JUL-22 06.45.20.000000000 PM','DD-MON-RR HH.MI.SSXFF AM'));
Insert into HOSPITAL.APPOINTMENT (AID,PATIENTID,DOCTORID,ROOMID,DIAGNOSIS,STARTDATE_TIME,ENDDATE_TIME) values (50,351,36,'R209',' Hemorrhoids',to_timestamp('14-AUG-22 02.35.41.000000000 AM','DD-MON-RR HH.MI.SSXFF AM'),to_timestamp('15-AUG-22 04.37.34.000000000 AM','DD-MON-RR HH.MI.SSXFF AM'));
Insert into HOSPITAL.APPOINTMENT (AID,PATIENTID,DOCTORID,ROOMID,DIAGNOSIS,STARTDATE_TIME,ENDDATE_TIME) values (51,350,26,'R210',' Hepatitis C',to_timestamp('20-APR-22 12.21.34.000000000 AM','DD-MON-RR HH.MI.SSXFF AM'),to_timestamp('21-APR-22 02.12.37.000000000 AM','DD-MON-RR HH.MI.SSXFF AM'));
Insert into HOSPITAL.APPOINTMENT (AID,PATIENTID,DOCTORID,ROOMID,DIAGNOSIS,STARTDATE_TIME,ENDDATE_TIME) values (52,349,34,'R211',' High blood pressure (hypertension)',to_timestamp('20-MAR-22 09.24.09.000000000 AM','DD-MON-RR HH.MI.SSXFF AM'),to_timestamp('21-MAR-22 10.42.02.000000000 AM','DD-MON-RR HH.MI.SSXFF AM'));
Insert into HOSPITAL.APPOINTMENT (AID,PATIENTID,DOCTORID,ROOMID,DIAGNOSIS,STARTDATE_TIME,ENDDATE_TIME) values (53,348,6,'R212',' High cholesterol',to_timestamp('29-JAN-22 08.56.44.000000000 PM','DD-MON-RR HH.MI.SSXFF AM'),to_timestamp('30-JAN-22 11.05.02.000000000 PM','DD-MON-RR HH.MI.SSXFF AM'));
Insert into HOSPITAL.APPOINTMENT (AID,PATIENTID,DOCTORID,ROOMID,DIAGNOSIS,STARTDATE_TIME,ENDDATE_TIME) values (54,347,50,'R213',' HIV/AIDS',to_timestamp('10-JUL-22 01.12.17.000000000 AM','DD-MON-RR HH.MI.SSXFF AM'),to_timestamp('11-JUL-22 02.52.43.000000000 AM','DD-MON-RR HH.MI.SSXFF AM'));
Insert into HOSPITAL.APPOINTMENT (AID,PATIENTID,DOCTORID,ROOMID,DIAGNOSIS,STARTDATE_TIME,ENDDATE_TIME) values (55,346,23,'R214',' Huntington''s disease',to_timestamp('13-MAY-22 10.18.48.000000000 PM','DD-MON-RR HH.MI.SSXFF AM'),to_timestamp('14-MAY-22 12.48.22.000000000 AM','DD-MON-RR HH.MI.SSXFF AM'));
Insert into HOSPITAL.APPOINTMENT (AID,PATIENTID,DOCTORID,ROOMID,DIAGNOSIS,STARTDATE_TIME,ENDDATE_TIME) values (56,345,27,'R215',' Irritable bowel syndrome (IBS)',to_timestamp('25-JUL-22 06.06.54.000000000 PM','DD-MON-RR HH.MI.SSXFF AM'),to_timestamp('26-JUL-22 08.15.23.000000000 PM','DD-MON-RR HH.MI.SSXFF AM'));
Insert into HOSPITAL.APPOINTMENT (AID,PATIENTID,DOCTORID,ROOMID,DIAGNOSIS,STARTDATE_TIME,ENDDATE_TIME) values (57,344,35,'R216',' Kidney disease',to_timestamp('08-MAY-22 02.04.18.000000000 AM','DD-MON-RR HH.MI.SSXFF AM'),to_timestamp('09-MAY-22 04.50.43.000000000 AM','DD-MON-RR HH.MI.SSXFF AM'));
Insert into HOSPITAL.APPOINTMENT (AID,PATIENTID,DOCTORID,ROOMID,DIAGNOSIS,STARTDATE_TIME,ENDDATE_TIME) values (58,343,37,'R217',' Leukemia',to_timestamp('21-JUL-22 07.35.40.000000000 AM','DD-MON-RR HH.MI.SSXFF AM'),to_timestamp('22-JUL-22 09.47.00.000000000 AM','DD-MON-RR HH.MI.SSXFF AM'));
Insert into HOSPITAL.APPOINTMENT (AID,PATIENTID,DOCTORID,ROOMID,DIAGNOSIS,STARTDATE_TIME,ENDDATE_TIME) values (59,342,26,'R218',' Lupus',to_timestamp('09-JUL-22 09.06.11.000000000 AM','DD-MON-RR HH.MI.SSXFF AM'),to_timestamp('10-JUL-22 11.11.00.000000000 AM','DD-MON-RR HH.MI.SSXFF AM'));
Insert into HOSPITAL.APPOINTMENT (AID,PATIENTID,DOCTORID,ROOMID,DIAGNOSIS,STARTDATE_TIME,ENDDATE_TIME) values (60,341,48,'R219',' Migraine',to_timestamp('22-MAY-22 10.58.55.000000000 AM','DD-MON-RR HH.MI.SSXFF AM'),to_timestamp('23-MAY-22 12.50.21.000000000 PM','DD-MON-RR HH.MI.SSXFF AM'));
Insert into HOSPITAL.APPOINTMENT (AID,PATIENTID,DOCTORID,ROOMID,DIAGNOSIS,STARTDATE_TIME,ENDDATE_TIME) values (61,340,18,'R220',' Multiple sclerosis (MS)',to_timestamp('24-FEB-22 10.00.06.000000000 PM','DD-MON-RR HH.MI.SSXFF AM'),to_timestamp('25-FEB-22 12.15.50.000000000 AM','DD-MON-RR HH.MI.SSXFF AM'));
Insert into HOSPITAL.APPOINTMENT (AID,PATIENTID,DOCTORID,ROOMID,DIAGNOSIS,STARTDATE_TIME,ENDDATE_TIME) values (62,339,15,'R221',' Myocarditis',to_timestamp('08-FEB-22 06.18.58.000000000 AM','DD-MON-RR HH.MI.SSXFF AM'),to_timestamp('09-FEB-22 08.23.32.000000000 AM','DD-MON-RR HH.MI.SSXFF AM'));
Insert into HOSPITAL.APPOINTMENT (AID,PATIENTID,DOCTORID,ROOMID,DIAGNOSIS,STARTDATE_TIME,ENDDATE_TIME) values (63,338,29,'R222',' Narcolepsy',to_timestamp('26-JUL-22 11.20.07.000000000 PM','DD-MON-RR HH.MI.SSXFF AM'),to_timestamp('27-JUL-22 01.35.43.000000000 AM','DD-MON-RR HH.MI.SSXFF AM'));
Insert into HOSPITAL.APPOINTMENT (AID,PATIENTID,DOCTORID,ROOMID,DIAGNOSIS,STARTDATE_TIME,ENDDATE_TIME) values (64,337,21,'R223',' Nephrotic syndrome',to_timestamp('27-FEB-22 10.24.33.000000000 PM','DD-MON-RR HH.MI.SSXFF AM'),to_timestamp('28-FEB-22 12.30.17.000000000 AM','DD-MON-RR HH.MI.SSXFF AM'));
Insert into HOSPITAL.APPOINTMENT (AID,PATIENTID,DOCTORID,ROOMID,DIAGNOSIS,STARTDATE_TIME,ENDDATE_TIME) values (65,336,40,'R224',' Parkinson''s disease',to_timestamp('30-MAR-22 12.19.16.000000000 PM','DD-MON-RR HH.MI.SSXFF AM'),to_timestamp('31-MAR-22 01.06.15.000000000 PM','DD-MON-RR HH.MI.SSXFF AM'));
Insert into HOSPITAL.APPOINTMENT (AID,PATIENTID,DOCTORID,ROOMID,DIAGNOSIS,STARTDATE_TIME,ENDDATE_TIME) values (66,335,28,'R225',' Pneumonia',to_timestamp('07-APR-22 06.26.58.000000000 PM','DD-MON-RR HH.MI.SSXFF AM'),to_timestamp('08-APR-22 09.19.39.000000000 PM','DD-MON-RR HH.MI.SSXFF AM'));
Insert into HOSPITAL.APPOINTMENT (AID,PATIENTID,DOCTORID,ROOMID,DIAGNOSIS,STARTDATE_TIME,ENDDATE_TIME) values (67,334,44,'R226',' Prostate cancer',to_timestamp('16-JAN-22 09.36.17.000000000 PM','DD-MON-RR HH.MI.SSXFF AM'),to_timestamp('17-JAN-22 11.47.51.000000000 PM','DD-MON-RR HH.MI.SSXFF AM'));
Insert into HOSPITAL.APPOINTMENT (AID,PATIENTID,DOCTORID,ROOMID,DIAGNOSIS,STARTDATE_TIME,ENDDATE_TIME) values (68,333,48,'R327',' Psoriasis',to_timestamp('02-MAY-22 06.00.12.000000000 PM','DD-MON-RR HH.MI.SSXFF AM'),to_timestamp('03-MAY-22 10.48.36.000000000 PM','DD-MON-RR HH.MI.SSXFF AM'));
Insert into HOSPITAL.APPOINTMENT (AID,PATIENTID,DOCTORID,ROOMID,DIAGNOSIS,STARTDATE_TIME,ENDDATE_TIME) values (69,332,34,'R328',' Raynaud''s disease',to_timestamp('16-APR-22 08.25.34.000000000 PM','DD-MON-RR HH.MI.SSXFF AM'),to_timestamp('17-APR-22 10.42.45.000000000 PM','DD-MON-RR HH.MI.SSXFF AM'));
Insert into HOSPITAL.APPOINTMENT (AID,PATIENTID,DOCTORID,ROOMID,DIAGNOSIS,STARTDATE_TIME,ENDDATE_TIME) values (70,331,27,'R329',' Rheumatoid arthritis (RA)',to_timestamp('18-SEP-22 04.12.47.000000000 AM','DD-MON-RR HH.MI.SSXFF AM'),to_timestamp('15-JAN-22 11.50.56.000000000 PM','DD-MON-RR HH.MI.SSXFF AM'));
Insert into HOSPITAL.APPOINTMENT (AID,PATIENTID,DOCTORID,ROOMID,DIAGNOSIS,STARTDATE_TIME,ENDDATE_TIME) values (71,330,23,'R330',' Rosacea',to_timestamp('20-JUL-22 10.39.47.000000000 AM','DD-MON-RR HH.MI.SSXFF AM'),to_timestamp('21-JUL-22 10.39.47.000000000 AM','DD-MON-RR HH.MI.SSXFF AM'));
Insert into HOSPITAL.APPOINTMENT (AID,PATIENTID,DOCTORID,ROOMID,DIAGNOSIS,STARTDATE_TIME,ENDDATE_TIME) values (72,329,14,'R331',' Schizophrenia',to_timestamp('19-JUN-22 02.50.03.000000000 AM','DD-MON-RR HH.MI.SSXFF AM'),to_timestamp('20-JUN-22 02.50.03.000000000 AM','DD-MON-RR HH.MI.SSXFF AM'));
Insert into HOSPITAL.APPOINTMENT (AID,PATIENTID,DOCTORID,ROOMID,DIAGNOSIS,STARTDATE_TIME,ENDDATE_TIME) values (73,328,12,'R332',' Sjögren''s syndrome',to_timestamp('21-FEB-22 04.13.01.000000000 PM','DD-MON-RR HH.MI.SSXFF AM'),to_timestamp('22-FEB-22 04.13.01.000000000 PM','DD-MON-RR HH.MI.SSXFF AM'));
Insert into HOSPITAL.APPOINTMENT (AID,PATIENTID,DOCTORID,ROOMID,DIAGNOSIS,STARTDATE_TIME,ENDDATE_TIME) values (74,327,28,'R333',' Sleep apnea',to_timestamp('13-JUL-22 09.34.34.000000000 AM','DD-MON-RR HH.MI.SSXFF AM'),to_timestamp('14-JUL-22 09.34.34.000000000 AM','DD-MON-RR HH.MI.SSXFF AM'));
Insert into HOSPITAL.APPOINTMENT (AID,PATIENTID,DOCTORID,ROOMID,DIAGNOSIS,STARTDATE_TIME,ENDDATE_TIME) values (75,326,36,'R334',' Thyroid cancer',to_timestamp('25-AUG-22 08.43.29.000000000 AM','DD-MON-RR HH.MI.SSXFF AM'),to_timestamp('26-AUG-22 08.43.29.000000000 AM','DD-MON-RR HH.MI.SSXFF AM'));
Insert into HOSPITAL.APPOINTMENT (AID,PATIENTID,DOCTORID,ROOMID,DIAGNOSIS,STARTDATE_TIME,ENDDATE_TIME) values (76,325,3,'R335',' Thyroid disease',to_timestamp('06-SEP-22 03.52.18.000000000 PM','DD-MON-RR HH.MI.SSXFF AM'),to_timestamp('07-SEP-22 03.52.18.000000000 PM','DD-MON-RR HH.MI.SSXFF AM'));
Insert into HOSPITAL.APPOINTMENT (AID,PATIENTID,DOCTORID,ROOMID,DIAGNOSIS,STARTDATE_TIME,ENDDATE_TIME) values (77,324,4,'R336',' Tourette''s syndrome',to_timestamp('30-APR-22 01.02.35.000000000 AM','DD-MON-RR HH.MI.SSXFF AM'),to_timestamp('01-MAY-22 01.02.35.000000000 AM','DD-MON-RR HH.MI.SSXFF AM'));
Insert into HOSPITAL.APPOINTMENT (AID,PATIENTID,DOCTORID,ROOMID,DIAGNOSIS,STARTDATE_TIME,ENDDATE_TIME) values (78,323,42,'R337',' Ulcerative colitis',to_timestamp('28-JUL-22 05.40.49.000000000 AM','DD-MON-RR HH.MI.SSXFF AM'),to_timestamp('29-JUL-22 05.40.49.000000000 AM','DD-MON-RR HH.MI.SSXFF AM'));
Insert into HOSPITAL.APPOINTMENT (AID,PATIENTID,DOCTORID,ROOMID,DIAGNOSIS,STARTDATE_TIME,ENDDATE_TIME) values (79,322,14,'R338',' Urinary tract infection (UTI)',to_timestamp('02-APR-22 02.05.25.000000000 PM','DD-MON-RR HH.MI.SSXFF AM'),to_timestamp('03-APR-22 02.05.25.000000000 PM','DD-MON-RR HH.MI.SSXFF AM'));
Insert into HOSPITAL.APPOINTMENT (AID,PATIENTID,DOCTORID,ROOMID,DIAGNOSIS,STARTDATE_TIME,ENDDATE_TIME) values (80,321,41,'R339',' Varicose veins',to_timestamp('16-JUL-22 01.13.09.000000000 AM','DD-MON-RR HH.MI.SSXFF AM'),to_timestamp('17-JUL-22 01.13.09.000000000 AM','DD-MON-RR HH.MI.SSXFF AM'));
Insert into HOSPITAL.APPOINTMENT (AID,PATIENTID,DOCTORID,ROOMID,DIAGNOSIS,STARTDATE_TIME,ENDDATE_TIME) values (81,320,27,'R340',' Venous thromboembolism (VTE)',to_timestamp('26-FEB-22 07.18.28.000000000 AM','DD-MON-RR HH.MI.SSXFF AM'),to_timestamp('27-FEB-22 07.18.28.000000000 AM','DD-MON-RR HH.MI.SSXFF AM'));
Insert into HOSPITAL.APPOINTMENT (AID,PATIENTID,DOCTORID,ROOMID,DIAGNOSIS,STARTDATE_TIME,ENDDATE_TIME) values (82,319,2,'R341',' Vitamin D deficiency',to_timestamp('19-AUG-22 08.00.25.000000000 AM','DD-MON-RR HH.MI.SSXFF AM'),to_timestamp('20-AUG-22 08.00.25.000000000 AM','DD-MON-RR HH.MI.SSXFF AM'));
Insert into HOSPITAL.APPOINTMENT (AID,PATIENTID,DOCTORID,ROOMID,DIAGNOSIS,STARTDATE_TIME,ENDDATE_TIME) values (83,318,34,'R101',' Werner syndrome',to_timestamp('07-APR-22 12.29.22.000000000 AM','DD-MON-RR HH.MI.SSXFF AM'),to_timestamp('08-APR-22 12.29.22.000000000 AM','DD-MON-RR HH.MI.SSXFF AM'));
Insert into HOSPITAL.APPOINTMENT (AID,PATIENTID,DOCTORID,ROOMID,DIAGNOSIS,STARTDATE_TIME,ENDDATE_TIME) values (84,317,27,'R102',' Wilson''s disease',to_timestamp('13-AUG-22 11.25.30.000000000 AM','DD-MON-RR HH.MI.SSXFF AM'),to_timestamp('14-AUG-22 11.25.30.000000000 AM','DD-MON-RR HH.MI.SSXFF AM'));
Insert into HOSPITAL.APPOINTMENT (AID,PATIENTID,DOCTORID,ROOMID,DIAGNOSIS,STARTDATE_TIME,ENDDATE_TIME) values (85,316,4,'R103',' Acanthosis nigricans',to_timestamp('01-APR-22 08.09.22.000000000 PM','DD-MON-RR HH.MI.SSXFF AM'),to_timestamp('02-APR-22 08.09.22.000000000 PM','DD-MON-RR HH.MI.SSXFF AM'));
Insert into HOSPITAL.APPOINTMENT (AID,PATIENTID,DOCTORID,ROOMID,DIAGNOSIS,STARTDATE_TIME,ENDDATE_TIME) values (86,315,43,'R104',' Acute coronary syndrome',to_timestamp('30-JUL-22 04.35.36.000000000 PM','DD-MON-RR HH.MI.SSXFF AM'),to_timestamp('31-JUL-22 04.35.36.000000000 PM','DD-MON-RR HH.MI.SSXFF AM'));
Insert into HOSPITAL.APPOINTMENT (AID,PATIENTID,DOCTORID,ROOMID,DIAGNOSIS,STARTDATE_TIME,ENDDATE_TIME) values (87,314,2,'R105',' Acute kidney injury',to_timestamp('08-APR-22 10.24.27.000000000 AM','DD-MON-RR HH.MI.SSXFF AM'),to_timestamp('09-APR-22 10.24.27.000000000 AM','DD-MON-RR HH.MI.SSXFF AM'));
Insert into HOSPITAL.APPOINTMENT (AID,PATIENTID,DOCTORID,ROOMID,DIAGNOSIS,STARTDATE_TIME,ENDDATE_TIME) values (88,313,34,'R206',' Acute respiratory distress syndrome',to_timestamp('31-JAN-22 01.39.30.000000000 PM','DD-MON-RR HH.MI.SSXFF AM'),to_timestamp('01-FEB-22 01.39.30.000000000 PM','DD-MON-RR HH.MI.SSXFF AM'));
Insert into HOSPITAL.APPOINTMENT (AID,PATIENTID,DOCTORID,ROOMID,DIAGNOSIS,STARTDATE_TIME,ENDDATE_TIME) values (89,312,7,'R207',' Addison''s disease',to_timestamp('04-SEP-22 03.10.22.000000000 AM','DD-MON-RR HH.MI.SSXFF AM'),to_timestamp('05-SEP-22 03.10.22.000000000 AM','DD-MON-RR HH.MI.SSXFF AM'));
Insert into HOSPITAL.APPOINTMENT (AID,PATIENTID,DOCTORID,ROOMID,DIAGNOSIS,STARTDATE_TIME,ENDDATE_TIME) values (90,311,48,'R208',' AIDS-related complex',to_timestamp('20-JUL-22 11.49.47.000000000 PM','DD-MON-RR HH.MI.SSXFF AM'),to_timestamp('21-JUL-22 11.49.47.000000000 PM','DD-MON-RR HH.MI.SSXFF AM'));
Insert into HOSPITAL.APPOINTMENT (AID,PATIENTID,DOCTORID,ROOMID,DIAGNOSIS,STARTDATE_TIME,ENDDATE_TIME) values (91,310,29,'R209',' Alcohol dependence',to_timestamp('03-FEB-22 09.27.06.000000000 AM','DD-MON-RR HH.MI.SSXFF AM'),to_timestamp('04-FEB-22 09.27.06.000000000 AM','DD-MON-RR HH.MI.SSXFF AM'));
Insert into HOSPITAL.APPOINTMENT (AID,PATIENTID,DOCTORID,ROOMID,DIAGNOSIS,STARTDATE_TIME,ENDDATE_TIME) values (92,309,6,'R210',' Alcoholic hepatitis',to_timestamp('04-MAY-22 01.15.55.000000000 PM','DD-MON-RR HH.MI.SSXFF AM'),to_timestamp('05-MAY-22 01.15.55.000000000 PM','DD-MON-RR HH.MI.SSXFF AM'));
Insert into HOSPITAL.APPOINTMENT (AID,PATIENTID,DOCTORID,ROOMID,DIAGNOSIS,STARTDATE_TIME,ENDDATE_TIME) values (93,308,20,'R211',' Alzheimer''s disease',to_timestamp('13-AUG-22 10.56.37.000000000 PM','DD-MON-RR HH.MI.SSXFF AM'),to_timestamp('14-AUG-22 10.56.37.000000000 PM','DD-MON-RR HH.MI.SSXFF AM'));
Insert into HOSPITAL.APPOINTMENT (AID,PATIENTID,DOCTORID,ROOMID,DIAGNOSIS,STARTDATE_TIME,ENDDATE_TIME) values (94,307,28,'R212',' Amenorrhea',to_timestamp('28-MAR-22 03.08.07.000000000 AM','DD-MON-RR HH.MI.SSXFF AM'),to_timestamp('29-MAR-22 03.08.07.000000000 AM','DD-MON-RR HH.MI.SSXFF AM'));
Insert into HOSPITAL.APPOINTMENT (AID,PATIENTID,DOCTORID,ROOMID,DIAGNOSIS,STARTDATE_TIME,ENDDATE_TIME) values (95,306,30,'R213',' Anemia',to_timestamp('28-MAR-22 01.54.49.000000000 AM','DD-MON-RR HH.MI.SSXFF AM'),to_timestamp('29-MAR-22 01.54.49.000000000 AM','DD-MON-RR HH.MI.SSXFF AM'));
Insert into HOSPITAL.APPOINTMENT (AID,PATIENTID,DOCTORID,ROOMID,DIAGNOSIS,STARTDATE_TIME,ENDDATE_TIME) values (96,305,11,'R214',' Angina',to_timestamp('14-JUN-22 05.24.08.000000000 PM','DD-MON-RR HH.MI.SSXFF AM'),to_timestamp('15-JUN-22 05.24.08.000000000 PM','DD-MON-RR HH.MI.SSXFF AM'));
Insert into HOSPITAL.APPOINTMENT (AID,PATIENTID,DOCTORID,ROOMID,DIAGNOSIS,STARTDATE_TIME,ENDDATE_TIME) values (97,304,19,'R215',' Aortic aneurysm',to_timestamp('14-AUG-22 05.47.37.000000000 AM','DD-MON-RR HH.MI.SSXFF AM'),to_timestamp('15-AUG-22 05.47.37.000000000 AM','DD-MON-RR HH.MI.SSXFF AM'));
Insert into HOSPITAL.APPOINTMENT (AID,PATIENTID,DOCTORID,ROOMID,DIAGNOSIS,STARTDATE_TIME,ENDDATE_TIME) values (98,303,34,'R216',' Aortic stenosis',to_timestamp('04-JUN-22 04.44.15.000000000 AM','DD-MON-RR HH.MI.SSXFF AM'),to_timestamp('05-JUN-22 04.44.15.000000000 AM','DD-MON-RR HH.MI.SSXFF AM'));
Insert into HOSPITAL.APPOINTMENT (AID,PATIENTID,DOCTORID,ROOMID,DIAGNOSIS,STARTDATE_TIME,ENDDATE_TIME) values (99,302,45,'R217',' Appendicitis',to_timestamp('25-AUG-22 01.37.36.000000000 AM','DD-MON-RR HH.MI.SSXFF AM'),to_timestamp('26-AUG-22 01.37.36.000000000 AM','DD-MON-RR HH.MI.SSXFF AM'));
Insert into HOSPITAL.APPOINTMENT (AID,PATIENTID,DOCTORID,ROOMID,DIAGNOSIS,STARTDATE_TIME,ENDDATE_TIME) values (100,301,36,'R218',' Arrhythmias',to_timestamp('09-JUL-22 11.22.54.000000000 PM','DD-MON-RR HH.MI.SSXFF AM'),to_timestamp('10-JUL-22 11.22.54.000000000 PM','DD-MON-RR HH.MI.SSXFF AM'));
Insert into HOSPITAL.APPOINTMENT (AID,PATIENTID,DOCTORID,ROOMID,DIAGNOSIS,STARTDATE_TIME,ENDDATE_TIME) values (101,300,23,'R219',' Atherosclerosis',to_timestamp('19-MAY-22 02.49.55.000000000 PM','DD-MON-RR HH.MI.SSXFF AM'),to_timestamp('20-MAY-22 02.49.55.000000000 PM','DD-MON-RR HH.MI.SSXFF AM'));
Insert into HOSPITAL.APPOINTMENT (AID,PATIENTID,DOCTORID,ROOMID,DIAGNOSIS,STARTDATE_TIME,ENDDATE_TIME) values (102,299,45,'R220',' Atopic dermatitis',to_timestamp('02-JUL-22 09.52.59.000000000 AM','DD-MON-RR HH.MI.SSXFF AM'),to_timestamp('03-JUL-22 09.52.59.000000000 AM','DD-MON-RR HH.MI.SSXFF AM'));
Insert into HOSPITAL.APPOINTMENT (AID,PATIENTID,DOCTORID,ROOMID,DIAGNOSIS,STARTDATE_TIME,ENDDATE_TIME) values (103,298,38,'R221',' Attention deficit hyperactivity disorder',to_timestamp('14-JUL-22 08.13.57.000000000 AM','DD-MON-RR HH.MI.SSXFF AM'),to_timestamp('15-JUL-22 08.13.57.000000000 AM','DD-MON-RR HH.MI.SSXFF AM'));
Insert into HOSPITAL.APPOINTMENT (AID,PATIENTID,DOCTORID,ROOMID,DIAGNOSIS,STARTDATE_TIME,ENDDATE_TIME) values (104,297,4,'R222',' Autism',to_timestamp('02-AUG-22 05.06.53.000000000 AM','DD-MON-RR HH.MI.SSXFF AM'),to_timestamp('03-AUG-22 05.06.53.000000000 AM','DD-MON-RR HH.MI.SSXFF AM'));
Insert into HOSPITAL.APPOINTMENT (AID,PATIENTID,DOCTORID,ROOMID,DIAGNOSIS,STARTDATE_TIME,ENDDATE_TIME) values (105,296,41,'R223',' Autoimmune hemolytic anemia',to_timestamp('29-SEP-22 02.41.18.000000000 PM','DD-MON-RR HH.MI.SSXFF AM'),to_timestamp('30-SEP-22 02.41.18.000000000 PM','DD-MON-RR HH.MI.SSXFF AM'));
Insert into HOSPITAL.APPOINTMENT (AID,PATIENTID,DOCTORID,ROOMID,DIAGNOSIS,STARTDATE_TIME,ENDDATE_TIME) values (106,295,36,'R224',' Autoimmune hepatitis',to_timestamp('17-JUN-22 07.43.11.000000000 PM','DD-MON-RR HH.MI.SSXFF AM'),to_timestamp('18-JUN-22 07.43.11.000000000 PM','DD-MON-RR HH.MI.SSXFF AM'));
Insert into HOSPITAL.APPOINTMENT (AID,PATIENTID,DOCTORID,ROOMID,DIAGNOSIS,STARTDATE_TIME,ENDDATE_TIME) values (107,294,5,'R225',' Avascular necrosis',to_timestamp('16-AUG-22 07.45.38.000000000 AM','DD-MON-RR HH.MI.SSXFF AM'),to_timestamp('17-AUG-22 07.45.38.000000000 AM','DD-MON-RR HH.MI.SSXFF AM'));
Insert into HOSPITAL.APPOINTMENT (AID,PATIENTID,DOCTORID,ROOMID,DIAGNOSIS,STARTDATE_TIME,ENDDATE_TIME) values (108,293,36,'R226',' Bell''s palsy',to_timestamp('12-AUG-22 09.34.55.000000000 PM','DD-MON-RR HH.MI.SSXFF AM'),to_timestamp('13-AUG-22 09.34.55.000000000 PM','DD-MON-RR HH.MI.SSXFF AM'));
Insert into HOSPITAL.APPOINTMENT (AID,PATIENTID,DOCTORID,ROOMID,DIAGNOSIS,STARTDATE_TIME,ENDDATE_TIME) values (109,292,49,'R327',' Benign prostatic hyperplasia',to_timestamp('22-AUG-22 08.55.19.000000000 PM','DD-MON-RR HH.MI.SSXFF AM'),to_timestamp('23-AUG-22 08.55.19.000000000 PM','DD-MON-RR HH.MI.SSXFF AM'));
Insert into HOSPITAL.APPOINTMENT (AID,PATIENTID,DOCTORID,ROOMID,DIAGNOSIS,STARTDATE_TIME,ENDDATE_TIME) values (110,291,1,'R328',' Biliary atresia',to_timestamp('05-JUN-22 10.56.39.000000000 AM','DD-MON-RR HH.MI.SSXFF AM'),to_timestamp('06-JUN-22 10.56.39.000000000 AM','DD-MON-RR HH.MI.SSXFF AM'));
Insert into HOSPITAL.APPOINTMENT (AID,PATIENTID,DOCTORID,ROOMID,DIAGNOSIS,STARTDATE_TIME,ENDDATE_TIME) values (111,290,29,'R329',' Bipolar disorder',to_timestamp('29-MAR-22 10.09.36.000000000 AM','DD-MON-RR HH.MI.SSXFF AM'),to_timestamp('30-MAR-22 10.09.36.000000000 AM','DD-MON-RR HH.MI.SSXFF AM'));
Insert into HOSPITAL.APPOINTMENT (AID,PATIENTID,DOCTORID,ROOMID,DIAGNOSIS,STARTDATE_TIME,ENDDATE_TIME) values (112,289,49,'R330',' Bladder cancer',to_timestamp('08-JUN-22 12.59.11.000000000 PM','DD-MON-RR HH.MI.SSXFF AM'),to_timestamp('09-JUN-22 12.59.11.000000000 PM','DD-MON-RR HH.MI.SSXFF AM'));
Insert into HOSPITAL.APPOINTMENT (AID,PATIENTID,DOCTORID,ROOMID,DIAGNOSIS,STARTDATE_TIME,ENDDATE_TIME) values (113,288,16,'R331',' Bone cancer',to_timestamp('26-FEB-22 05.19.52.000000000 AM','DD-MON-RR HH.MI.SSXFF AM'),to_timestamp('27-FEB-22 05.19.52.000000000 AM','DD-MON-RR HH.MI.SSXFF AM'));
Insert into HOSPITAL.APPOINTMENT (AID,PATIENTID,DOCTORID,ROOMID,DIAGNOSIS,STARTDATE_TIME,ENDDATE_TIME) values (114,287,3,'R332',' Brain cancer',to_timestamp('18-APR-22 10.47.07.000000000 AM','DD-MON-RR HH.MI.SSXFF AM'),to_timestamp('19-APR-22 10.47.07.000000000 AM','DD-MON-RR HH.MI.SSXFF AM'));
Insert into HOSPITAL.APPOINTMENT (AID,PATIENTID,DOCTORID,ROOMID,DIAGNOSIS,STARTDATE_TIME,ENDDATE_TIME) values (115,286,27,'R333',' Brain abscess',to_timestamp('11-AUG-22 04.20.34.000000000 AM','DD-MON-RR HH.MI.SSXFF AM'),to_timestamp('12-AUG-22 04.20.34.000000000 AM','DD-MON-RR HH.MI.SSXFF AM'));
Insert into HOSPITAL.APPOINTMENT (AID,PATIENTID,DOCTORID,ROOMID,DIAGNOSIS,STARTDATE_TIME,ENDDATE_TIME) values (116,285,18,'R334',' Bronchitis',to_timestamp('06-SEP-22 01.28.11.000000000 PM','DD-MON-RR HH.MI.SSXFF AM'),to_timestamp('07-SEP-22 01.28.11.000000000 PM','DD-MON-RR HH.MI.SSXFF AM'));
Insert into HOSPITAL.APPOINTMENT (AID,PATIENTID,DOCTORID,ROOMID,DIAGNOSIS,STARTDATE_TIME,ENDDATE_TIME) values (117,284,26,'R335',' Bulimia nervosa',to_timestamp('12-MAY-22 10.11.00.000000000 AM','DD-MON-RR HH.MI.SSXFF AM'),to_timestamp('13-MAY-22 10.11.00.000000000 AM','DD-MON-RR HH.MI.SSXFF AM'));
Insert into HOSPITAL.APPOINTMENT (AID,PATIENTID,DOCTORID,ROOMID,DIAGNOSIS,STARTDATE_TIME,ENDDATE_TIME) values (118,283,18,'R336',' Bursitis',to_timestamp('27-FEB-22 01.43.41.000000000 AM','DD-MON-RR HH.MI.SSXFF AM'),to_timestamp('28-FEB-22 01.43.41.000000000 AM','DD-MON-RR HH.MI.SSXFF AM'));
Insert into HOSPITAL.APPOINTMENT (AID,PATIENTID,DOCTORID,ROOMID,DIAGNOSIS,STARTDATE_TIME,ENDDATE_TIME) values (119,282,18,'R337',' Cervical cancer',to_timestamp('20-JAN-22 04.44.13.000000000 PM','DD-MON-RR HH.MI.SSXFF AM'),to_timestamp('21-JAN-22 04.44.13.000000000 PM','DD-MON-RR HH.MI.SSXFF AM'));
Insert into HOSPITAL.APPOINTMENT (AID,PATIENTID,DOCTORID,ROOMID,DIAGNOSIS,STARTDATE_TIME,ENDDATE_TIME) values (120,281,5,'R338',' Chalazion',to_timestamp('17-AUG-22 09.36.48.000000000 PM','DD-MON-RR HH.MI.SSXFF AM'),to_timestamp('18-AUG-22 09.36.48.000000000 PM','DD-MON-RR HH.MI.SSXFF AM'));
Insert into HOSPITAL.APPOINTMENT (AID,PATIENTID,DOCTORID,ROOMID,DIAGNOSIS,STARTDATE_TIME,ENDDATE_TIME) values (121,280,9,'R339',' Chronic fatigue syndrome',to_timestamp('10-SEP-22 03.00.05.000000000 PM','DD-MON-RR HH.MI.SSXFF AM'),to_timestamp('11-SEP-22 03.00.05.000000000 PM','DD-MON-RR HH.MI.SSXFF AM'));
Insert into HOSPITAL.APPOINTMENT (AID,PATIENTID,DOCTORID,ROOMID,DIAGNOSIS,STARTDATE_TIME,ENDDATE_TIME) values (122,279,7,'R340',' Chronic kidney disease',to_timestamp('13-SEP-22 11.51.54.000000000 PM','DD-MON-RR HH.MI.SSXFF AM'),to_timestamp('14-SEP-22 11.51.54.000000000 PM','DD-MON-RR HH.MI.SSXFF AM'));
Insert into HOSPITAL.APPOINTMENT (AID,PATIENTID,DOCTORID,ROOMID,DIAGNOSIS,STARTDATE_TIME,ENDDATE_TIME) values (123,278,10,'R341',' Chronic lymphocytic leukemia',to_timestamp('30-APR-22 02.47.38.000000000 AM','DD-MON-RR HH.MI.SSXFF AM'),to_timestamp('01-MAY-22 02.47.38.000000000 AM','DD-MON-RR HH.MI.SSXFF AM'));
Insert into HOSPITAL.APPOINTMENT (AID,PATIENTID,DOCTORID,ROOMID,DIAGNOSIS,STARTDATE_TIME,ENDDATE_TIME) values (124,277,26,'R101',' Chronic myelogenous leukemia',to_timestamp('01-MAY-22 01.48.04.000000000 AM','DD-MON-RR HH.MI.SSXFF AM'),to_timestamp('02-MAY-22 01.48.04.000000000 AM','DD-MON-RR HH.MI.SSXFF AM'));
Insert into HOSPITAL.APPOINTMENT (AID,PATIENTID,DOCTORID,ROOMID,DIAGNOSIS,STARTDATE_TIME,ENDDATE_TIME) values (125,276,14,'R102',' Chronic obstructive pulmonary disease',to_timestamp('27-APR-22 09.37.24.000000000 PM','DD-MON-RR HH.MI.SSXFF AM'),to_timestamp('28-APR-22 09.37.24.000000000 PM','DD-MON-RR HH.MI.SSXFF AM'));
Insert into HOSPITAL.APPOINTMENT (AID,PATIENTID,DOCTORID,ROOMID,DIAGNOSIS,STARTDATE_TIME,ENDDATE_TIME) values (126,275,48,'R103',' Cirrhosis',to_timestamp('10-FEB-22 07.31.44.000000000 PM','DD-MON-RR HH.MI.SSXFF AM'),to_timestamp('11-FEB-22 07.31.44.000000000 PM','DD-MON-RR HH.MI.SSXFF AM'));
Insert into HOSPITAL.APPOINTMENT (AID,PATIENTID,DOCTORID,ROOMID,DIAGNOSIS,STARTDATE_TIME,ENDDATE_TIME) values (127,274,22,'R104',' Cleft lip and palate',to_timestamp('09-AUG-22 01.14.07.000000000 AM','DD-MON-RR HH.MI.SSXFF AM'),to_timestamp('10-AUG-22 01.14.07.000000000 AM','DD-MON-RR HH.MI.SSXFF AM'));
Insert into HOSPITAL.APPOINTMENT (AID,PATIENTID,DOCTORID,ROOMID,DIAGNOSIS,STARTDATE_TIME,ENDDATE_TIME) values (128,273,35,'R105',' Clubfoot',to_timestamp('31-MAR-22 05.50.37.000000000 PM','DD-MON-RR HH.MI.SSXFF AM'),to_timestamp('01-APR-22 05.50.37.000000000 PM','DD-MON-RR HH.MI.SSXFF AM'));
Insert into HOSPITAL.APPOINTMENT (AID,PATIENTID,DOCTORID,ROOMID,DIAGNOSIS,STARTDATE_TIME,ENDDATE_TIME) values (129,272,47,'R206',' Coarctation of the aorta',to_timestamp('03-JUN-22 09.25.19.000000000 PM','DD-MON-RR HH.MI.SSXFF AM'),to_timestamp('04-JUN-22 09.25.19.000000000 PM','DD-MON-RR HH.MI.SSXFF AM'));
Insert into HOSPITAL.APPOINTMENT (AID,PATIENTID,DOCTORID,ROOMID,DIAGNOSIS,STARTDATE_TIME,ENDDATE_TIME) values (130,271,36,'R207',' Cold agglutinin disease',to_timestamp('31-MAY-22 09.25.54.000000000 AM','DD-MON-RR HH.MI.SSXFF AM'),to_timestamp('01-JUN-22 09.25.54.000000000 AM','DD-MON-RR HH.MI.SSXFF AM'));
Insert into HOSPITAL.APPOINTMENT (AID,PATIENTID,DOCTORID,ROOMID,DIAGNOSIS,STARTDATE_TIME,ENDDATE_TIME) values (131,270,2,'R208',' Congestive heart failure',to_timestamp('12-FEB-22 05.01.35.000000000 AM','DD-MON-RR HH.MI.SSXFF AM'),to_timestamp('13-FEB-22 05.01.35.000000000 AM','DD-MON-RR HH.MI.SSXFF AM'));
Insert into HOSPITAL.APPOINTMENT (AID,PATIENTID,DOCTORID,ROOMID,DIAGNOSIS,STARTDATE_TIME,ENDDATE_TIME) values (132,269,36,'R209',' Conn''s syndrome',to_timestamp('18-MAR-22 04.04.17.000000000 AM','DD-MON-RR HH.MI.SSXFF AM'),to_timestamp('19-MAR-22 04.04.17.000000000 AM','DD-MON-RR HH.MI.SSXFF AM'));
Insert into HOSPITAL.APPOINTMENT (AID,PATIENTID,DOCTORID,ROOMID,DIAGNOSIS,STARTDATE_TIME,ENDDATE_TIME) values (133,268,45,'R210',' contact dermatitis',to_timestamp('01-JUN-22 08.13.20.000000000 AM','DD-MON-RR HH.MI.SSXFF AM'),to_timestamp('02-JUN-22 08.13.20.000000000 AM','DD-MON-RR HH.MI.SSXFF AM'));
Insert into HOSPITAL.APPOINTMENT (AID,PATIENTID,DOCTORID,ROOMID,DIAGNOSIS,STARTDATE_TIME,ENDDATE_TIME) values (134,267,31,'R211',' Coronary artery disease',to_timestamp('30-JUL-22 08.23.50.000000000 AM','DD-MON-RR HH.MI.SSXFF AM'),to_timestamp('31-JUL-22 08.23.50.000000000 AM','DD-MON-RR HH.MI.SSXFF AM'));
Insert into HOSPITAL.APPOINTMENT (AID,PATIENTID,DOCTORID,ROOMID,DIAGNOSIS,STARTDATE_TIME,ENDDATE_TIME) values (135,266,2,'R212',' Crohn''s disease',to_timestamp('19-AUG-22 08.04.17.000000000 PM','DD-MON-RR HH.MI.SSXFF AM'),to_timestamp('20-AUG-22 08.04.17.000000000 PM','DD-MON-RR HH.MI.SSXFF AM'));
Insert into HOSPITAL.APPOINTMENT (AID,PATIENTID,DOCTORID,ROOMID,DIAGNOSIS,STARTDATE_TIME,ENDDATE_TIME) values (136,265,49,'R213',' Cushing''s disease',to_timestamp('01-JUL-22 06.29.45.000000000 AM','DD-MON-RR HH.MI.SSXFF AM'),to_timestamp('02-JUL-22 06.29.45.000000000 AM','DD-MON-RR HH.MI.SSXFF AM'));
Insert into HOSPITAL.APPOINTMENT (AID,PATIENTID,DOCTORID,ROOMID,DIAGNOSIS,STARTDATE_TIME,ENDDATE_TIME) values (137,264,12,'R214',' Cyclic vomiting syndrome',to_timestamp('02-SEP-22 12.39.50.000000000 AM','DD-MON-RR HH.MI.SSXFF AM'),to_timestamp('03-SEP-22 12.39.50.000000000 AM','DD-MON-RR HH.MI.SSXFF AM'));
Insert into HOSPITAL.APPOINTMENT (AID,PATIENTID,DOCTORID,ROOMID,DIAGNOSIS,STARTDATE_TIME,ENDDATE_TIME) values (138,263,20,'R215',' Cystic fibrosis',to_timestamp('12-FEB-22 11.45.00.000000000 AM','DD-MON-RR HH.MI.SSXFF AM'),to_timestamp('13-FEB-22 11.45.00.000000000 AM','DD-MON-RR HH.MI.SSXFF AM'));
Insert into HOSPITAL.APPOINTMENT (AID,PATIENTID,DOCTORID,ROOMID,DIAGNOSIS,STARTDATE_TIME,ENDDATE_TIME) values (139,262,23,'R216',' Dementia',to_timestamp('12-MAY-22 10.13.19.000000000 PM','DD-MON-RR HH.MI.SSXFF AM'),to_timestamp('13-MAY-22 10.13.19.000000000 PM','DD-MON-RR HH.MI.SSXFF AM'));
Insert into HOSPITAL.APPOINTMENT (AID,PATIENTID,DOCTORID,ROOMID,DIAGNOSIS,STARTDATE_TIME,ENDDATE_TIME) values (140,261,44,'R217',' Dermatitis',to_timestamp('18-AUG-22 07.29.41.000000000 AM','DD-MON-RR HH.MI.SSXFF AM'),to_timestamp('19-AUG-22 07.29.41.000000000 AM','DD-MON-RR HH.MI.SSXFF AM'));
Insert into HOSPITAL.APPOINTMENT (AID,PATIENTID,DOCTORID,ROOMID,DIAGNOSIS,STARTDATE_TIME,ENDDATE_TIME) values (141,260,46,'R218',' Dermatomyositis',to_timestamp('06-JUL-22 02.47.21.000000000 AM','DD-MON-RR HH.MI.SSXFF AM'),to_timestamp('07-JUL-22 02.47.21.000000000 AM','DD-MON-RR HH.MI.SSXFF AM'));
Insert into HOSPITAL.APPOINTMENT (AID,PATIENTID,DOCTORID,ROOMID,DIAGNOSIS,STARTDATE_TIME,ENDDATE_TIME) values (142,259,12,'R219',' Diabetes mellitus',to_timestamp('15-SEP-22 11.23.28.000000000 PM','DD-MON-RR HH.MI.SSXFF AM'),to_timestamp('16-SEP-22 11.23.28.000000000 PM','DD-MON-RR HH.MI.SSXFF AM'));
Insert into HOSPITAL.APPOINTMENT (AID,PATIENTID,DOCTORID,ROOMID,DIAGNOSIS,STARTDATE_TIME,ENDDATE_TIME) values (143,258,29,'R220',' Diabetic ketoacidosis',to_timestamp('28-JAN-22 07.04.12.000000000 AM','DD-MON-RR HH.MI.SSXFF AM'),to_timestamp('29-JAN-22 07.04.12.000000000 AM','DD-MON-RR HH.MI.SSXFF AM'));
Insert into HOSPITAL.APPOINTMENT (AID,PATIENTID,DOCTORID,ROOMID,DIAGNOSIS,STARTDATE_TIME,ENDDATE_TIME) values (144,257,12,'R221',' Diabetic neuropathy',to_timestamp('23-MAR-22 01.08.16.000000000 PM','DD-MON-RR HH.MI.SSXFF AM'),to_timestamp('24-MAR-22 01.08.16.000000000 PM','DD-MON-RR HH.MI.SSXFF AM'));
Insert into HOSPITAL.APPOINTMENT (AID,PATIENTID,DOCTORID,ROOMID,DIAGNOSIS,STARTDATE_TIME,ENDDATE_TIME) values (145,256,33,'R222',' Diverticulitis',to_timestamp('09-SEP-22 09.29.57.000000000 AM','DD-MON-RR HH.MI.SSXFF AM'),to_timestamp('10-SEP-22 09.29.57.000000000 AM','DD-MON-RR HH.MI.SSXFF AM'));
Insert into HOSPITAL.APPOINTMENT (AID,PATIENTID,DOCTORID,ROOMID,DIAGNOSIS,STARTDATE_TIME,ENDDATE_TIME) values (146,255,1,'R223',' Duchenne''s muscular dystrophy',to_timestamp('31-JUL-22 10.09.14.000000000 AM','DD-MON-RR HH.MI.SSXFF AM'),to_timestamp('01-AUG-22 10.09.14.000000000 AM','DD-MON-RR HH.MI.SSXFF AM'));
Insert into HOSPITAL.APPOINTMENT (AID,PATIENTID,DOCTORID,ROOMID,DIAGNOSIS,STARTDATE_TIME,ENDDATE_TIME) values (147,254,43,'R224',' Dysthymia',to_timestamp('24-AUG-22 01.20.33.000000000 PM','DD-MON-RR HH.MI.SSXFF AM'),to_timestamp('25-AUG-22 01.20.33.000000000 PM','DD-MON-RR HH.MI.SSXFF AM'));
Insert into HOSPITAL.APPOINTMENT (AID,PATIENTID,DOCTORID,ROOMID,DIAGNOSIS,STARTDATE_TIME,ENDDATE_TIME) values (148,253,32,'R225',' Eating disorders',to_timestamp('20-JUN-22 12.06.10.000000000 AM','DD-MON-RR HH.MI.SSXFF AM'),to_timestamp('21-JUN-22 12.06.10.000000000 AM','DD-MON-RR HH.MI.SSXFF AM'));
Insert into HOSPITAL.APPOINTMENT (AID,PATIENTID,DOCTORID,ROOMID,DIAGNOSIS,STARTDATE_TIME,ENDDATE_TIME) values (149,252,1,'R226',' Emberger''s syndrome',to_timestamp('27-JUN-22 04.07.36.000000000 AM','DD-MON-RR HH.MI.SSXFF AM'),to_timestamp('28-JUN-22 04.07.36.000000000 AM','DD-MON-RR HH.MI.SSXFF AM'));
Insert into HOSPITAL.APPOINTMENT (AID,PATIENTID,DOCTORID,ROOMID,DIAGNOSIS,STARTDATE_TIME,ENDDATE_TIME) values (150,251,23,'R327',' Endocarditis',to_timestamp('17-JUN-22 10.06.28.000000000 PM','DD-MON-RR HH.MI.SSXFF AM'),to_timestamp('18-JUN-22 10.06.28.000000000 PM','DD-MON-RR HH.MI.SSXFF AM'));
Insert into HOSPITAL.APPOINTMENT (AID,PATIENTID,DOCTORID,ROOMID,DIAGNOSIS,STARTDATE_TIME,ENDDATE_TIME) values (151,250,32,'R328',' Endometriosis',to_timestamp('06-MAY-22 01.16.49.000000000 PM','DD-MON-RR HH.MI.SSXFF AM'),to_timestamp('07-MAY-22 01.16.49.000000000 PM','DD-MON-RR HH.MI.SSXFF AM'));
Insert into HOSPITAL.APPOINTMENT (AID,PATIENTID,DOCTORID,ROOMID,DIAGNOSIS,STARTDATE_TIME,ENDDATE_TIME) values (152,249,38,'R329',' Epidermolysis bullosa',to_timestamp('17-JAN-22 01.13.36.000000000 AM','DD-MON-RR HH.MI.SSXFF AM'),to_timestamp('18-JAN-22 01.13.36.000000000 AM','DD-MON-RR HH.MI.SSXFF AM'));
Insert into HOSPITAL.APPOINTMENT (AID,PATIENTID,DOCTORID,ROOMID,DIAGNOSIS,STARTDATE_TIME,ENDDATE_TIME) values (153,248,3,'R330',' Erectile dysfunction',to_timestamp('18-APR-22 12.42.46.000000000 AM','DD-MON-RR HH.MI.SSXFF AM'),to_timestamp('19-APR-22 12.42.46.000000000 AM','DD-MON-RR HH.MI.SSXFF AM'));
Insert into HOSPITAL.APPOINTMENT (AID,PATIENTID,DOCTORID,ROOMID,DIAGNOSIS,STARTDATE_TIME,ENDDATE_TIME) values (154,247,9,'R331',' Essential thrombocythemia',to_timestamp('01-MAR-22 12.38.45.000000000 AM','DD-MON-RR HH.MI.SSXFF AM'),to_timestamp('02-MAR-22 12.38.45.000000000 AM','DD-MON-RR HH.MI.SSXFF AM'));
Insert into HOSPITAL.APPOINTMENT (AID,PATIENTID,DOCTORID,ROOMID,DIAGNOSIS,STARTDATE_TIME,ENDDATE_TIME) values (155,246,39,'R332',' Fabry''s disease',to_timestamp('18-JUL-22 10.50.30.000000000 AM','DD-MON-RR HH.MI.SSXFF AM'),to_timestamp('19-JUL-22 10.50.30.000000000 AM','DD-MON-RR HH.MI.SSXFF AM'));
Insert into HOSPITAL.APPOINTMENT (AID,PATIENTID,DOCTORID,ROOMID,DIAGNOSIS,STARTDATE_TIME,ENDDATE_TIME) values (156,245,13,'R333',' Failure to thrive',to_timestamp('30-SEP-22 09.41.36.000000000 AM','DD-MON-RR HH.MI.SSXFF AM'),to_timestamp('01-OCT-22 09.41.36.000000000 AM','DD-MON-RR HH.MI.SSXFF AM'));
Insert into HOSPITAL.APPOINTMENT (AID,PATIENTID,DOCTORID,ROOMID,DIAGNOSIS,STARTDATE_TIME,ENDDATE_TIME) values (157,244,30,'R334',' Fatty liver disease',to_timestamp('05-MAR-22 08.59.02.000000000 PM','DD-MON-RR HH.MI.SSXFF AM'),to_timestamp('06-MAR-22 08.59.02.000000000 PM','DD-MON-RR HH.MI.SSXFF AM'));
Insert into HOSPITAL.APPOINTMENT (AID,PATIENTID,DOCTORID,ROOMID,DIAGNOSIS,STARTDATE_TIME,ENDDATE_TIME) values (158,243,9,'R335',' Fenichel''s syndrome',to_timestamp('17-JAN-22 12.03.51.000000000 PM','DD-MON-RR HH.MI.SSXFF AM'),to_timestamp('18-JAN-22 12.03.51.000000000 PM','DD-MON-RR HH.MI.SSXFF AM'));
Insert into HOSPITAL.APPOINTMENT (AID,PATIENTID,DOCTORID,ROOMID,DIAGNOSIS,STARTDATE_TIME,ENDDATE_TIME) values (159,242,2,'R336',' Fifth disease',to_timestamp('21-SEP-22 06.48.04.000000000 AM','DD-MON-RR HH.MI.SSXFF AM'),to_timestamp('22-SEP-22 06.48.04.000000000 AM','DD-MON-RR HH.MI.SSXFF AM'));
Insert into HOSPITAL.APPOINTMENT (AID,PATIENTID,DOCTORID,ROOMID,DIAGNOSIS,STARTDATE_TIME,ENDDATE_TIME) values (160,241,6,'R337',' Gastric cancer',to_timestamp('14-MAY-22 08.53.25.000000000 AM','DD-MON-RR HH.MI.SSXFF AM'),to_timestamp('15-MAY-22 08.53.25.000000000 AM','DD-MON-RR HH.MI.SSXFF AM'));
Insert into HOSPITAL.APPOINTMENT (AID,PATIENTID,DOCTORID,ROOMID,DIAGNOSIS,STARTDATE_TIME,ENDDATE_TIME) values (161,240,8,'R338',' Gastroenteritis',to_timestamp('30-SEP-22 09.33.45.000000000 PM','DD-MON-RR HH.MI.SSXFF AM'),to_timestamp('01-OCT-22 09.33.45.000000000 PM','DD-MON-RR HH.MI.SSXFF AM'));
Insert into HOSPITAL.APPOINTMENT (AID,PATIENTID,DOCTORID,ROOMID,DIAGNOSIS,STARTDATE_TIME,ENDDATE_TIME) values (162,239,41,'R339',' Gastroesophageal reflux disease',to_timestamp('09-JUL-22 06.43.18.000000000 PM','DD-MON-RR HH.MI.SSXFF AM'),to_timestamp('10-JUL-22 06.43.18.000000000 PM','DD-MON-RR HH.MI.SSXFF AM'));
Insert into HOSPITAL.APPOINTMENT (AID,PATIENTID,DOCTORID,ROOMID,DIAGNOSIS,STARTDATE_TIME,ENDDATE_TIME) values (163,238,30,'R340',' Gaucher''s disease',to_timestamp('23-APR-22 10.47.05.000000000 AM','DD-MON-RR HH.MI.SSXFF AM'),to_timestamp('24-APR-22 10.47.05.000000000 AM','DD-MON-RR HH.MI.SSXFF AM'));
Insert into HOSPITAL.APPOINTMENT (AID,PATIENTID,DOCTORID,ROOMID,DIAGNOSIS,STARTDATE_TIME,ENDDATE_TIME) values (164,237,2,'R341',' Graves'' disease',to_timestamp('09-AUG-22 04.04.27.000000000 AM','DD-MON-RR HH.MI.SSXFF AM'),to_timestamp('10-AUG-22 04.04.27.000000000 AM','DD-MON-RR HH.MI.SSXFF AM'));
Insert into HOSPITAL.APPOINTMENT (AID,PATIENTID,DOCTORID,ROOMID,DIAGNOSIS,STARTDATE_TIME,ENDDATE_TIME) values (165,236,1,'R101',' Growth hormone deficiency',to_timestamp('14-FEB-22 04.52.25.000000000 AM','DD-MON-RR HH.MI.SSXFF AM'),to_timestamp('15-FEB-22 04.52.25.000000000 AM','DD-MON-RR HH.MI.SSXFF AM'));
Insert into HOSPITAL.APPOINTMENT (AID,PATIENTID,DOCTORID,ROOMID,DIAGNOSIS,STARTDATE_TIME,ENDDATE_TIME) values (166,235,20,'R102',' Hashimoto''s disease',to_timestamp('14-JUN-22 12.39.03.000000000 PM','DD-MON-RR HH.MI.SSXFF AM'),to_timestamp('15-JUN-22 12.39.03.000000000 PM','DD-MON-RR HH.MI.SSXFF AM'));
Insert into HOSPITAL.APPOINTMENT (AID,PATIENTID,DOCTORID,ROOMID,DIAGNOSIS,STARTDATE_TIME,ENDDATE_TIME) values (167,234,20,'R103',' Heart failure',to_timestamp('08-MAY-22 03.47.53.000000000 PM','DD-MON-RR HH.MI.SSXFF AM'),to_timestamp('09-MAY-22 03.47.53.000000000 PM','DD-MON-RR HH.MI.SSXFF AM'));
Insert into HOSPITAL.APPOINTMENT (AID,PATIENTID,DOCTORID,ROOMID,DIAGNOSIS,STARTDATE_TIME,ENDDATE_TIME) values (168,233,31,'R104',' Hemangioma',to_timestamp('07-AUG-22 11.40.25.000000000 PM','DD-MON-RR HH.MI.SSXFF AM'),to_timestamp('08-AUG-22 11.40.25.000000000 PM','DD-MON-RR HH.MI.SSXFF AM'));
Insert into HOSPITAL.APPOINTMENT (AID,PATIENTID,DOCTORID,ROOMID,DIAGNOSIS,STARTDATE_TIME,ENDDATE_TIME) values (169,232,25,'R105',' Hemochromatosis',to_timestamp('10-FEB-22 01.14.26.000000000 AM','DD-MON-RR HH.MI.SSXFF AM'),to_timestamp('11-FEB-22 01.14.26.000000000 AM','DD-MON-RR HH.MI.SSXFF AM'));
Insert into HOSPITAL.APPOINTMENT (AID,PATIENTID,DOCTORID,ROOMID,DIAGNOSIS,STARTDATE_TIME,ENDDATE_TIME) values (170,231,17,'R206',' Hemolytic anemia',to_timestamp('06-FEB-22 11.27.04.000000000 PM','DD-MON-RR HH.MI.SSXFF AM'),to_timestamp('07-FEB-22 11.27.04.000000000 PM','DD-MON-RR HH.MI.SSXFF AM'));
Insert into HOSPITAL.APPOINTMENT (AID,PATIENTID,DOCTORID,ROOMID,DIAGNOSIS,STARTDATE_TIME,ENDDATE_TIME) values (171,230,18,'R207',' Hemophilia',to_timestamp('26-APR-22 04.06.42.000000000 PM','DD-MON-RR HH.MI.SSXFF AM'),to_timestamp('27-APR-22 04.06.42.000000000 PM','DD-MON-RR HH.MI.SSXFF AM'));
Insert into HOSPITAL.APPOINTMENT (AID,PATIENTID,DOCTORID,ROOMID,DIAGNOSIS,STARTDATE_TIME,ENDDATE_TIME) values (172,229,2,'R208',' Hepatic encephalopathy',to_timestamp('18-MAY-22 09.01.34.000000000 PM','DD-MON-RR HH.MI.SSXFF AM'),to_timestamp('19-MAY-22 09.01.34.000000000 PM','DD-MON-RR HH.MI.SSXFF AM'));
Insert into HOSPITAL.APPOINTMENT (AID,PATIENTID,DOCTORID,ROOMID,DIAGNOSIS,STARTDATE_TIME,ENDDATE_TIME) values (173,228,44,'R209',' Hepatitis',to_timestamp('12-JUN-22 09.57.39.000000000 PM','DD-MON-RR HH.MI.SSXFF AM'),to_timestamp('13-JUN-22 09.57.39.000000000 PM','DD-MON-RR HH.MI.SSXFF AM'));
Insert into HOSPITAL.APPOINTMENT (AID,PATIENTID,DOCTORID,ROOMID,DIAGNOSIS,STARTDATE_TIME,ENDDATE_TIME) values (174,227,23,'R210',' Hepatitis B',to_timestamp('03-MAR-22 02.11.56.000000000 AM','DD-MON-RR HH.MI.SSXFF AM'),to_timestamp('04-MAR-22 02.11.56.000000000 AM','DD-MON-RR HH.MI.SSXFF AM'));
Insert into HOSPITAL.APPOINTMENT (AID,PATIENTID,DOCTORID,ROOMID,DIAGNOSIS,STARTDATE_TIME,ENDDATE_TIME) values (175,226,44,'R211',' Hepatitis C',to_timestamp('27-SEP-22 10.55.47.000000000 PM','DD-MON-RR HH.MI.SSXFF AM'),to_timestamp('28-SEP-22 10.55.47.000000000 PM','DD-MON-RR HH.MI.SSXFF AM'));
Insert into HOSPITAL.APPOINTMENT (AID,PATIENTID,DOCTORID,ROOMID,DIAGNOSIS,STARTDATE_TIME,ENDDATE_TIME) values (176,225,35,'R212',' Herpes simplex',to_timestamp('09-APR-22 02.07.13.000000000 PM','DD-MON-RR HH.MI.SSXFF AM'),to_timestamp('10-APR-22 02.07.13.000000000 PM','DD-MON-RR HH.MI.SSXFF AM'));
Insert into HOSPITAL.APPOINTMENT (AID,PATIENTID,DOCTORID,ROOMID,DIAGNOSIS,STARTDATE_TIME,ENDDATE_TIME) values (177,224,21,'R213',' Herpes zoster',to_timestamp('25-MAY-22 11.34.44.000000000 AM','DD-MON-RR HH.MI.SSXFF AM'),to_timestamp('26-MAY-22 11.34.44.000000000 AM','DD-MON-RR HH.MI.SSXFF AM'));
Insert into HOSPITAL.APPOINTMENT (AID,PATIENTID,DOCTORID,ROOMID,DIAGNOSIS,STARTDATE_TIME,ENDDATE_TIME) values (178,223,29,'R214',' Hodgkin''s disease',to_timestamp('29-JAN-22 10.47.33.000000000 AM','DD-MON-RR HH.MI.SSXFF AM'),to_timestamp('30-JAN-22 10.47.33.000000000 AM','DD-MON-RR HH.MI.SSXFF AM'));
Insert into HOSPITAL.APPOINTMENT (AID,PATIENTID,DOCTORID,ROOMID,DIAGNOSIS,STARTDATE_TIME,ENDDATE_TIME) values (179,222,26,'R215',' Huntington''s disease',to_timestamp('01-JUL-22 04.10.36.000000000 AM','DD-MON-RR HH.MI.SSXFF AM'),to_timestamp('02-JUL-22 04.10.36.000000000 AM','DD-MON-RR HH.MI.SSXFF AM'));
Insert into HOSPITAL.APPOINTMENT (AID,PATIENTID,DOCTORID,ROOMID,DIAGNOSIS,STARTDATE_TIME,ENDDATE_TIME) values (180,221,42,'R216',' Hydrocephalus',to_timestamp('10-MAY-22 05.20.03.000000000 PM','DD-MON-RR HH.MI.SSXFF AM'),to_timestamp('11-MAY-22 05.20.03.000000000 PM','DD-MON-RR HH.MI.SSXFF AM'));
Insert into HOSPITAL.APPOINTMENT (AID,PATIENTID,DOCTORID,ROOMID,DIAGNOSIS,STARTDATE_TIME,ENDDATE_TIME) values (181,220,29,'R217',' Hydronephrosis',to_timestamp('24-MAY-22 11.02.43.000000000 AM','DD-MON-RR HH.MI.SSXFF AM'),to_timestamp('25-MAY-22 11.02.43.000000000 AM','DD-MON-RR HH.MI.SSXFF AM'));
Insert into HOSPITAL.APPOINTMENT (AID,PATIENTID,DOCTORID,ROOMID,DIAGNOSIS,STARTDATE_TIME,ENDDATE_TIME) values (182,219,1,'R218',' Hyperaldosteronism',to_timestamp('18-FEB-22 06.06.48.000000000 AM','DD-MON-RR HH.MI.SSXFF AM'),to_timestamp('19-FEB-22 06.06.48.000000000 AM','DD-MON-RR HH.MI.SSXFF AM'));
Insert into HOSPITAL.APPOINTMENT (AID,PATIENTID,DOCTORID,ROOMID,DIAGNOSIS,STARTDATE_TIME,ENDDATE_TIME) values (183,218,9,'R219',' Hypercalcemia',to_timestamp('16-SEP-22 10.16.41.000000000 AM','DD-MON-RR HH.MI.SSXFF AM'),to_timestamp('17-SEP-22 10.16.41.000000000 AM','DD-MON-RR HH.MI.SSXFF AM'));
Insert into HOSPITAL.APPOINTMENT (AID,PATIENTID,DOCTORID,ROOMID,DIAGNOSIS,STARTDATE_TIME,ENDDATE_TIME) values (184,217,13,'R220',' Hyperglycemia',to_timestamp('08-APR-22 11.31.12.000000000 AM','DD-MON-RR HH.MI.SSXFF AM'),to_timestamp('09-APR-22 11.31.12.000000000 AM','DD-MON-RR HH.MI.SSXFF AM'));
Insert into HOSPITAL.APPOINTMENT (AID,PATIENTID,DOCTORID,ROOMID,DIAGNOSIS,STARTDATE_TIME,ENDDATE_TIME) values (185,216,1,'R221',' Hyperkalemia',to_timestamp('18-AUG-22 02.24.13.000000000 PM','DD-MON-RR HH.MI.SSXFF AM'),to_timestamp('19-AUG-22 02.24.13.000000000 PM','DD-MON-RR HH.MI.SSXFF AM'));
Insert into HOSPITAL.APPOINTMENT (AID,PATIENTID,DOCTORID,ROOMID,DIAGNOSIS,STARTDATE_TIME,ENDDATE_TIME) values (186,215,40,'R222',' Hypertension',to_timestamp('30-APR-22 09.22.12.000000000 PM','DD-MON-RR HH.MI.SSXFF AM'),to_timestamp('01-MAY-22 09.22.12.000000000 PM','DD-MON-RR HH.MI.SSXFF AM'));
Insert into HOSPITAL.APPOINTMENT (AID,PATIENTID,DOCTORID,ROOMID,DIAGNOSIS,STARTDATE_TIME,ENDDATE_TIME) values (187,214,30,'R223',' Hyperthyroidism',to_timestamp('13-MAR-22 09.30.45.000000000 PM','DD-MON-RR HH.MI.SSXFF AM'),to_timestamp('14-MAR-22 09.30.45.000000000 PM','DD-MON-RR HH.MI.SSXFF AM'));
Insert into HOSPITAL.APPOINTMENT (AID,PATIENTID,DOCTORID,ROOMID,DIAGNOSIS,STARTDATE_TIME,ENDDATE_TIME) values (188,213,40,'R224',' Hypoglycemia',to_timestamp('09-AUG-22 02.38.25.000000000 AM','DD-MON-RR HH.MI.SSXFF AM'),to_timestamp('10-AUG-22 02.38.25.000000000 AM','DD-MON-RR HH.MI.SSXFF AM'));
Insert into HOSPITAL.APPOINTMENT (AID,PATIENTID,DOCTORID,ROOMID,DIAGNOSIS,STARTDATE_TIME,ENDDATE_TIME) values (189,212,15,'R225',' Hypothyroidism',to_timestamp('27-MAY-22 07.08.20.000000000 AM','DD-MON-RR HH.MI.SSXFF AM'),to_timestamp('28-MAY-22 07.08.20.000000000 AM','DD-MON-RR HH.MI.SSXFF AM'));
Insert into HOSPITAL.APPOINTMENT (AID,PATIENTID,DOCTORID,ROOMID,DIAGNOSIS,STARTDATE_TIME,ENDDATE_TIME) values (190,211,9,'R226',' Idiopathic thrombocytopenic purpura',to_timestamp('21-FEB-22 05.45.22.000000000 AM','DD-MON-RR HH.MI.SSXFF AM'),to_timestamp('22-FEB-22 05.45.22.000000000 AM','DD-MON-RR HH.MI.SSXFF AM'));
Insert into HOSPITAL.APPOINTMENT (AID,PATIENTID,DOCTORID,ROOMID,DIAGNOSIS,STARTDATE_TIME,ENDDATE_TIME) values (191,210,4,'R327',' IgA nephropathy',to_timestamp('26-JAN-22 10.02.46.000000000 PM','DD-MON-RR HH.MI.SSXFF AM'),to_timestamp('27-JAN-22 10.02.46.000000000 PM','DD-MON-RR HH.MI.SSXFF AM'));
Insert into HOSPITAL.APPOINTMENT (AID,PATIENTID,DOCTORID,ROOMID,DIAGNOSIS,STARTDATE_TIME,ENDDATE_TIME) values (192,209,25,'R328',' Immunodeficiency',to_timestamp('05-FEB-22 10.15.57.000000000 AM','DD-MON-RR HH.MI.SSXFF AM'),to_timestamp('06-FEB-22 10.15.57.000000000 AM','DD-MON-RR HH.MI.SSXFF AM'));
Insert into HOSPITAL.APPOINTMENT (AID,PATIENTID,DOCTORID,ROOMID,DIAGNOSIS,STARTDATE_TIME,ENDDATE_TIME) values (193,208,26,'R329',' Impotence',to_timestamp('06-MAY-22 06.53.25.000000000 PM','DD-MON-RR HH.MI.SSXFF AM'),to_timestamp('07-MAY-22 06.53.25.000000000 PM','DD-MON-RR HH.MI.SSXFF AM'));
Insert into HOSPITAL.APPOINTMENT (AID,PATIENTID,DOCTORID,ROOMID,DIAGNOSIS,STARTDATE_TIME,ENDDATE_TIME) values (194,207,16,'R330',' Infertility',to_timestamp('03-MAR-22 02.32.36.000000000 PM','DD-MON-RR HH.MI.SSXFF AM'),to_timestamp('04-MAR-22 02.32.36.000000000 PM','DD-MON-RR HH.MI.SSXFF AM'));
Insert into HOSPITAL.APPOINTMENT (AID,PATIENTID,DOCTORID,ROOMID,DIAGNOSIS,STARTDATE_TIME,ENDDATE_TIME) values (195,206,50,'R331',' Influenza',to_timestamp('26-JAN-22 04.05.12.000000000 AM','DD-MON-RR HH.MI.SSXFF AM'),to_timestamp('27-JAN-22 04.05.12.000000000 AM','DD-MON-RR HH.MI.SSXFF AM'));
Insert into HOSPITAL.APPOINTMENT (AID,PATIENTID,DOCTORID,ROOMID,DIAGNOSIS,STARTDATE_TIME,ENDDATE_TIME) values (196,205,41,'R332',' Insomnia',to_timestamp('08-SEP-22 12.46.49.000000000 AM','DD-MON-RR HH.MI.SSXFF AM'),to_timestamp('09-SEP-22 12.46.49.000000000 AM','DD-MON-RR HH.MI.SSXFF AM'));
Insert into HOSPITAL.APPOINTMENT (AID,PATIENTID,DOCTORID,ROOMID,DIAGNOSIS,STARTDATE_TIME,ENDDATE_TIME) values (197,204,42,'R333',' Intestinal obstruction',to_timestamp('27-SEP-22 02.40.08.000000000 PM','DD-MON-RR HH.MI.SSXFF AM'),to_timestamp('28-SEP-22 02.40.08.000000000 PM','DD-MON-RR HH.MI.SSXFF AM'));
Insert into HOSPITAL.APPOINTMENT (AID,PATIENTID,DOCTORID,ROOMID,DIAGNOSIS,STARTDATE_TIME,ENDDATE_TIME) values (198,203,20,'R334',' Irritable bowel syndrome',to_timestamp('09-JUL-22 02.31.14.000000000 PM','DD-MON-RR HH.MI.SSXFF AM'),to_timestamp('10-JUL-22 02.31.14.000000000 PM','DD-MON-RR HH.MI.SSXFF AM'));
Insert into HOSPITAL.APPOINTMENT (AID,PATIENTID,DOCTORID,ROOMID,DIAGNOSIS,STARTDATE_TIME,ENDDATE_TIME) values (199,202,3,'R335',' Iron deficiency anemia',to_timestamp('21-AUG-22 08.28.52.000000000 AM','DD-MON-RR HH.MI.SSXFF AM'),to_timestamp('22-AUG-22 08.28.52.000000000 AM','DD-MON-RR HH.MI.SSXFF AM'));
Insert into HOSPITAL.APPOINTMENT (AID,PATIENTID,DOCTORID,ROOMID,DIAGNOSIS,STARTDATE_TIME,ENDDATE_TIME) values (200,201,30,'R336',' Jaundice',to_timestamp('29-JAN-22 06.05.57.000000000 PM','DD-MON-RR HH.MI.SSXFF AM'),to_timestamp('30-JAN-22 06.05.57.000000000 PM','DD-MON-RR HH.MI.SSXFF AM'));
Insert into HOSPITAL.APPOINTMENT (AID,PATIENTID,DOCTORID,ROOMID,DIAGNOSIS,STARTDATE_TIME,ENDDATE_TIME) values (201,200,27,'R337',' Kawasaki disease',to_timestamp('01-JUN-22 12.13.18.000000000 AM','DD-MON-RR HH.MI.SSXFF AM'),to_timestamp('02-JUN-22 12.13.18.000000000 AM','DD-MON-RR HH.MI.SSXFF AM'));
Insert into HOSPITAL.APPOINTMENT (AID,PATIENTID,DOCTORID,ROOMID,DIAGNOSIS,STARTDATE_TIME,ENDDATE_TIME) values (202,199,5,'R338',' Kidney cancer',to_timestamp('24-JAN-22 09.27.02.000000000 AM','DD-MON-RR HH.MI.SSXFF AM'),to_timestamp('25-JAN-22 09.27.02.000000000 AM','DD-MON-RR HH.MI.SSXFF AM'));
Insert into HOSPITAL.APPOINTMENT (AID,PATIENTID,DOCTORID,ROOMID,DIAGNOSIS,STARTDATE_TIME,ENDDATE_TIME) values (203,198,6,'R339',' Kidney stones',to_timestamp('21-MAY-22 10.34.25.000000000 PM','DD-MON-RR HH.MI.SSXFF AM'),to_timestamp('22-MAY-22 10.34.25.000000000 PM','DD-MON-RR HH.MI.SSXFF AM'));
Insert into HOSPITAL.APPOINTMENT (AID,PATIENTID,DOCTORID,ROOMID,DIAGNOSIS,STARTDATE_TIME,ENDDATE_TIME) values (204,197,30,'R340',' Klinefelter''s syndrome',to_timestamp('25-JAN-22 11.46.13.000000000 AM','DD-MON-RR HH.MI.SSXFF AM'),to_timestamp('26-JAN-22 11.46.13.000000000 AM','DD-MON-RR HH.MI.SSXFF AM'));
Insert into HOSPITAL.APPOINTMENT (AID,PATIENTID,DOCTORID,ROOMID,DIAGNOSIS,STARTDATE_TIME,ENDDATE_TIME) values (205,196,4,'R341',' Labyrinthitis',to_timestamp('07-FEB-22 10.18.23.000000000 AM','DD-MON-RR HH.MI.SSXFF AM'),to_timestamp('08-FEB-22 10.18.23.000000000 AM','DD-MON-RR HH.MI.SSXFF AM'));
Insert into HOSPITAL.APPOINTMENT (AID,PATIENTID,DOCTORID,ROOMID,DIAGNOSIS,STARTDATE_TIME,ENDDATE_TIME) values (206,195,19,'R101',' Laryngeal cancer',to_timestamp('11-JAN-22 04.29.10.000000000 AM','DD-MON-RR HH.MI.SSXFF AM'),to_timestamp('12-JAN-22 04.29.10.000000000 AM','DD-MON-RR HH.MI.SSXFF AM'));
Insert into HOSPITAL.APPOINTMENT (AID,PATIENTID,DOCTORID,ROOMID,DIAGNOSIS,STARTDATE_TIME,ENDDATE_TIME) values (207,194,37,'R102',' Lead poisoning',to_timestamp('04-MAR-22 10.12.05.000000000 AM','DD-MON-RR HH.MI.SSXFF AM'),to_timestamp('05-MAR-22 10.12.05.000000000 AM','DD-MON-RR HH.MI.SSXFF AM'));
Insert into HOSPITAL.APPOINTMENT (AID,PATIENTID,DOCTORID,ROOMID,DIAGNOSIS,STARTDATE_TIME,ENDDATE_TIME) values (208,193,9,'R103',' Leiomyoma',to_timestamp('11-SEP-22 01.53.37.000000000 AM','DD-MON-RR HH.MI.SSXFF AM'),to_timestamp('12-SEP-22 01.53.37.000000000 AM','DD-MON-RR HH.MI.SSXFF AM'));
Insert into HOSPITAL.APPOINTMENT (AID,PATIENTID,DOCTORID,ROOMID,DIAGNOSIS,STARTDATE_TIME,ENDDATE_TIME) values (209,192,11,'R104',' Leiomyosarcoma',to_timestamp('16-JUN-22 09.19.15.000000000 AM','DD-MON-RR HH.MI.SSXFF AM'),to_timestamp('17-JUN-22 09.19.15.000000000 AM','DD-MON-RR HH.MI.SSXFF AM'));
Insert into HOSPITAL.APPOINTMENT (AID,PATIENTID,DOCTORID,ROOMID,DIAGNOSIS,STARTDATE_TIME,ENDDATE_TIME) values (210,191,20,'R105',' Lens dislocation',to_timestamp('11-AUG-22 08.43.48.000000000 AM','DD-MON-RR HH.MI.SSXFF AM'),to_timestamp('12-AUG-22 08.43.48.000000000 AM','DD-MON-RR HH.MI.SSXFF AM'));
Insert into HOSPITAL.APPOINTMENT (AID,PATIENTID,DOCTORID,ROOMID,DIAGNOSIS,STARTDATE_TIME,ENDDATE_TIME) values (211,190,19,'R206',' Leukemia',to_timestamp('10-AUG-22 12.10.47.000000000 AM','DD-MON-RR HH.MI.SSXFF AM'),to_timestamp('11-AUG-22 12.10.47.000000000 AM','DD-MON-RR HH.MI.SSXFF AM'));
Insert into HOSPITAL.APPOINTMENT (AID,PATIENTID,DOCTORID,ROOMID,DIAGNOSIS,STARTDATE_TIME,ENDDATE_TIME) values (212,189,3,'R207',' Leukocytoclastic vasculitis',to_timestamp('07-MAR-22 10.48.38.000000000 AM','DD-MON-RR HH.MI.SSXFF AM'),to_timestamp('08-MAR-22 10.48.38.000000000 AM','DD-MON-RR HH.MI.SSXFF AM'));
Insert into HOSPITAL.APPOINTMENT (AID,PATIENTID,DOCTORID,ROOMID,DIAGNOSIS,STARTDATE_TIME,ENDDATE_TIME) values (213,188,37,'R208',' Lichen planus',to_timestamp('19-FEB-22 10.02.47.000000000 AM','DD-MON-RR HH.MI.SSXFF AM'),to_timestamp('20-FEB-22 10.02.47.000000000 AM','DD-MON-RR HH.MI.SSXFF AM'));
Insert into HOSPITAL.APPOINTMENT (AID,PATIENTID,DOCTORID,ROOMID,DIAGNOSIS,STARTDATE_TIME,ENDDATE_TIME) values (214,187,45,'R209',' Liver cancer',to_timestamp('10-MAR-22 06.20.02.000000000 PM','DD-MON-RR HH.MI.SSXFF AM'),to_timestamp('11-MAR-22 06.20.02.000000000 PM','DD-MON-RR HH.MI.SSXFF AM'));
Insert into HOSPITAL.APPOINTMENT (AID,PATIENTID,DOCTORID,ROOMID,DIAGNOSIS,STARTDATE_TIME,ENDDATE_TIME) values (215,186,45,'R210',' Lobular carcinoma in situ',to_timestamp('25-SEP-22 02.15.15.000000000 PM','DD-MON-RR HH.MI.SSXFF AM'),to_timestamp('26-SEP-22 02.15.15.000000000 PM','DD-MON-RR HH.MI.SSXFF AM'));
Insert into HOSPITAL.APPOINTMENT (AID,PATIENTID,DOCTORID,ROOMID,DIAGNOSIS,STARTDATE_TIME,ENDDATE_TIME) values (216,185,20,'R211',' Lung cancer',to_timestamp('26-AUG-22 10.33.41.000000000 PM','DD-MON-RR HH.MI.SSXFF AM'),to_timestamp('27-AUG-22 10.33.41.000000000 PM','DD-MON-RR HH.MI.SSXFF AM'));
Insert into HOSPITAL.APPOINTMENT (AID,PATIENTID,DOCTORID,ROOMID,DIAGNOSIS,STARTDATE_TIME,ENDDATE_TIME) values (217,184,5,'R212',' Lymphadenopathy',to_timestamp('29-AUG-22 12.00.38.000000000 AM','DD-MON-RR HH.MI.SSXFF AM'),to_timestamp('30-AUG-22 12.00.38.000000000 AM','DD-MON-RR HH.MI.SSXFF AM'));
Insert into HOSPITAL.APPOINTMENT (AID,PATIENTID,DOCTORID,ROOMID,DIAGNOSIS,STARTDATE_TIME,ENDDATE_TIME) values (218,183,39,'R213',' Lymphoma',to_timestamp('07-APR-22 09.49.13.000000000 AM','DD-MON-RR HH.MI.SSXFF AM'),to_timestamp('08-APR-22 09.49.13.000000000 AM','DD-MON-RR HH.MI.SSXFF AM'));
Insert into HOSPITAL.APPOINTMENT (AID,PATIENTID,DOCTORID,ROOMID,DIAGNOSIS,STARTDATE_TIME,ENDDATE_TIME) values (219,182,26,'R214',' Lyme disease',to_timestamp('13-JAN-22 07.55.01.000000000 AM','DD-MON-RR HH.MI.SSXFF AM'),to_timestamp('14-JAN-22 07.55.01.000000000 AM','DD-MON-RR HH.MI.SSXFF AM'));
Insert into HOSPITAL.APPOINTMENT (AID,PATIENTID,DOCTORID,ROOMID,DIAGNOSIS,STARTDATE_TIME,ENDDATE_TIME) values (220,181,15,'R215',' Malabsorption',to_timestamp('15-JUN-22 03.56.05.000000000 PM','DD-MON-RR HH.MI.SSXFF AM'),to_timestamp('16-JUN-22 03.56.05.000000000 PM','DD-MON-RR HH.MI.SSXFF AM'));
Insert into HOSPITAL.APPOINTMENT (AID,PATIENTID,DOCTORID,ROOMID,DIAGNOSIS,STARTDATE_TIME,ENDDATE_TIME) values (221,180,32,'R216',' Malaria',to_timestamp('10-AUG-22 06.22.43.000000000 PM','DD-MON-RR HH.MI.SSXFF AM'),to_timestamp('11-AUG-22 06.22.43.000000000 PM','DD-MON-RR HH.MI.SSXFF AM'));
Insert into HOSPITAL.APPOINTMENT (AID,PATIENTID,DOCTORID,ROOMID,DIAGNOSIS,STARTDATE_TIME,ENDDATE_TIME) values (222,179,3,'R217',' Measles',to_timestamp('02-MAR-22 11.23.04.000000000 AM','DD-MON-RR HH.MI.SSXFF AM'),to_timestamp('03-MAR-22 11.23.04.000000000 AM','DD-MON-RR HH.MI.SSXFF AM'));
Insert into HOSPITAL.APPOINTMENT (AID,PATIENTID,DOCTORID,ROOMID,DIAGNOSIS,STARTDATE_TIME,ENDDATE_TIME) values (223,178,36,'R218',' Melanoma',to_timestamp('29-AUG-22 09.14.57.000000000 PM','DD-MON-RR HH.MI.SSXFF AM'),to_timestamp('30-AUG-22 09.14.57.000000000 PM','DD-MON-RR HH.MI.SSXFF AM'));
Insert into HOSPITAL.APPOINTMENT (AID,PATIENTID,DOCTORID,ROOMID,DIAGNOSIS,STARTDATE_TIME,ENDDATE_TIME) values (224,177,24,'R219',' Meniere''s disease',to_timestamp('13-APR-22 02.45.57.000000000 AM','DD-MON-RR HH.MI.SSXFF AM'),to_timestamp('14-APR-22 02.45.57.000000000 AM','DD-MON-RR HH.MI.SSXFF AM'));
Insert into HOSPITAL.APPOINTMENT (AID,PATIENTID,DOCTORID,ROOMID,DIAGNOSIS,STARTDATE_TIME,ENDDATE_TIME) values (225,176,30,'R220',' Menopause',to_timestamp('16-JAN-22 12.27.22.000000000 PM','DD-MON-RR HH.MI.SSXFF AM'),to_timestamp('17-JAN-22 12.27.22.000000000 PM','DD-MON-RR HH.MI.SSXFF AM'));
Insert into HOSPITAL.APPOINTMENT (AID,PATIENTID,DOCTORID,ROOMID,DIAGNOSIS,STARTDATE_TIME,ENDDATE_TIME) values (226,175,22,'R221',' Menorrhagia',to_timestamp('23-AUG-22 08.39.25.000000000 PM','DD-MON-RR HH.MI.SSXFF AM'),to_timestamp('24-AUG-22 08.39.25.000000000 PM','DD-MON-RR HH.MI.SSXFF AM'));
Insert into HOSPITAL.APPOINTMENT (AID,PATIENTID,DOCTORID,ROOMID,DIAGNOSIS,STARTDATE_TIME,ENDDATE_TIME) values (227,174,42,'R222',' Metabolic acidosis',to_timestamp('12-MAR-22 06.49.32.000000000 AM','DD-MON-RR HH.MI.SSXFF AM'),to_timestamp('13-MAR-22 06.49.32.000000000 AM','DD-MON-RR HH.MI.SSXFF AM'));
Insert into HOSPITAL.APPOINTMENT (AID,PATIENTID,DOCTORID,ROOMID,DIAGNOSIS,STARTDATE_TIME,ENDDATE_TIME) values (228,173,26,'R223',' Metabolic alkalosis',to_timestamp('23-JUL-22 02.27.55.000000000 AM','DD-MON-RR HH.MI.SSXFF AM'),to_timestamp('24-JUL-22 02.27.55.000000000 AM','DD-MON-RR HH.MI.SSXFF AM'));
Insert into HOSPITAL.APPOINTMENT (AID,PATIENTID,DOCTORID,ROOMID,DIAGNOSIS,STARTDATE_TIME,ENDDATE_TIME) values (229,172,50,'R224',' Migraine',to_timestamp('31-MAR-22 11.15.14.000000000 PM','DD-MON-RR HH.MI.SSXFF AM'),to_timestamp('01-APR-22 11.15.14.000000000 PM','DD-MON-RR HH.MI.SSXFF AM'));
Insert into HOSPITAL.APPOINTMENT (AID,PATIENTID,DOCTORID,ROOMID,DIAGNOSIS,STARTDATE_TIME,ENDDATE_TIME) values (230,171,32,'R225',' Mitral stenosis',to_timestamp('09-APR-22 07.09.53.000000000 PM','DD-MON-RR HH.MI.SSXFF AM'),to_timestamp('10-APR-22 07.09.53.000000000 PM','DD-MON-RR HH.MI.SSXFF AM'));
Insert into HOSPITAL.APPOINTMENT (AID,PATIENTID,DOCTORID,ROOMID,DIAGNOSIS,STARTDATE_TIME,ENDDATE_TIME) values (231,170,44,'R226',' Mitral valve prolapse',to_timestamp('02-APR-22 01.38.08.000000000 PM','DD-MON-RR HH.MI.SSXFF AM'),to_timestamp('03-APR-22 01.38.08.000000000 PM','DD-MON-RR HH.MI.SSXFF AM'));
Insert into HOSPITAL.APPOINTMENT (AID,PATIENTID,DOCTORID,ROOMID,DIAGNOSIS,STARTDATE_TIME,ENDDATE_TIME) values (232,169,45,'R327',' Multiple myeloma',to_timestamp('02-JUL-22 01.08.57.000000000 PM','DD-MON-RR HH.MI.SSXFF AM'),to_timestamp('03-JUL-22 01.08.57.000000000 PM','DD-MON-RR HH.MI.SSXFF AM'));
Insert into HOSPITAL.APPOINTMENT (AID,PATIENTID,DOCTORID,ROOMID,DIAGNOSIS,STARTDATE_TIME,ENDDATE_TIME) values (233,168,37,'R328',' Multiple sclerosis',to_timestamp('20-MAY-22 07.58.10.000000000 AM','DD-MON-RR HH.MI.SSXFF AM'),to_timestamp('21-MAY-22 07.58.10.000000000 AM','DD-MON-RR HH.MI.SSXFF AM'));
Insert into HOSPITAL.APPOINTMENT (AID,PATIENTID,DOCTORID,ROOMID,DIAGNOSIS,STARTDATE_TIME,ENDDATE_TIME) values (234,167,10,'R329',' Myasthenia gravis',to_timestamp('10-MAY-22 10.35.25.000000000 AM','DD-MON-RR HH.MI.SSXFF AM'),to_timestamp('11-MAY-22 10.35.25.000000000 AM','DD-MON-RR HH.MI.SSXFF AM'));
Insert into HOSPITAL.APPOINTMENT (AID,PATIENTID,DOCTORID,ROOMID,DIAGNOSIS,STARTDATE_TIME,ENDDATE_TIME) values (235,166,46,'R330',' Myocardial infarction',to_timestamp('27-FEB-22 11.44.17.000000000 PM','DD-MON-RR HH.MI.SSXFF AM'),to_timestamp('28-FEB-22 11.44.17.000000000 PM','DD-MON-RR HH.MI.SSXFF AM'));
Insert into HOSPITAL.APPOINTMENT (AID,PATIENTID,DOCTORID,ROOMID,DIAGNOSIS,STARTDATE_TIME,ENDDATE_TIME) values (236,165,9,'R331',' Atelectasis',to_timestamp('14-JUL-22 04.29.38.000000000 AM','DD-MON-RR HH.MI.SSXFF AM'),to_timestamp('15-JUL-22 04.29.38.000000000 AM','DD-MON-RR HH.MI.SSXFF AM'));
Insert into HOSPITAL.APPOINTMENT (AID,PATIENTID,DOCTORID,ROOMID,DIAGNOSIS,STARTDATE_TIME,ENDDATE_TIME) values (237,164,44,'R332',' Acute Respiratory Distress Syndrome',to_timestamp('22-MAR-22 08.25.41.000000000 AM','DD-MON-RR HH.MI.SSXFF AM'),to_timestamp('23-MAR-22 08.25.41.000000000 AM','DD-MON-RR HH.MI.SSXFF AM'));
Insert into HOSPITAL.APPOINTMENT (AID,PATIENTID,DOCTORID,ROOMID,DIAGNOSIS,STARTDATE_TIME,ENDDATE_TIME) values (238,163,23,'R333',' Bronchiolitis',to_timestamp('27-SEP-22 06.16.16.000000000 PM','DD-MON-RR HH.MI.SSXFF AM'),to_timestamp('28-SEP-22 06.16.16.000000000 PM','DD-MON-RR HH.MI.SSXFF AM'));
Insert into HOSPITAL.APPOINTMENT (AID,PATIENTID,DOCTORID,ROOMID,DIAGNOSIS,STARTDATE_TIME,ENDDATE_TIME) values (239,162,34,'R334',' Congestive Heart Failure',to_timestamp('01-FEB-22 02.42.07.000000000 AM','DD-MON-RR HH.MI.SSXFF AM'),to_timestamp('02-FEB-22 02.42.07.000000000 AM','DD-MON-RR HH.MI.SSXFF AM'));
Insert into HOSPITAL.APPOINTMENT (AID,PATIENTID,DOCTORID,ROOMID,DIAGNOSIS,STARTDATE_TIME,ENDDATE_TIME) values (240,161,38,'R335',' Chronic Obstructive Pulmonary Disease',to_timestamp('03-FEB-22 11.17.55.000000000 PM','DD-MON-RR HH.MI.SSXFF AM'),to_timestamp('04-FEB-22 11.17.55.000000000 PM','DD-MON-RR HH.MI.SSXFF AM'));
Insert into HOSPITAL.APPOINTMENT (AID,PATIENTID,DOCTORID,ROOMID,DIAGNOSIS,STARTDATE_TIME,ENDDATE_TIME) values (241,160,40,'R336',' Cystic Fibrosis',to_timestamp('18-JUL-22 04.27.19.000000000 AM','DD-MON-RR HH.MI.SSXFF AM'),to_timestamp('19-JUL-22 04.27.19.000000000 AM','DD-MON-RR HH.MI.SSXFF AM'));
Insert into HOSPITAL.APPOINTMENT (AID,PATIENTID,DOCTORID,ROOMID,DIAGNOSIS,STARTDATE_TIME,ENDDATE_TIME) values (242,159,40,'R337',' Emphysema',to_timestamp('03-JUL-22 02.46.56.000000000 AM','DD-MON-RR HH.MI.SSXFF AM'),to_timestamp('04-JUL-22 02.46.56.000000000 AM','DD-MON-RR HH.MI.SSXFF AM'));
Insert into HOSPITAL.APPOINTMENT (AID,PATIENTID,DOCTORID,ROOMID,DIAGNOSIS,STARTDATE_TIME,ENDDATE_TIME) values (243,158,48,'R338',' Influenza',to_timestamp('26-FEB-22 12.40.48.000000000 PM','DD-MON-RR HH.MI.SSXFF AM'),to_timestamp('27-FEB-22 12.40.48.000000000 PM','DD-MON-RR HH.MI.SSXFF AM'));
Insert into HOSPITAL.APPOINTMENT (AID,PATIENTID,DOCTORID,ROOMID,DIAGNOSIS,STARTDATE_TIME,ENDDATE_TIME) values (244,157,39,'R339',' Laryngitis',to_timestamp('09-APR-22 02.01.13.000000000 PM','DD-MON-RR HH.MI.SSXFF AM'),to_timestamp('10-APR-22 02.01.13.000000000 PM','DD-MON-RR HH.MI.SSXFF AM'));
Insert into HOSPITAL.APPOINTMENT (AID,PATIENTID,DOCTORID,ROOMID,DIAGNOSIS,STARTDATE_TIME,ENDDATE_TIME) values (245,156,13,'R340',' Legionnaires'' Disease',to_timestamp('10-SEP-22 10.32.49.000000000 PM','DD-MON-RR HH.MI.SSXFF AM'),to_timestamp('11-SEP-22 10.32.49.000000000 PM','DD-MON-RR HH.MI.SSXFF AM'));
Insert into HOSPITAL.APPOINTMENT (AID,PATIENTID,DOCTORID,ROOMID,DIAGNOSIS,STARTDATE_TIME,ENDDATE_TIME) values (246,155,30,'R341',' Pneumonia',to_timestamp('12-APR-22 04.08.09.000000000 AM','DD-MON-RR HH.MI.SSXFF AM'),to_timestamp('13-APR-22 04.08.09.000000000 AM','DD-MON-RR HH.MI.SSXFF AM'));
Insert into HOSPITAL.APPOINTMENT (AID,PATIENTID,DOCTORID,ROOMID,DIAGNOSIS,STARTDATE_TIME,ENDDATE_TIME) values (247,154,10,'R101',' Pulmonary Embolism',to_timestamp('09-MAR-22 04.51.04.000000000 PM','DD-MON-RR HH.MI.SSXFF AM'),to_timestamp('10-MAR-22 04.51.04.000000000 PM','DD-MON-RR HH.MI.SSXFF AM'));
Insert into HOSPITAL.APPOINTMENT (AID,PATIENTID,DOCTORID,ROOMID,DIAGNOSIS,STARTDATE_TIME,ENDDATE_TIME) values (248,153,11,'R102',' Respiratory Syncytial Virus',to_timestamp('14-JUL-22 07.15.28.000000000 AM','DD-MON-RR HH.MI.SSXFF AM'),to_timestamp('15-JUL-22 07.15.28.000000000 AM','DD-MON-RR HH.MI.SSXFF AM'));
Insert into HOSPITAL.APPOINTMENT (AID,PATIENTID,DOCTORID,ROOMID,DIAGNOSIS,STARTDATE_TIME,ENDDATE_TIME) values (249,152,23,'R103',' Septic Shock',to_timestamp('15-FEB-22 01.27.58.000000000 AM','DD-MON-RR HH.MI.SSXFF AM'),to_timestamp('16-FEB-22 01.27.58.000000000 AM','DD-MON-RR HH.MI.SSXFF AM'));
Insert into HOSPITAL.APPOINTMENT (AID,PATIENTID,DOCTORID,ROOMID,DIAGNOSIS,STARTDATE_TIME,ENDDATE_TIME) values (250,151,4,'R104',' Tuberculosis',to_timestamp('04-FEB-22 07.39.59.000000000 PM','DD-MON-RR HH.MI.SSXFF AM'),to_timestamp('05-FEB-22 07.39.59.000000000 PM','DD-MON-RR HH.MI.SSXFF AM'));
Insert into HOSPITAL.APPOINTMENT (AID,PATIENTID,DOCTORID,ROOMID,DIAGNOSIS,STARTDATE_TIME,ENDDATE_TIME) values (251,150,20,'R105',' Upper Respiratory Infection',to_timestamp('21-MAR-22 11.23.13.000000000 PM','DD-MON-RR HH.MI.SSXFF AM'),to_timestamp('22-MAR-22 11.23.13.000000000 PM','DD-MON-RR HH.MI.SSXFF AM'));
Insert into HOSPITAL.APPOINTMENT (AID,PATIENTID,DOCTORID,ROOMID,DIAGNOSIS,STARTDATE_TIME,ENDDATE_TIME) values (252,149,3,'R206',' Acute Bronchitis',to_timestamp('30-SEP-22 02.44.53.000000000 PM','DD-MON-RR HH.MI.SSXFF AM'),to_timestamp('01-OCT-22 02.44.53.000000000 PM','DD-MON-RR HH.MI.SSXFF AM'));
Insert into HOSPITAL.APPOINTMENT (AID,PATIENTID,DOCTORID,ROOMID,DIAGNOSIS,STARTDATE_TIME,ENDDATE_TIME) values (253,148,14,'R207',' Acute Sinusitis',to_timestamp('27-FEB-22 08.21.35.000000000 PM','DD-MON-RR HH.MI.SSXFF AM'),to_timestamp('28-FEB-22 08.21.35.000000000 PM','DD-MON-RR HH.MI.SSXFF AM'));
Insert into HOSPITAL.APPOINTMENT (AID,PATIENTID,DOCTORID,ROOMID,DIAGNOSIS,STARTDATE_TIME,ENDDATE_TIME) values (254,147,36,'R208',' Adenovirus',to_timestamp('10-MAY-22 07.24.56.000000000 AM','DD-MON-RR HH.MI.SSXFF AM'),to_timestamp('11-MAY-22 07.24.56.000000000 AM','DD-MON-RR HH.MI.SSXFF AM'));
Insert into HOSPITAL.APPOINTMENT (AID,PATIENTID,DOCTORID,ROOMID,DIAGNOSIS,STARTDATE_TIME,ENDDATE_TIME) values (255,146,26,'R209',' Anaplasmosis',to_timestamp('30-JAN-22 10.38.01.000000000 AM','DD-MON-RR HH.MI.SSXFF AM'),to_timestamp('31-JAN-22 10.38.01.000000000 AM','DD-MON-RR HH.MI.SSXFF AM'));
Insert into HOSPITAL.APPOINTMENT (AID,PATIENTID,DOCTORID,ROOMID,DIAGNOSIS,STARTDATE_TIME,ENDDATE_TIME) values (256,145,12,'R210',' Anthrax',to_timestamp('08-AUG-22 09.45.48.000000000 PM','DD-MON-RR HH.MI.SSXFF AM'),to_timestamp('09-AUG-22 09.45.48.000000000 PM','DD-MON-RR HH.MI.SSXFF AM'));
Insert into HOSPITAL.APPOINTMENT (AID,PATIENTID,DOCTORID,ROOMID,DIAGNOSIS,STARTDATE_TIME,ENDDATE_TIME) values (257,144,22,'R211',' Babesiosis',to_timestamp('18-JUL-22 08.52.24.000000000 AM','DD-MON-RR HH.MI.SSXFF AM'),to_timestamp('19-JUL-22 08.52.24.000000000 AM','DD-MON-RR HH.MI.SSXFF AM'));
Insert into HOSPITAL.APPOINTMENT (AID,PATIENTID,DOCTORID,ROOMID,DIAGNOSIS,STARTDATE_TIME,ENDDATE_TIME) values (258,143,19,'R212',' Bordetella pertussis',to_timestamp('14-AUG-22 10.53.03.000000000 AM','DD-MON-RR HH.MI.SSXFF AM'),to_timestamp('15-AUG-22 10.53.03.000000000 AM','DD-MON-RR HH.MI.SSXFF AM'));
Insert into HOSPITAL.APPOINTMENT (AID,PATIENTID,DOCTORID,ROOMID,DIAGNOSIS,STARTDATE_TIME,ENDDATE_TIME) values (259,142,37,'R213',' Borrelia burgdorferi',to_timestamp('05-SEP-22 11.34.25.000000000 PM','DD-MON-RR HH.MI.SSXFF AM'),to_timestamp('06-SEP-22 11.34.25.000000000 PM','DD-MON-RR HH.MI.SSXFF AM'));
Insert into HOSPITAL.APPOINTMENT (AID,PATIENTID,DOCTORID,ROOMID,DIAGNOSIS,STARTDATE_TIME,ENDDATE_TIME) values (260,141,16,'R214',' Brucellosis',to_timestamp('04-MAR-22 03.04.49.000000000 PM','DD-MON-RR HH.MI.SSXFF AM'),to_timestamp('05-MAR-22 03.04.49.000000000 PM','DD-MON-RR HH.MI.SSXFF AM'));
Insert into HOSPITAL.APPOINTMENT (AID,PATIENTID,DOCTORID,ROOMID,DIAGNOSIS,STARTDATE_TIME,ENDDATE_TIME) values (261,140,38,'R215',' Campylobacteriosis',to_timestamp('30-MAR-22 03.28.16.000000000 AM','DD-MON-RR HH.MI.SSXFF AM'),to_timestamp('31-MAR-22 03.28.16.000000000 AM','DD-MON-RR HH.MI.SSXFF AM'));
Insert into HOSPITAL.APPOINTMENT (AID,PATIENTID,DOCTORID,ROOMID,DIAGNOSIS,STARTDATE_TIME,ENDDATE_TIME) values (262,139,48,'R216',' Chickenpox',to_timestamp('08-MAR-22 02.17.25.000000000 PM','DD-MON-RR HH.MI.SSXFF AM'),to_timestamp('09-MAR-22 02.17.25.000000000 PM','DD-MON-RR HH.MI.SSXFF AM'));
Insert into HOSPITAL.APPOINTMENT (AID,PATIENTID,DOCTORID,ROOMID,DIAGNOSIS,STARTDATE_TIME,ENDDATE_TIME) values (263,138,48,'R217',' Chlamydia',to_timestamp('20-MAR-22 06.40.32.000000000 AM','DD-MON-RR HH.MI.SSXFF AM'),to_timestamp('21-MAR-22 06.40.32.000000000 AM','DD-MON-RR HH.MI.SSXFF AM'));
Insert into HOSPITAL.APPOINTMENT (AID,PATIENTID,DOCTORID,ROOMID,DIAGNOSIS,STARTDATE_TIME,ENDDATE_TIME) values (264,137,34,'R218',' Cholera',to_timestamp('29-MAY-22 02.46.33.000000000 AM','DD-MON-RR HH.MI.SSXFF AM'),to_timestamp('30-MAY-22 02.46.33.000000000 AM','DD-MON-RR HH.MI.SSXFF AM'));
Insert into HOSPITAL.APPOINTMENT (AID,PATIENTID,DOCTORID,ROOMID,DIAGNOSIS,STARTDATE_TIME,ENDDATE_TIME) values (265,136,15,'R219',' Coccidioidomycosis',to_timestamp('10-FEB-22 12.27.19.000000000 PM','DD-MON-RR HH.MI.SSXFF AM'),to_timestamp('11-FEB-22 12.27.19.000000000 PM','DD-MON-RR HH.MI.SSXFF AM'));
Insert into HOSPITAL.APPOINTMENT (AID,PATIENTID,DOCTORID,ROOMID,DIAGNOSIS,STARTDATE_TIME,ENDDATE_TIME) values (266,135,29,'R220',' Cryptococcosis',to_timestamp('20-JAN-22 08.34.45.000000000 AM','DD-MON-RR HH.MI.SSXFF AM'),to_timestamp('21-JAN-22 08.34.45.000000000 AM','DD-MON-RR HH.MI.SSXFF AM'));
Insert into HOSPITAL.APPOINTMENT (AID,PATIENTID,DOCTORID,ROOMID,DIAGNOSIS,STARTDATE_TIME,ENDDATE_TIME) values (267,134,18,'R221',' Dengue',to_timestamp('28-FEB-22 07.01.43.000000000 AM','DD-MON-RR HH.MI.SSXFF AM'),to_timestamp('01-MAR-22 07.01.43.000000000 AM','DD-MON-RR HH.MI.SSXFF AM'));
Insert into HOSPITAL.APPOINTMENT (AID,PATIENTID,DOCTORID,ROOMID,DIAGNOSIS,STARTDATE_TIME,ENDDATE_TIME) values (268,133,10,'R222',' Diphtheria',to_timestamp('26-JAN-22 06.22.43.000000000 PM','DD-MON-RR HH.MI.SSXFF AM'),to_timestamp('27-JAN-22 06.22.43.000000000 PM','DD-MON-RR HH.MI.SSXFF AM'));
Insert into HOSPITAL.APPOINTMENT (AID,PATIENTID,DOCTORID,ROOMID,DIAGNOSIS,STARTDATE_TIME,ENDDATE_TIME) values (269,132,26,'R223',' E',to_timestamp('15-MAY-22 10.21.53.000000000 AM','DD-MON-RR HH.MI.SSXFF AM'),to_timestamp('16-MAY-22 10.21.53.000000000 AM','DD-MON-RR HH.MI.SSXFF AM'));
Insert into HOSPITAL.APPOINTMENT (AID,PATIENTID,DOCTORID,ROOMID,DIAGNOSIS,STARTDATE_TIME,ENDDATE_TIME) values (270,131,14,'R224',' Enterovirus',to_timestamp('25-MAR-22 10.49.35.000000000 PM','DD-MON-RR HH.MI.SSXFF AM'),to_timestamp('26-MAR-22 10.49.35.000000000 PM','DD-MON-RR HH.MI.SSXFF AM'));
REM INSERTING into HOSPITAL.APPOINTMENTLAB
SET DEFINE OFF;
Insert into HOSPITAL.APPOINTMENTLAB (AID,LABTESTID) values (1,'L001');
Insert into HOSPITAL.APPOINTMENTLAB (AID,LABTESTID) values (2,'L002');
Insert into HOSPITAL.APPOINTMENTLAB (AID,LABTESTID) values (3,'L003');
Insert into HOSPITAL.APPOINTMENTLAB (AID,LABTESTID) values (4,'L004');
Insert into HOSPITAL.APPOINTMENTLAB (AID,LABTESTID) values (5,'L005');
Insert into HOSPITAL.APPOINTMENTLAB (AID,LABTESTID) values (6,'L006');
Insert into HOSPITAL.APPOINTMENTLAB (AID,LABTESTID) values (7,'L007');
Insert into HOSPITAL.APPOINTMENTLAB (AID,LABTESTID) values (8,'L008');
Insert into HOSPITAL.APPOINTMENTLAB (AID,LABTESTID) values (9,'L009');
Insert into HOSPITAL.APPOINTMENTLAB (AID,LABTESTID) values (10,'L010');
Insert into HOSPITAL.APPOINTMENTLAB (AID,LABTESTID) values (11,'L011');
Insert into HOSPITAL.APPOINTMENTLAB (AID,LABTESTID) values (12,'L012');
Insert into HOSPITAL.APPOINTMENTLAB (AID,LABTESTID) values (13,'L013');
Insert into HOSPITAL.APPOINTMENTLAB (AID,LABTESTID) values (14,'L014');
Insert into HOSPITAL.APPOINTMENTLAB (AID,LABTESTID) values (15,'L015');
Insert into HOSPITAL.APPOINTMENTLAB (AID,LABTESTID) values (16,'L001');
Insert into HOSPITAL.APPOINTMENTLAB (AID,LABTESTID) values (17,'L002');
Insert into HOSPITAL.APPOINTMENTLAB (AID,LABTESTID) values (18,'L003');
Insert into HOSPITAL.APPOINTMENTLAB (AID,LABTESTID) values (19,'L004');
Insert into HOSPITAL.APPOINTMENTLAB (AID,LABTESTID) values (20,'L005');
Insert into HOSPITAL.APPOINTMENTLAB (AID,LABTESTID) values (21,'L006');
Insert into HOSPITAL.APPOINTMENTLAB (AID,LABTESTID) values (22,'L007');
Insert into HOSPITAL.APPOINTMENTLAB (AID,LABTESTID) values (23,'L008');
Insert into HOSPITAL.APPOINTMENTLAB (AID,LABTESTID) values (24,'L009');
Insert into HOSPITAL.APPOINTMENTLAB (AID,LABTESTID) values (25,'L010');
Insert into HOSPITAL.APPOINTMENTLAB (AID,LABTESTID) values (26,'L011');
Insert into HOSPITAL.APPOINTMENTLAB (AID,LABTESTID) values (27,'L012');
Insert into HOSPITAL.APPOINTMENTLAB (AID,LABTESTID) values (28,'L013');
Insert into HOSPITAL.APPOINTMENTLAB (AID,LABTESTID) values (29,'L014');
Insert into HOSPITAL.APPOINTMENTLAB (AID,LABTESTID) values (30,'L015');
Insert into HOSPITAL.APPOINTMENTLAB (AID,LABTESTID) values (31,'L001');
Insert into HOSPITAL.APPOINTMENTLAB (AID,LABTESTID) values (32,'L002');
Insert into HOSPITAL.APPOINTMENTLAB (AID,LABTESTID) values (33,'L003');
Insert into HOSPITAL.APPOINTMENTLAB (AID,LABTESTID) values (34,'L004');
Insert into HOSPITAL.APPOINTMENTLAB (AID,LABTESTID) values (35,'L005');
Insert into HOSPITAL.APPOINTMENTLAB (AID,LABTESTID) values (36,'L006');
Insert into HOSPITAL.APPOINTMENTLAB (AID,LABTESTID) values (37,'L007');
Insert into HOSPITAL.APPOINTMENTLAB (AID,LABTESTID) values (38,'L008');
Insert into HOSPITAL.APPOINTMENTLAB (AID,LABTESTID) values (39,'L009');
Insert into HOSPITAL.APPOINTMENTLAB (AID,LABTESTID) values (40,'L010');
Insert into HOSPITAL.APPOINTMENTLAB (AID,LABTESTID) values (41,'L011');
Insert into HOSPITAL.APPOINTMENTLAB (AID,LABTESTID) values (42,'L012');
Insert into HOSPITAL.APPOINTMENTLAB (AID,LABTESTID) values (43,'L013');
Insert into HOSPITAL.APPOINTMENTLAB (AID,LABTESTID) values (44,'L014');
Insert into HOSPITAL.APPOINTMENTLAB (AID,LABTESTID) values (45,'L015');
Insert into HOSPITAL.APPOINTMENTLAB (AID,LABTESTID) values (46,'L001');
Insert into HOSPITAL.APPOINTMENTLAB (AID,LABTESTID) values (47,'L002');
Insert into HOSPITAL.APPOINTMENTLAB (AID,LABTESTID) values (48,'L003');
Insert into HOSPITAL.APPOINTMENTLAB (AID,LABTESTID) values (49,'L004');
Insert into HOSPITAL.APPOINTMENTLAB (AID,LABTESTID) values (50,'L005');
Insert into HOSPITAL.APPOINTMENTLAB (AID,LABTESTID) values (51,'L006');
Insert into HOSPITAL.APPOINTMENTLAB (AID,LABTESTID) values (52,'L007');
Insert into HOSPITAL.APPOINTMENTLAB (AID,LABTESTID) values (53,'L008');
Insert into HOSPITAL.APPOINTMENTLAB (AID,LABTESTID) values (54,'L009');
Insert into HOSPITAL.APPOINTMENTLAB (AID,LABTESTID) values (55,'L010');
Insert into HOSPITAL.APPOINTMENTLAB (AID,LABTESTID) values (56,'L011');
Insert into HOSPITAL.APPOINTMENTLAB (AID,LABTESTID) values (57,'L012');
Insert into HOSPITAL.APPOINTMENTLAB (AID,LABTESTID) values (58,'L013');
Insert into HOSPITAL.APPOINTMENTLAB (AID,LABTESTID) values (59,'L014');
Insert into HOSPITAL.APPOINTMENTLAB (AID,LABTESTID) values (60,'L015');
Insert into HOSPITAL.APPOINTMENTLAB (AID,LABTESTID) values (61,'L001');
Insert into HOSPITAL.APPOINTMENTLAB (AID,LABTESTID) values (62,'L002');
Insert into HOSPITAL.APPOINTMENTLAB (AID,LABTESTID) values (63,'L003');
Insert into HOSPITAL.APPOINTMENTLAB (AID,LABTESTID) values (64,'L004');
Insert into HOSPITAL.APPOINTMENTLAB (AID,LABTESTID) values (65,'L005');
Insert into HOSPITAL.APPOINTMENTLAB (AID,LABTESTID) values (66,'L006');
Insert into HOSPITAL.APPOINTMENTLAB (AID,LABTESTID) values (67,'L007');
Insert into HOSPITAL.APPOINTMENTLAB (AID,LABTESTID) values (68,'L008');
Insert into HOSPITAL.APPOINTMENTLAB (AID,LABTESTID) values (69,'L009');
Insert into HOSPITAL.APPOINTMENTLAB (AID,LABTESTID) values (70,'L010');
Insert into HOSPITAL.APPOINTMENTLAB (AID,LABTESTID) values (71,'L011');
Insert into HOSPITAL.APPOINTMENTLAB (AID,LABTESTID) values (72,'L012');
Insert into HOSPITAL.APPOINTMENTLAB (AID,LABTESTID) values (73,'L013');
Insert into HOSPITAL.APPOINTMENTLAB (AID,LABTESTID) values (74,'L014');
Insert into HOSPITAL.APPOINTMENTLAB (AID,LABTESTID) values (75,'L015');
Insert into HOSPITAL.APPOINTMENTLAB (AID,LABTESTID) values (76,'L001');
Insert into HOSPITAL.APPOINTMENTLAB (AID,LABTESTID) values (77,'L002');
Insert into HOSPITAL.APPOINTMENTLAB (AID,LABTESTID) values (78,'L003');
Insert into HOSPITAL.APPOINTMENTLAB (AID,LABTESTID) values (79,'L004');
Insert into HOSPITAL.APPOINTMENTLAB (AID,LABTESTID) values (80,'L005');
Insert into HOSPITAL.APPOINTMENTLAB (AID,LABTESTID) values (81,'L006');
Insert into HOSPITAL.APPOINTMENTLAB (AID,LABTESTID) values (82,'L007');
Insert into HOSPITAL.APPOINTMENTLAB (AID,LABTESTID) values (83,'L008');
Insert into HOSPITAL.APPOINTMENTLAB (AID,LABTESTID) values (84,'L009');
Insert into HOSPITAL.APPOINTMENTLAB (AID,LABTESTID) values (85,'L010');
Insert into HOSPITAL.APPOINTMENTLAB (AID,LABTESTID) values (86,'L011');
Insert into HOSPITAL.APPOINTMENTLAB (AID,LABTESTID) values (87,'L012');
Insert into HOSPITAL.APPOINTMENTLAB (AID,LABTESTID) values (88,'L013');
Insert into HOSPITAL.APPOINTMENTLAB (AID,LABTESTID) values (89,'L014');
Insert into HOSPITAL.APPOINTMENTLAB (AID,LABTESTID) values (90,'L015');
Insert into HOSPITAL.APPOINTMENTLAB (AID,LABTESTID) values (91,'L001');
Insert into HOSPITAL.APPOINTMENTLAB (AID,LABTESTID) values (92,'L002');
Insert into HOSPITAL.APPOINTMENTLAB (AID,LABTESTID) values (93,'L003');
Insert into HOSPITAL.APPOINTMENTLAB (AID,LABTESTID) values (94,'L004');
Insert into HOSPITAL.APPOINTMENTLAB (AID,LABTESTID) values (95,'L005');
Insert into HOSPITAL.APPOINTMENTLAB (AID,LABTESTID) values (96,'L006');
Insert into HOSPITAL.APPOINTMENTLAB (AID,LABTESTID) values (97,'L007');
Insert into HOSPITAL.APPOINTMENTLAB (AID,LABTESTID) values (98,'L008');
Insert into HOSPITAL.APPOINTMENTLAB (AID,LABTESTID) values (99,'L009');
Insert into HOSPITAL.APPOINTMENTLAB (AID,LABTESTID) values (100,'L010');
Insert into HOSPITAL.APPOINTMENTLAB (AID,LABTESTID) values (101,'L011');
Insert into HOSPITAL.APPOINTMENTLAB (AID,LABTESTID) values (102,'L012');
Insert into HOSPITAL.APPOINTMENTLAB (AID,LABTESTID) values (103,'L013');
Insert into HOSPITAL.APPOINTMENTLAB (AID,LABTESTID) values (104,'L014');
Insert into HOSPITAL.APPOINTMENTLAB (AID,LABTESTID) values (105,'L015');
Insert into HOSPITAL.APPOINTMENTLAB (AID,LABTESTID) values (106,'L001');
Insert into HOSPITAL.APPOINTMENTLAB (AID,LABTESTID) values (107,'L002');
Insert into HOSPITAL.APPOINTMENTLAB (AID,LABTESTID) values (108,'L003');
Insert into HOSPITAL.APPOINTMENTLAB (AID,LABTESTID) values (109,'L004');
Insert into HOSPITAL.APPOINTMENTLAB (AID,LABTESTID) values (110,'L005');
Insert into HOSPITAL.APPOINTMENTLAB (AID,LABTESTID) values (111,'L006');
Insert into HOSPITAL.APPOINTMENTLAB (AID,LABTESTID) values (112,'L007');
Insert into HOSPITAL.APPOINTMENTLAB (AID,LABTESTID) values (113,'L008');
Insert into HOSPITAL.APPOINTMENTLAB (AID,LABTESTID) values (114,'L009');
Insert into HOSPITAL.APPOINTMENTLAB (AID,LABTESTID) values (115,'L010');
Insert into HOSPITAL.APPOINTMENTLAB (AID,LABTESTID) values (116,'L011');
Insert into HOSPITAL.APPOINTMENTLAB (AID,LABTESTID) values (117,'L012');
Insert into HOSPITAL.APPOINTMENTLAB (AID,LABTESTID) values (118,'L013');
Insert into HOSPITAL.APPOINTMENTLAB (AID,LABTESTID) values (119,'L014');
Insert into HOSPITAL.APPOINTMENTLAB (AID,LABTESTID) values (120,'L015');
Insert into HOSPITAL.APPOINTMENTLAB (AID,LABTESTID) values (121,'L001');
Insert into HOSPITAL.APPOINTMENTLAB (AID,LABTESTID) values (122,'L002');
Insert into HOSPITAL.APPOINTMENTLAB (AID,LABTESTID) values (123,'L003');
Insert into HOSPITAL.APPOINTMENTLAB (AID,LABTESTID) values (124,'L004');
Insert into HOSPITAL.APPOINTMENTLAB (AID,LABTESTID) values (125,'L005');
Insert into HOSPITAL.APPOINTMENTLAB (AID,LABTESTID) values (126,'L006');
Insert into HOSPITAL.APPOINTMENTLAB (AID,LABTESTID) values (127,'L007');
Insert into HOSPITAL.APPOINTMENTLAB (AID,LABTESTID) values (128,'L008');
Insert into HOSPITAL.APPOINTMENTLAB (AID,LABTESTID) values (129,'L009');
Insert into HOSPITAL.APPOINTMENTLAB (AID,LABTESTID) values (130,'L010');
Insert into HOSPITAL.APPOINTMENTLAB (AID,LABTESTID) values (131,'L011');
Insert into HOSPITAL.APPOINTMENTLAB (AID,LABTESTID) values (132,'L012');
Insert into HOSPITAL.APPOINTMENTLAB (AID,LABTESTID) values (133,'L013');
Insert into HOSPITAL.APPOINTMENTLAB (AID,LABTESTID) values (134,'L014');
Insert into HOSPITAL.APPOINTMENTLAB (AID,LABTESTID) values (135,'L015');
Insert into HOSPITAL.APPOINTMENTLAB (AID,LABTESTID) values (136,'L001');
Insert into HOSPITAL.APPOINTMENTLAB (AID,LABTESTID) values (137,'L002');
Insert into HOSPITAL.APPOINTMENTLAB (AID,LABTESTID) values (138,'L003');
Insert into HOSPITAL.APPOINTMENTLAB (AID,LABTESTID) values (139,'L004');
Insert into HOSPITAL.APPOINTMENTLAB (AID,LABTESTID) values (140,'L005');
Insert into HOSPITAL.APPOINTMENTLAB (AID,LABTESTID) values (141,'L006');
Insert into HOSPITAL.APPOINTMENTLAB (AID,LABTESTID) values (142,'L007');
Insert into HOSPITAL.APPOINTMENTLAB (AID,LABTESTID) values (143,'L008');
Insert into HOSPITAL.APPOINTMENTLAB (AID,LABTESTID) values (144,'L009');
Insert into HOSPITAL.APPOINTMENTLAB (AID,LABTESTID) values (145,'L010');
Insert into HOSPITAL.APPOINTMENTLAB (AID,LABTESTID) values (146,'L011');
Insert into HOSPITAL.APPOINTMENTLAB (AID,LABTESTID) values (147,'L012');
Insert into HOSPITAL.APPOINTMENTLAB (AID,LABTESTID) values (148,'L013');
Insert into HOSPITAL.APPOINTMENTLAB (AID,LABTESTID) values (149,'L014');
Insert into HOSPITAL.APPOINTMENTLAB (AID,LABTESTID) values (150,'L015');
Insert into HOSPITAL.APPOINTMENTLAB (AID,LABTESTID) values (151,'L001');
Insert into HOSPITAL.APPOINTMENTLAB (AID,LABTESTID) values (152,'L002');
Insert into HOSPITAL.APPOINTMENTLAB (AID,LABTESTID) values (153,'L003');
Insert into HOSPITAL.APPOINTMENTLAB (AID,LABTESTID) values (154,'L004');
Insert into HOSPITAL.APPOINTMENTLAB (AID,LABTESTID) values (155,'L005');
Insert into HOSPITAL.APPOINTMENTLAB (AID,LABTESTID) values (156,'L006');
Insert into HOSPITAL.APPOINTMENTLAB (AID,LABTESTID) values (157,'L007');
Insert into HOSPITAL.APPOINTMENTLAB (AID,LABTESTID) values (158,'L008');
Insert into HOSPITAL.APPOINTMENTLAB (AID,LABTESTID) values (159,'L009');
Insert into HOSPITAL.APPOINTMENTLAB (AID,LABTESTID) values (160,'L010');
Insert into HOSPITAL.APPOINTMENTLAB (AID,LABTESTID) values (161,'L011');
Insert into HOSPITAL.APPOINTMENTLAB (AID,LABTESTID) values (162,'L012');
Insert into HOSPITAL.APPOINTMENTLAB (AID,LABTESTID) values (163,'L013');
Insert into HOSPITAL.APPOINTMENTLAB (AID,LABTESTID) values (164,'L014');
Insert into HOSPITAL.APPOINTMENTLAB (AID,LABTESTID) values (165,'L015');
Insert into HOSPITAL.APPOINTMENTLAB (AID,LABTESTID) values (166,'L001');
Insert into HOSPITAL.APPOINTMENTLAB (AID,LABTESTID) values (167,'L002');
Insert into HOSPITAL.APPOINTMENTLAB (AID,LABTESTID) values (168,'L003');
Insert into HOSPITAL.APPOINTMENTLAB (AID,LABTESTID) values (169,'L004');
Insert into HOSPITAL.APPOINTMENTLAB (AID,LABTESTID) values (170,'L005');
Insert into HOSPITAL.APPOINTMENTLAB (AID,LABTESTID) values (171,'L006');
Insert into HOSPITAL.APPOINTMENTLAB (AID,LABTESTID) values (172,'L007');
Insert into HOSPITAL.APPOINTMENTLAB (AID,LABTESTID) values (173,'L008');
Insert into HOSPITAL.APPOINTMENTLAB (AID,LABTESTID) values (174,'L009');
Insert into HOSPITAL.APPOINTMENTLAB (AID,LABTESTID) values (175,'L010');
Insert into HOSPITAL.APPOINTMENTLAB (AID,LABTESTID) values (176,'L011');
Insert into HOSPITAL.APPOINTMENTLAB (AID,LABTESTID) values (177,'L012');
Insert into HOSPITAL.APPOINTMENTLAB (AID,LABTESTID) values (178,'L013');
Insert into HOSPITAL.APPOINTMENTLAB (AID,LABTESTID) values (179,'L014');
Insert into HOSPITAL.APPOINTMENTLAB (AID,LABTESTID) values (180,'L015');
Insert into HOSPITAL.APPOINTMENTLAB (AID,LABTESTID) values (181,'L001');
Insert into HOSPITAL.APPOINTMENTLAB (AID,LABTESTID) values (182,'L002');
Insert into HOSPITAL.APPOINTMENTLAB (AID,LABTESTID) values (183,'L003');
Insert into HOSPITAL.APPOINTMENTLAB (AID,LABTESTID) values (184,'L004');
Insert into HOSPITAL.APPOINTMENTLAB (AID,LABTESTID) values (185,'L005');
Insert into HOSPITAL.APPOINTMENTLAB (AID,LABTESTID) values (186,'L006');
Insert into HOSPITAL.APPOINTMENTLAB (AID,LABTESTID) values (187,'L007');
Insert into HOSPITAL.APPOINTMENTLAB (AID,LABTESTID) values (188,'L008');
Insert into HOSPITAL.APPOINTMENTLAB (AID,LABTESTID) values (189,'L009');
Insert into HOSPITAL.APPOINTMENTLAB (AID,LABTESTID) values (190,'L010');
Insert into HOSPITAL.APPOINTMENTLAB (AID,LABTESTID) values (191,'L011');
Insert into HOSPITAL.APPOINTMENTLAB (AID,LABTESTID) values (192,'L012');
Insert into HOSPITAL.APPOINTMENTLAB (AID,LABTESTID) values (193,'L013');
Insert into HOSPITAL.APPOINTMENTLAB (AID,LABTESTID) values (194,'L014');
Insert into HOSPITAL.APPOINTMENTLAB (AID,LABTESTID) values (195,'L015');
Insert into HOSPITAL.APPOINTMENTLAB (AID,LABTESTID) values (196,'L001');
Insert into HOSPITAL.APPOINTMENTLAB (AID,LABTESTID) values (197,'L002');
Insert into HOSPITAL.APPOINTMENTLAB (AID,LABTESTID) values (198,'L003');
Insert into HOSPITAL.APPOINTMENTLAB (AID,LABTESTID) values (199,'L004');
Insert into HOSPITAL.APPOINTMENTLAB (AID,LABTESTID) values (200,'L005');
Insert into HOSPITAL.APPOINTMENTLAB (AID,LABTESTID) values (201,'L006');
Insert into HOSPITAL.APPOINTMENTLAB (AID,LABTESTID) values (202,'L007');
Insert into HOSPITAL.APPOINTMENTLAB (AID,LABTESTID) values (203,'L008');
Insert into HOSPITAL.APPOINTMENTLAB (AID,LABTESTID) values (204,'L009');
Insert into HOSPITAL.APPOINTMENTLAB (AID,LABTESTID) values (205,'L010');
Insert into HOSPITAL.APPOINTMENTLAB (AID,LABTESTID) values (206,'L011');
Insert into HOSPITAL.APPOINTMENTLAB (AID,LABTESTID) values (207,'L012');
Insert into HOSPITAL.APPOINTMENTLAB (AID,LABTESTID) values (208,'L013');
Insert into HOSPITAL.APPOINTMENTLAB (AID,LABTESTID) values (209,'L014');
Insert into HOSPITAL.APPOINTMENTLAB (AID,LABTESTID) values (210,'L015');
Insert into HOSPITAL.APPOINTMENTLAB (AID,LABTESTID) values (211,'L001');
Insert into HOSPITAL.APPOINTMENTLAB (AID,LABTESTID) values (212,'L002');
Insert into HOSPITAL.APPOINTMENTLAB (AID,LABTESTID) values (213,'L003');
Insert into HOSPITAL.APPOINTMENTLAB (AID,LABTESTID) values (214,'L004');
Insert into HOSPITAL.APPOINTMENTLAB (AID,LABTESTID) values (215,'L005');
Insert into HOSPITAL.APPOINTMENTLAB (AID,LABTESTID) values (216,'L006');
Insert into HOSPITAL.APPOINTMENTLAB (AID,LABTESTID) values (217,'L007');
Insert into HOSPITAL.APPOINTMENTLAB (AID,LABTESTID) values (218,'L008');
Insert into HOSPITAL.APPOINTMENTLAB (AID,LABTESTID) values (219,'L009');
Insert into HOSPITAL.APPOINTMENTLAB (AID,LABTESTID) values (220,'L010');
Insert into HOSPITAL.APPOINTMENTLAB (AID,LABTESTID) values (221,'L011');
Insert into HOSPITAL.APPOINTMENTLAB (AID,LABTESTID) values (222,'L012');
Insert into HOSPITAL.APPOINTMENTLAB (AID,LABTESTID) values (223,'L013');
Insert into HOSPITAL.APPOINTMENTLAB (AID,LABTESTID) values (224,'L014');
Insert into HOSPITAL.APPOINTMENTLAB (AID,LABTESTID) values (225,'L015');
Insert into HOSPITAL.APPOINTMENTLAB (AID,LABTESTID) values (226,'L001');
Insert into HOSPITAL.APPOINTMENTLAB (AID,LABTESTID) values (227,'L002');
Insert into HOSPITAL.APPOINTMENTLAB (AID,LABTESTID) values (228,'L003');
Insert into HOSPITAL.APPOINTMENTLAB (AID,LABTESTID) values (229,'L004');
Insert into HOSPITAL.APPOINTMENTLAB (AID,LABTESTID) values (230,'L005');
Insert into HOSPITAL.APPOINTMENTLAB (AID,LABTESTID) values (231,'L006');
Insert into HOSPITAL.APPOINTMENTLAB (AID,LABTESTID) values (232,'L007');
Insert into HOSPITAL.APPOINTMENTLAB (AID,LABTESTID) values (233,'L008');
Insert into HOSPITAL.APPOINTMENTLAB (AID,LABTESTID) values (234,'L009');
Insert into HOSPITAL.APPOINTMENTLAB (AID,LABTESTID) values (235,'L010');
Insert into HOSPITAL.APPOINTMENTLAB (AID,LABTESTID) values (236,'L011');
Insert into HOSPITAL.APPOINTMENTLAB (AID,LABTESTID) values (237,'L012');
Insert into HOSPITAL.APPOINTMENTLAB (AID,LABTESTID) values (238,'L013');
Insert into HOSPITAL.APPOINTMENTLAB (AID,LABTESTID) values (239,'L014');
Insert into HOSPITAL.APPOINTMENTLAB (AID,LABTESTID) values (240,'L015');
Insert into HOSPITAL.APPOINTMENTLAB (AID,LABTESTID) values (241,'L001');
Insert into HOSPITAL.APPOINTMENTLAB (AID,LABTESTID) values (242,'L002');
Insert into HOSPITAL.APPOINTMENTLAB (AID,LABTESTID) values (243,'L003');
Insert into HOSPITAL.APPOINTMENTLAB (AID,LABTESTID) values (244,'L004');
Insert into HOSPITAL.APPOINTMENTLAB (AID,LABTESTID) values (245,'L005');
Insert into HOSPITAL.APPOINTMENTLAB (AID,LABTESTID) values (246,'L006');
Insert into HOSPITAL.APPOINTMENTLAB (AID,LABTESTID) values (247,'L007');
Insert into HOSPITAL.APPOINTMENTLAB (AID,LABTESTID) values (248,'L008');
Insert into HOSPITAL.APPOINTMENTLAB (AID,LABTESTID) values (249,'L009');
Insert into HOSPITAL.APPOINTMENTLAB (AID,LABTESTID) values (250,'L010');
Insert into HOSPITAL.APPOINTMENTLAB (AID,LABTESTID) values (251,'L011');
Insert into HOSPITAL.APPOINTMENTLAB (AID,LABTESTID) values (252,'L012');
Insert into HOSPITAL.APPOINTMENTLAB (AID,LABTESTID) values (253,'L013');
Insert into HOSPITAL.APPOINTMENTLAB (AID,LABTESTID) values (254,'L014');
Insert into HOSPITAL.APPOINTMENTLAB (AID,LABTESTID) values (255,'L015');
Insert into HOSPITAL.APPOINTMENTLAB (AID,LABTESTID) values (256,'L001');
Insert into HOSPITAL.APPOINTMENTLAB (AID,LABTESTID) values (257,'L002');
Insert into HOSPITAL.APPOINTMENTLAB (AID,LABTESTID) values (258,'L003');
Insert into HOSPITAL.APPOINTMENTLAB (AID,LABTESTID) values (259,'L004');
Insert into HOSPITAL.APPOINTMENTLAB (AID,LABTESTID) values (260,'L005');
Insert into HOSPITAL.APPOINTMENTLAB (AID,LABTESTID) values (261,'L006');
Insert into HOSPITAL.APPOINTMENTLAB (AID,LABTESTID) values (262,'L007');
Insert into HOSPITAL.APPOINTMENTLAB (AID,LABTESTID) values (263,'L008');
Insert into HOSPITAL.APPOINTMENTLAB (AID,LABTESTID) values (264,'L009');
Insert into HOSPITAL.APPOINTMENTLAB (AID,LABTESTID) values (265,'L010');
Insert into HOSPITAL.APPOINTMENTLAB (AID,LABTESTID) values (266,'L011');
Insert into HOSPITAL.APPOINTMENTLAB (AID,LABTESTID) values (267,'L012');
Insert into HOSPITAL.APPOINTMENTLAB (AID,LABTESTID) values (268,'L013');
Insert into HOSPITAL.APPOINTMENTLAB (AID,LABTESTID) values (269,'L014');
Insert into HOSPITAL.APPOINTMENTLAB (AID,LABTESTID) values (270,'L015');
Insert into HOSPITAL.APPOINTMENTLAB (AID,LABTESTID) values (271,'L001');
Insert into HOSPITAL.APPOINTMENTLAB (AID,LABTESTID) values (272,'L002');
Insert into HOSPITAL.APPOINTMENTLAB (AID,LABTESTID) values (273,'L003');
Insert into HOSPITAL.APPOINTMENTLAB (AID,LABTESTID) values (274,'L004');
Insert into HOSPITAL.APPOINTMENTLAB (AID,LABTESTID) values (275,'L005');
Insert into HOSPITAL.APPOINTMENTLAB (AID,LABTESTID) values (276,'L006');
Insert into HOSPITAL.APPOINTMENTLAB (AID,LABTESTID) values (277,'L007');
Insert into HOSPITAL.APPOINTMENTLAB (AID,LABTESTID) values (278,'L008');
Insert into HOSPITAL.APPOINTMENTLAB (AID,LABTESTID) values (279,'L009');
Insert into HOSPITAL.APPOINTMENTLAB (AID,LABTESTID) values (280,'L010');
Insert into HOSPITAL.APPOINTMENTLAB (AID,LABTESTID) values (281,'L011');
Insert into HOSPITAL.APPOINTMENTLAB (AID,LABTESTID) values (282,'L012');
Insert into HOSPITAL.APPOINTMENTLAB (AID,LABTESTID) values (283,'L013');
Insert into HOSPITAL.APPOINTMENTLAB (AID,LABTESTID) values (284,'L014');
Insert into HOSPITAL.APPOINTMENTLAB (AID,LABTESTID) values (285,'L015');
Insert into HOSPITAL.APPOINTMENTLAB (AID,LABTESTID) values (286,'L001');
Insert into HOSPITAL.APPOINTMENTLAB (AID,LABTESTID) values (287,'L002');
Insert into HOSPITAL.APPOINTMENTLAB (AID,LABTESTID) values (288,'L003');
Insert into HOSPITAL.APPOINTMENTLAB (AID,LABTESTID) values (289,'L004');
Insert into HOSPITAL.APPOINTMENTLAB (AID,LABTESTID) values (290,'L005');
Insert into HOSPITAL.APPOINTMENTLAB (AID,LABTESTID) values (291,'L006');
Insert into HOSPITAL.APPOINTMENTLAB (AID,LABTESTID) values (292,'L007');
Insert into HOSPITAL.APPOINTMENTLAB (AID,LABTESTID) values (293,'L008');
Insert into HOSPITAL.APPOINTMENTLAB (AID,LABTESTID) values (294,'L009');
Insert into HOSPITAL.APPOINTMENTLAB (AID,LABTESTID) values (295,'L010');
Insert into HOSPITAL.APPOINTMENTLAB (AID,LABTESTID) values (296,'L011');
Insert into HOSPITAL.APPOINTMENTLAB (AID,LABTESTID) values (297,'L012');
Insert into HOSPITAL.APPOINTMENTLAB (AID,LABTESTID) values (298,'L013');
Insert into HOSPITAL.APPOINTMENTLAB (AID,LABTESTID) values (299,'L014');
Insert into HOSPITAL.APPOINTMENTLAB (AID,LABTESTID) values (300,'L015');
Insert into HOSPITAL.APPOINTMENTLAB (AID,LABTESTID) values (301,'L001');
Insert into HOSPITAL.APPOINTMENTLAB (AID,LABTESTID) values (302,'L002');
Insert into HOSPITAL.APPOINTMENTLAB (AID,LABTESTID) values (303,'L003');
Insert into HOSPITAL.APPOINTMENTLAB (AID,LABTESTID) values (304,'L004');
Insert into HOSPITAL.APPOINTMENTLAB (AID,LABTESTID) values (305,'L005');
Insert into HOSPITAL.APPOINTMENTLAB (AID,LABTESTID) values (306,'L006');
Insert into HOSPITAL.APPOINTMENTLAB (AID,LABTESTID) values (307,'L007');
Insert into HOSPITAL.APPOINTMENTLAB (AID,LABTESTID) values (308,'L008');
Insert into HOSPITAL.APPOINTMENTLAB (AID,LABTESTID) values (309,'L009');
Insert into HOSPITAL.APPOINTMENTLAB (AID,LABTESTID) values (310,'L010');
Insert into HOSPITAL.APPOINTMENTLAB (AID,LABTESTID) values (311,'L011');
Insert into HOSPITAL.APPOINTMENTLAB (AID,LABTESTID) values (312,'L012');
Insert into HOSPITAL.APPOINTMENTLAB (AID,LABTESTID) values (313,'L013');
Insert into HOSPITAL.APPOINTMENTLAB (AID,LABTESTID) values (314,'L014');
Insert into HOSPITAL.APPOINTMENTLAB (AID,LABTESTID) values (315,'L015');
Insert into HOSPITAL.APPOINTMENTLAB (AID,LABTESTID) values (316,'L001');
Insert into HOSPITAL.APPOINTMENTLAB (AID,LABTESTID) values (317,'L002');
Insert into HOSPITAL.APPOINTMENTLAB (AID,LABTESTID) values (318,'L003');
Insert into HOSPITAL.APPOINTMENTLAB (AID,LABTESTID) values (319,'L004');
Insert into HOSPITAL.APPOINTMENTLAB (AID,LABTESTID) values (320,'L005');
Insert into HOSPITAL.APPOINTMENTLAB (AID,LABTESTID) values (321,'L006');
Insert into HOSPITAL.APPOINTMENTLAB (AID,LABTESTID) values (322,'L007');
Insert into HOSPITAL.APPOINTMENTLAB (AID,LABTESTID) values (323,'L008');
Insert into HOSPITAL.APPOINTMENTLAB (AID,LABTESTID) values (324,'L009');
Insert into HOSPITAL.APPOINTMENTLAB (AID,LABTESTID) values (325,'L010');
Insert into HOSPITAL.APPOINTMENTLAB (AID,LABTESTID) values (326,'L011');
Insert into HOSPITAL.APPOINTMENTLAB (AID,LABTESTID) values (327,'L012');
Insert into HOSPITAL.APPOINTMENTLAB (AID,LABTESTID) values (328,'L013');
Insert into HOSPITAL.APPOINTMENTLAB (AID,LABTESTID) values (329,'L014');
Insert into HOSPITAL.APPOINTMENTLAB (AID,LABTESTID) values (330,'L015');
Insert into HOSPITAL.APPOINTMENTLAB (AID,LABTESTID) values (331,'L001');
Insert into HOSPITAL.APPOINTMENTLAB (AID,LABTESTID) values (332,'L002');
Insert into HOSPITAL.APPOINTMENTLAB (AID,LABTESTID) values (333,'L003');
Insert into HOSPITAL.APPOINTMENTLAB (AID,LABTESTID) values (334,'L004');
Insert into HOSPITAL.APPOINTMENTLAB (AID,LABTESTID) values (335,'L005');
Insert into HOSPITAL.APPOINTMENTLAB (AID,LABTESTID) values (336,'L006');
Insert into HOSPITAL.APPOINTMENTLAB (AID,LABTESTID) values (337,'L007');
Insert into HOSPITAL.APPOINTMENTLAB (AID,LABTESTID) values (338,'L008');
Insert into HOSPITAL.APPOINTMENTLAB (AID,LABTESTID) values (339,'L009');
Insert into HOSPITAL.APPOINTMENTLAB (AID,LABTESTID) values (340,'L010');
Insert into HOSPITAL.APPOINTMENTLAB (AID,LABTESTID) values (341,'L011');
Insert into HOSPITAL.APPOINTMENTLAB (AID,LABTESTID) values (342,'L012');
Insert into HOSPITAL.APPOINTMENTLAB (AID,LABTESTID) values (343,'L013');
Insert into HOSPITAL.APPOINTMENTLAB (AID,LABTESTID) values (344,'L014');
Insert into HOSPITAL.APPOINTMENTLAB (AID,LABTESTID) values (345,'L015');
Insert into HOSPITAL.APPOINTMENTLAB (AID,LABTESTID) values (346,'L001');
Insert into HOSPITAL.APPOINTMENTLAB (AID,LABTESTID) values (347,'L002');
Insert into HOSPITAL.APPOINTMENTLAB (AID,LABTESTID) values (348,'L003');
Insert into HOSPITAL.APPOINTMENTLAB (AID,LABTESTID) values (349,'L004');
Insert into HOSPITAL.APPOINTMENTLAB (AID,LABTESTID) values (350,'L005');
REM INSERTING into HOSPITAL.DEPARTMENT
SET DEFINE OFF;
Insert into HOSPITAL.DEPARTMENT (DEPTID,DEPTNAME,DEPTHEAD) values ('D001','Department of immunology',null);
Insert into HOSPITAL.DEPARTMENT (DEPTID,DEPTNAME,DEPTHEAD) values ('D002','Department of Anesthesiology','12');
Insert into HOSPITAL.DEPARTMENT (DEPTID,DEPTNAME,DEPTHEAD) values ('D003','Department of Cardiology','9');
Insert into HOSPITAL.DEPARTMENT (DEPTID,DEPTNAME,DEPTHEAD) values ('D004','Department of Dermatology','33');
Insert into HOSPITAL.DEPARTMENT (DEPTID,DEPTNAME,DEPTHEAD) values ('D005','Department of Endocrinology','31');
Insert into HOSPITAL.DEPARTMENT (DEPTID,DEPTNAME,DEPTHEAD) values ('D006','Department of Gastroenterology','18');
Insert into HOSPITAL.DEPARTMENT (DEPTID,DEPTNAME,DEPTHEAD) values ('D007','Department of Hematology','23');
Insert into HOSPITAL.DEPARTMENT (DEPTID,DEPTNAME,DEPTHEAD) values ('D008','Department of Nephrology','48');
Insert into HOSPITAL.DEPARTMENT (DEPTID,DEPTNAME,DEPTHEAD) values ('D009','Department of Neurology','1');
Insert into HOSPITAL.DEPARTMENT (DEPTID,DEPTNAME,DEPTHEAD) values ('D010','Department of Gynecology',null);
Insert into HOSPITAL.DEPARTMENT (DEPTID,DEPTNAME,DEPTHEAD) values ('D011','Department of Oncology','3');
Insert into HOSPITAL.DEPARTMENT (DEPTID,DEPTNAME,DEPTHEAD) values ('D012','Department of Ophthalmology','39');
Insert into HOSPITAL.DEPARTMENT (DEPTID,DEPTNAME,DEPTHEAD) values ('D013','Department of Osteopaths','38');
Insert into HOSPITAL.DEPARTMENT (DEPTID,DEPTNAME,DEPTHEAD) values ('D014','Department of Otolaryngology','26');
Insert into HOSPITAL.DEPARTMENT (DEPTID,DEPTNAME,DEPTHEAD) values ('D015','Department of Pathology','44');
Insert into HOSPITAL.DEPARTMENT (DEPTID,DEPTNAME,DEPTHEAD) values ('D016','Department of Pediatrics','14');
Insert into HOSPITAL.DEPARTMENT (DEPTID,DEPTNAME,DEPTHEAD) values ('D017','Department of Physiology','27');
Insert into HOSPITAL.DEPARTMENT (DEPTID,DEPTNAME,DEPTHEAD) values ('D018','Department of Podiology','6');
Insert into HOSPITAL.DEPARTMENT (DEPTID,DEPTNAME,DEPTHEAD) values ('D019','Department of Psychology',null);
Insert into HOSPITAL.DEPARTMENT (DEPTID,DEPTNAME,DEPTHEAD) values ('D020','Department of Pulmonology','36');
Insert into HOSPITAL.DEPARTMENT (DEPTID,DEPTNAME,DEPTHEAD) values ('D021','Department of Radiology','13');
Insert into HOSPITAL.DEPARTMENT (DEPTID,DEPTNAME,DEPTHEAD) values ('D022','Department of Rheumatology','22');
Insert into HOSPITAL.DEPARTMENT (DEPTID,DEPTNAME,DEPTHEAD) values ('D023','Department of Urology','34');
Insert into HOSPITAL.DEPARTMENT (DEPTID,DEPTNAME,DEPTHEAD) values ('D024','Department of surgery','7');
Insert into HOSPITAL.DEPARTMENT (DEPTID,DEPTNAME,DEPTHEAD) values ('D025','Department of General Medicine','8');
REM INSERTING into HOSPITAL.DOCDEPT
SET DEFINE OFF;
Insert into HOSPITAL.DOCDEPT (DEPTID,DOCTORID) values ('D009',1);
Insert into HOSPITAL.DOCDEPT (DEPTID,DOCTORID) values ('D019',2);
Insert into HOSPITAL.DOCDEPT (DEPTID,DOCTORID) values ('D011',3);
Insert into HOSPITAL.DOCDEPT (DEPTID,DOCTORID) values ('D020',4);
Insert into HOSPITAL.DOCDEPT (DEPTID,DOCTORID) values ('D020',5);
Insert into HOSPITAL.DOCDEPT (DEPTID,DOCTORID) values ('D018',6);
Insert into HOSPITAL.DOCDEPT (DEPTID,DOCTORID) values ('D024',7);
Insert into HOSPITAL.DOCDEPT (DEPTID,DOCTORID) values ('D025',8);
Insert into HOSPITAL.DOCDEPT (DEPTID,DOCTORID) values ('D003',9);
Insert into HOSPITAL.DOCDEPT (DEPTID,DOCTORID) values ('D025',10);
Insert into HOSPITAL.DOCDEPT (DEPTID,DOCTORID) values ('D025',11);
Insert into HOSPITAL.DOCDEPT (DEPTID,DOCTORID) values ('D002',12);
Insert into HOSPITAL.DOCDEPT (DEPTID,DOCTORID) values ('D021',13);
Insert into HOSPITAL.DOCDEPT (DEPTID,DOCTORID) values ('D016',14);
Insert into HOSPITAL.DOCDEPT (DEPTID,DOCTORID) values ('D009',15);
Insert into HOSPITAL.DOCDEPT (DEPTID,DOCTORID) values ('D025',16);
Insert into HOSPITAL.DOCDEPT (DEPTID,DOCTORID) values ('D024',17);
Insert into HOSPITAL.DOCDEPT (DEPTID,DOCTORID) values ('D006',18);
Insert into HOSPITAL.DOCDEPT (DEPTID,DOCTORID) values ('D011',19);
Insert into HOSPITAL.DOCDEPT (DEPTID,DOCTORID) values ('D025',20);
Insert into HOSPITAL.DOCDEPT (DEPTID,DOCTORID) values ('D025',21);
Insert into HOSPITAL.DOCDEPT (DEPTID,DOCTORID) values ('D022',22);
Insert into HOSPITAL.DOCDEPT (DEPTID,DOCTORID) values ('D007',23);
Insert into HOSPITAL.DOCDEPT (DEPTID,DOCTORID) values ('D009',24);
Insert into HOSPITAL.DOCDEPT (DEPTID,DOCTORID) values ('D025',25);
Insert into HOSPITAL.DOCDEPT (DEPTID,DOCTORID) values ('D014',26);
Insert into HOSPITAL.DOCDEPT (DEPTID,DOCTORID) values ('D019',27);
Insert into HOSPITAL.DOCDEPT (DEPTID,DOCTORID) values ('D009',28);
Insert into HOSPITAL.DOCDEPT (DEPTID,DOCTORID) values ('D021',29);
Insert into HOSPITAL.DOCDEPT (DEPTID,DOCTORID) values ('D025',30);
Insert into HOSPITAL.DOCDEPT (DEPTID,DOCTORID) values ('D005',31);
Insert into HOSPITAL.DOCDEPT (DEPTID,DOCTORID) values ('D016',32);
Insert into HOSPITAL.DOCDEPT (DEPTID,DOCTORID) values ('D004',33);
Insert into HOSPITAL.DOCDEPT (DEPTID,DOCTORID) values ('D023',34);
Insert into HOSPITAL.DOCDEPT (DEPTID,DOCTORID) values ('D018',35);
Insert into HOSPITAL.DOCDEPT (DEPTID,DOCTORID) values ('D020',36);
Insert into HOSPITAL.DOCDEPT (DEPTID,DOCTORID) values ('D025',37);
Insert into HOSPITAL.DOCDEPT (DEPTID,DOCTORID) values ('D013',38);
Insert into HOSPITAL.DOCDEPT (DEPTID,DOCTORID) values ('D012',39);
Insert into HOSPITAL.DOCDEPT (DEPTID,DOCTORID) values ('D014',40);
Insert into HOSPITAL.DOCDEPT (DEPTID,DOCTORID) values ('D005',41);
Insert into HOSPITAL.DOCDEPT (DEPTID,DOCTORID) values ('D013',42);
Insert into HOSPITAL.DOCDEPT (DEPTID,DOCTORID) values ('D025',43);
Insert into HOSPITAL.DOCDEPT (DEPTID,DOCTORID) values ('D015',44);
Insert into HOSPITAL.DOCDEPT (DEPTID,DOCTORID) values ('D013',45);
Insert into HOSPITAL.DOCDEPT (DEPTID,DOCTORID) values ('D025',46);
Insert into HOSPITAL.DOCDEPT (DEPTID,DOCTORID) values ('D018',47);
Insert into HOSPITAL.DOCDEPT (DEPTID,DOCTORID) values ('D008',48);
Insert into HOSPITAL.DOCDEPT (DEPTID,DOCTORID) values ('D018',49);
Insert into HOSPITAL.DOCDEPT (DEPTID,DOCTORID) values ('D018',50);
REM INSERTING into HOSPITAL.DOCTOR
SET DEFINE OFF;
Insert into HOSPITAL.DOCTOR (DOCTORID,DDOB,SHIFTID,DEMAIL,DNAME,QUALIFICATION,SPECIALIZATION,DPASS,DPHONE) values (1,to_date('03-OCT-90','DD-MON-RR'),3,'AmieTennyson@gmail.com','Amie Tennyson','Doctor of Medicine','Neurologists','johndoe123',9876543210);
Insert into HOSPITAL.DOCTOR (DOCTORID,DDOB,SHIFTID,DEMAIL,DNAME,QUALIFICATION,SPECIALIZATION,DPASS,DPHONE) values (2,to_date('16-DEC-90','DD-MON-RR'),2,'JadaPhillis@gmail.com','Jada Phillis','Doctor of Psychology','Physiatrists','12345678',7328914782);
Insert into HOSPITAL.DOCTOR (DOCTORID,DDOB,SHIFTID,DEMAIL,DNAME,QUALIFICATION,SPECIALIZATION,DPASS,DPHONE) values (3,to_date('11-JAN-91','DD-MON-RR'),2,'DaniloGwinn@gmail.com','Danilo Gwinn','Doctor of Osteopathic Medicine','Sports Medicine Specialists','password',5137012949);
Insert into HOSPITAL.DOCTOR (DOCTORID,DDOB,SHIFTID,DEMAIL,DNAME,QUALIFICATION,SPECIALIZATION,DPASS,DPHONE) values (4,to_date('25-JAN-91','DD-MON-RR'),3,'KathiOboyle@gmail.com','Kathi Oboyle','Doctor of Medicine','Oncologists','12345',3024200657);
Insert into HOSPITAL.DOCTOR (DOCTORID,DDOB,SHIFTID,DEMAIL,DNAME,QUALIFICATION,SPECIALIZATION,DPASS,DPHONE) values (5,to_date('16-MAR-91','DD-MON-RR'),3,'LawandaWittig@gmail.com','Lawanda Wittig','Doctor of Medicine','Pulmonologists','123456789',4806380829);
Insert into HOSPITAL.DOCTOR (DOCTORID,DDOB,SHIFTID,DEMAIL,DNAME,QUALIFICATION,SPECIALIZATION,DPASS,DPHONE) values (6,to_date('25-APR-91','DD-MON-RR'),2,'PearlyCroteau@gmail.com','Pearly Croteau','Doctor of Podiatric Medicine','Podiatrists','1234',2018156824);
Insert into HOSPITAL.DOCTOR (DOCTORID,DDOB,SHIFTID,DEMAIL,DNAME,QUALIFICATION,SPECIALIZATION,DPASS,DPHONE) values (7,to_date('09-MAY-91','DD-MON-RR'),2,'NicolasaGiorgio@gmail.com','Nicolasa Giorgio','Doctor of Medicine','Pulmonologists','1234567',4087215685);
Insert into HOSPITAL.DOCTOR (DOCTORID,DDOB,SHIFTID,DEMAIL,DNAME,QUALIFICATION,SPECIALIZATION,DPASS,DPHONE) values (8,to_date('16-JUL-91','DD-MON-RR'),3,'MelaniaRevis@gmail.com','Melania Revis','Doctor of Pharmacy','Pharmacist','baseball',4257434368);
Insert into HOSPITAL.DOCTOR (DOCTORID,DDOB,SHIFTID,DEMAIL,DNAME,QUALIFICATION,SPECIALIZATION,DPASS,DPHONE) values (9,to_date('16-SEP-91','DD-MON-RR'),2,'SamaraGrimmett@gmail.com','Samara Grimmett','Doctor of Medicine','Pathologist','football',4155689472);
Insert into HOSPITAL.DOCTOR (DOCTORID,DDOB,SHIFTID,DEMAIL,DNAME,QUALIFICATION,SPECIALIZATION,DPASS,DPHONE) values (10,to_date('02-DEC-91','DD-MON-RR'),2,'MargitWhittle@gmail.com','Margit Whittle','Doctor of Pharmacy','Pharmacist','hockey',8017904756);
Insert into HOSPITAL.DOCTOR (DOCTORID,DDOB,SHIFTID,DEMAIL,DNAME,QUALIFICATION,SPECIALIZATION,DPASS,DPHONE) values (11,to_date('24-JAN-92','DD-MON-RR'),3,'DionneSchuler@gmail.com','Dionne Schuler','Doctor of Pharmacy','Pharmacist','soccer',3476894126);
Insert into HOSPITAL.DOCTOR (DOCTORID,DDOB,SHIFTID,DEMAIL,DNAME,QUALIFICATION,SPECIALIZATION,DPASS,DPHONE) values (12,to_date('26-JUL-92','DD-MON-RR'),3,'BrittenyDeaver@gmail.com','Britteny Deaver','Doctor of Medicine','Preventive Medicine Specialists','lacrosse',7163821732);
Insert into HOSPITAL.DOCTOR (DOCTORID,DDOB,SHIFTID,DEMAIL,DNAME,QUALIFICATION,SPECIALIZATION,DPASS,DPHONE) values (13,to_date('31-JUL-92','DD-MON-RR'),3,'SadyeDevillier@gmail.com','Sadye Devillier','Doctor of Medicine','Critical Care Medicine Specialists','basketball',3604580957);
Insert into HOSPITAL.DOCTOR (DOCTORID,DDOB,SHIFTID,DEMAIL,DNAME,QUALIFICATION,SPECIALIZATION,DPASS,DPHONE) values (14,to_date('14-JAN-93','DD-MON-RR'),3,'JosephinePozo@gmail.com','Josephine Pozo','Doctor of Medicine','Infectious Disease Specialists','track',4807829598);
Insert into HOSPITAL.DOCTOR (DOCTORID,DDOB,SHIFTID,DEMAIL,DNAME,QUALIFICATION,SPECIALIZATION,DPASS,DPHONE) values (15,to_date('27-JAN-93','DD-MON-RR'),3,'ShaylaWinkel@gmail.com','Shayla Winkel','Doctor of Medicine','Cardiologists','crosscountry',6506853241);
Insert into HOSPITAL.DOCTOR (DOCTORID,DDOB,SHIFTID,DEMAIL,DNAME,QUALIFICATION,SPECIALIZATION,DPASS,DPHONE) values (16,to_date('15-APR-93','DD-MON-RR'),3,'IrvinVaz@gmail.com','Irvin Vaz','Doctor of Medicine','General Surgeons','swimming',2016381457);
Insert into HOSPITAL.DOCTOR (DOCTORID,DDOB,SHIFTID,DEMAIL,DNAME,QUALIFICATION,SPECIALIZATION,DPASS,DPHONE) values (17,to_date('07-JUN-93','DD-MON-RR'),1,'MargotSarro@gmail.com','Margot Sarro','Doctor of Medicine','Medical Geneticists','diving',3606240309);
Insert into HOSPITAL.DOCTOR (DOCTORID,DDOB,SHIFTID,DEMAIL,DNAME,QUALIFICATION,SPECIALIZATION,DPASS,DPHONE) values (18,to_date('15-AUG-93','DD-MON-RR'),2,'NieshaFollis@gmail.com','Niesha Follis','Doctor of Naturopathic Medicine','Preventive Medicine Specialists','golf',4256978263);
Insert into HOSPITAL.DOCTOR (DOCTORID,DDOB,SHIFTID,DEMAIL,DNAME,QUALIFICATION,SPECIALIZATION,DPASS,DPHONE) values (19,to_date('04-SEP-93','DD-MON-RR'),3,'MarvinSchurg@gmail.com','Marvin Schurg','Doctor of Osteopathic Medicine','Critical Care Medicine Specialists','tennis',7862413917);
Insert into HOSPITAL.DOCTOR (DOCTORID,DDOB,SHIFTID,DEMAIL,DNAME,QUALIFICATION,SPECIALIZATION,DPASS,DPHONE) values (20,to_date('29-SEP-93','DD-MON-RR'),3,'BetseyPelletier@gmail.com','Betsey Pelletier','Doctor of Medicine','Infectious Disease Specialists','bowling',5618577803);
Insert into HOSPITAL.DOCTOR (DOCTORID,DDOB,SHIFTID,DEMAIL,DNAME,QUALIFICATION,SPECIALIZATION,DPASS,DPHONE) values (21,to_date('20-NOV-93','DD-MON-RR'),1,'RobertReisner@gmail.com','Robert Reisner','Doctor of Medicine','Anesthesiologists','cheerleading',4252431760);
Insert into HOSPITAL.DOCTOR (DOCTORID,DDOB,SHIFTID,DEMAIL,DNAME,QUALIFICATION,SPECIALIZATION,DPASS,DPHONE) values (22,to_date('22-NOV-93','DD-MON-RR'),1,'AnaGantt@gmail.com','Ana Gantt','Doctor of Medicine','Radiologists','1234567',7027166873);
Insert into HOSPITAL.DOCTOR (DOCTORID,DDOB,SHIFTID,DEMAIL,DNAME,QUALIFICATION,SPECIALIZATION,DPASS,DPHONE) values (23,to_date('24-NOV-93','DD-MON-RR'),2,'JedNieto@gmail.com','Jed Nieto','Doctor of Medicine','Pediatricians','baseball',4804581296);
Insert into HOSPITAL.DOCTOR (DOCTORID,DDOB,SHIFTID,DEMAIL,DNAME,QUALIFICATION,SPECIALIZATION,DPASS,DPHONE) values (24,to_date('14-DEC-93','DD-MON-RR'),2,'TaiChung@gmail.com','Tai Chung','Doctor of Naturopathic Medicine','Neurologists','abc123',6507434368);
Insert into HOSPITAL.DOCTOR (DOCTORID,DDOB,SHIFTID,DEMAIL,DNAME,QUALIFICATION,SPECIALIZATION,DPASS,DPHONE) values (25,to_date('21-DEC-93','DD-MON-RR'),2,'BenjaminSpicher@gmail.com','Benjamin Spicher','Doctor of Pharmacy','Critical Care Medicine Specialists','football',4158575685);
Insert into HOSPITAL.DOCTOR (DOCTORID,DDOB,SHIFTID,DEMAIL,DNAME,QUALIFICATION,SPECIALIZATION,DPASS,DPHONE) values (26,to_date('09-FEB-90','DD-MON-RR'),2,'PennyValasquez@gmail.com','Penny Valasquez','Doctor of Optometry','Optometrist','monkey',7324582949);
Insert into HOSPITAL.DOCTOR (DOCTORID,DDOB,SHIFTID,DEMAIL,DNAME,QUALIFICATION,SPECIALIZATION,DPASS,DPHONE) values (27,to_date('18-MAR-90','DD-MON-RR'),3,'CelestinaGrosse@gmail.com','Celestina Grosse','Doctor of Psychology','Preventive Medicine Specialists','letmein',6504582949);
Insert into HOSPITAL.DOCTOR (DOCTORID,DDOB,SHIFTID,DEMAIL,DNAME,QUALIFICATION,SPECIALIZATION,DPASS,DPHONE) values (28,to_date('23-JUN-90','DD-MON-RR'),3,'RobbyCarnegie@gmail.com','Robby Carnegie','Doctor of Medicine','Plastic Surgeons','696969',7864582949);
Insert into HOSPITAL.DOCTOR (DOCTORID,DDOB,SHIFTID,DEMAIL,DNAME,QUALIFICATION,SPECIALIZATION,DPASS,DPHONE) values (29,to_date('01-JAN-91','DD-MON-RR'),2,'StacyCaverly@gmail.com','Stacy Caverly','Doctor of Medicine','Gastroenterologists','shadow',7024582949);
Insert into HOSPITAL.DOCTOR (DOCTORID,DDOB,SHIFTID,DEMAIL,DNAME,QUALIFICATION,SPECIALIZATION,DPASS,DPHONE) values (30,to_date('25-JAN-91','DD-MON-RR'),2,'BobbyBradley@gmail.com','Bobby Bradley','Doctor of Pharmacy','Oncologists','master',2014582949);
Insert into HOSPITAL.DOCTOR (DOCTORID,DDOB,SHIFTID,DEMAIL,DNAME,QUALIFICATION,SPECIALIZATION,DPASS,DPHONE) values (31,to_date('19-FEB-91','DD-MON-RR'),3,'JanelFlannigan@gmail.com','Janel Flannigan','Doctor of Medicine','Medical Geneticists','666666',3474582949);
Insert into HOSPITAL.DOCTOR (DOCTORID,DDOB,SHIFTID,DEMAIL,DNAME,QUALIFICATION,SPECIALIZATION,DPASS,DPHONE) values (32,to_date('25-FEB-91','DD-MON-RR'),1,'MaryamLaswell@gmail.com','Maryam Laswell','Doctor of Medicine','Preventive Medicine Specialists','mustang',5614582949);
Insert into HOSPITAL.DOCTOR (DOCTORID,DDOB,SHIFTID,DEMAIL,DNAME,QUALIFICATION,SPECIALIZATION,DPASS,DPHONE) values (33,to_date('05-MAR-91','DD-MON-RR'),2,'EdwardoBehrends@gmail.com','Edwardo Behrends','Doctor of Optometry','Rheumatologists','121212',4254582949);
Insert into HOSPITAL.DOCTOR (DOCTORID,DDOB,SHIFTID,DEMAIL,DNAME,QUALIFICATION,SPECIALIZATION,DPASS,DPHONE) values (34,to_date('21-MAY-91','DD-MON-RR'),1,'MoonPassarelli@gmail.com','Moon Passarelli','Doctor of Naturopathic Medicine','Hematologists','123120',8564582949);
Insert into HOSPITAL.DOCTOR (DOCTORID,DDOB,SHIFTID,DEMAIL,DNAME,QUALIFICATION,SPECIALIZATION,DPASS,DPHONE) values (35,to_date('03-JUN-91','DD-MON-RR'),3,'SherlyMalm@gmail.com','Sherly Malm','Doctor of Podiatric Medicine','Podiatrists','987654',4254582949);
Insert into HOSPITAL.DOCTOR (DOCTORID,DDOB,SHIFTID,DEMAIL,DNAME,QUALIFICATION,SPECIALIZATION,DPASS,DPHONE) values (36,to_date('23-JUN-91','DD-MON-RR'),3,'LavonaRoscoe@gmail.com','Lavona Roscoe','Doctor of Medicine','Infectious Disease Specialists','trustno1',8564582949);
Insert into HOSPITAL.DOCTOR (DOCTORID,DDOB,SHIFTID,DEMAIL,DNAME,QUALIFICATION,SPECIALIZATION,DPASS,DPHONE) values (37,to_date('06-AUG-91','DD-MON-RR'),2,'TracySansbury@gmail.com','Tracy Sansbury','Doctor of Medicine','Hospice and Palliative Medicine Specialists','password',4257012949);
Insert into HOSPITAL.DOCTOR (DOCTORID,DDOB,SHIFTID,DEMAIL,DNAME,QUALIFICATION,SPECIALIZATION,DPASS,DPHONE) values (38,to_date('02-SEP-91','DD-MON-RR'),1,'KaitlynVanhooser@gmail.com','Kaitlyn Vanhooser','Doctor of Medicine','Otolaryngologists','123456',7027012949);
Insert into HOSPITAL.DOCTOR (DOCTORID,DDOB,SHIFTID,DEMAIL,DNAME,QUALIFICATION,SPECIALIZATION,DPASS,DPHONE) values (39,to_date('14-SEP-91','DD-MON-RR'),2,'FredericDeniz@gmail.com','Frederic Deniz','Doctor of Optometry','ophthalmologist','12345678',6507012949);
Insert into HOSPITAL.DOCTOR (DOCTORID,DDOB,SHIFTID,DEMAIL,DNAME,QUALIFICATION,SPECIALIZATION,DPASS,DPHONE) values (40,to_date('24-SEP-91','DD-MON-RR'),3,'GarnettTaube@gmail.com','Garnett Taube','Doctor of Optometry','ophthalmologist','qwerty',7867012949);
Insert into HOSPITAL.DOCTOR (DOCTORID,DDOB,SHIFTID,DEMAIL,DNAME,QUALIFICATION,SPECIALIZATION,DPASS,DPHONE) values (41,to_date('02-NOV-91','DD-MON-RR'),3,'LillieMaitland@gmail.com','Lillie Maitland','Doctor of Optometry','ophthalmologist','energy',3477012949);
Insert into HOSPITAL.DOCTOR (DOCTORID,DDOB,SHIFTID,DEMAIL,DNAME,QUALIFICATION,SPECIALIZATION,DPASS,DPHONE) values (42,to_date('13-DEC-91','DD-MON-RR'),1,'JinBacklund@gmail.com','Jin Backlund','Doctor of Osteopathic Medicine','Radiologists','zest',5617012949);
Insert into HOSPITAL.DOCTOR (DOCTORID,DDOB,SHIFTID,DEMAIL,DNAME,QUALIFICATION,SPECIALIZATION,DPASS,DPHONE) values (43,to_date('05-JAN-92','DD-MON-RR'),2,'LillianSteel@gmail.com','Lillian Steel','Doctor of Pharmacy','Rheumatologists','enthusiasm',4257012949);
Insert into HOSPITAL.DOCTOR (DOCTORID,DDOB,SHIFTID,DEMAIL,DNAME,QUALIFICATION,SPECIALIZATION,DPASS,DPHONE) values (44,to_date('10-FEB-92','DD-MON-RR'),2,'LuluKrob@gmail.com','Lulu Krob','Doctor of Optometry','Geriatric Medicine Specialists','gusto',8567012949);
Insert into HOSPITAL.DOCTOR (DOCTORID,DDOB,SHIFTID,DEMAIL,DNAME,QUALIFICATION,SPECIALIZATION,DPASS,DPHONE) values (45,to_date('26-APR-92','DD-MON-RR'),1,'NakitaSurratt@gmail.com','Nakita Surratt','Doctor of Osteopathic Medicine','Hospice and Palliative Medicine Specialists','456765qwery',4257012949);
Insert into HOSPITAL.DOCTOR (DOCTORID,DDOB,SHIFTID,DEMAIL,DNAME,QUALIFICATION,SPECIALIZATION,DPASS,DPHONE) values (46,to_date('04-DEC-92','DD-MON-RR'),3,'AsleySanborn@gmail.com','Asley Sanborn','Doctor of Medicine','Pathologist','dragon',8567012949);
Insert into HOSPITAL.DOCTOR (DOCTORID,DDOB,SHIFTID,DEMAIL,DNAME,QUALIFICATION,SPECIALIZATION,DPASS,DPHONE) values (47,to_date('10-JAN-93','DD-MON-RR'),2,'CarolyneBenge@gmail.com','Carolyne Benge','Doctor of Podiatric Medicine','Podiatrists','Orchestra',5417543010);
Insert into HOSPITAL.DOCTOR (DOCTORID,DDOB,SHIFTID,DEMAIL,DNAME,QUALIFICATION,SPECIALIZATION,DPASS,DPHONE) values (48,to_date('10-MAR-93','DD-MON-RR'),2,'RossanaSteffy@gmail.com','Rossana Steffy','Doctor of Medicine','Dermatologists','56787DRskin',5419143010);
Insert into HOSPITAL.DOCTOR (DOCTORID,DDOB,SHIFTID,DEMAIL,DNAME,QUALIFICATION,SPECIALIZATION,DPASS,DPHONE) values (49,to_date('20-SEP-93','DD-MON-RR'),1,'KatiRuppe@gmail.com','Kati Ruppe','Doctor of Podiatric Medicine','Podiatrists','PepBand',5419433010);
Insert into HOSPITAL.DOCTOR (DOCTORID,DDOB,SHIFTID,DEMAIL,DNAME,QUALIFICATION,SPECIALIZATION,DPASS,DPHONE) values (50,to_date('23-NOV-93','DD-MON-RR'),1,'NovellaQuaranta@gmail.com','Novella Quaranta','Doctor of Podiatric Medicine','Podiatrists','JazzBand',5417753010);
REM INSERTING into HOSPITAL.HOSPITALSTAFF
SET DEFINE OFF;
Insert into HOSPITAL.HOSPITALSTAFF (STAFFID,STAFFFNAME,STAFFLNAME,SDOB,SSSN,SHIFTID) values ('H001','Aaliyah','Johnson',to_date('16-FEB-55','DD-MON-RR'),'511-00-2432',1);
Insert into HOSPITAL.HOSPITALSTAFF (STAFFID,STAFFFNAME,STAFFLNAME,SDOB,SSSN,SHIFTID) values ('H002','Abigail','Williams',to_date('25-MAR-55','DD-MON-RR'),'511-00-2902',2);
Insert into HOSPITAL.HOSPITALSTAFF (STAFFID,STAFFFNAME,STAFFLNAME,SDOB,SSSN,SHIFTID) values ('H003','Addison','Jones',to_date('14-APR-55','DD-MON-RR'),'511-00-8241',3);
Insert into HOSPITAL.HOSPITALSTAFF (STAFFID,STAFFFNAME,STAFFLNAME,SDOB,SSSN,SHIFTID) values ('H004','Adrian','Garcia',to_date('23-MAY-55','DD-MON-RR'),'511-00-6874',3);
Insert into HOSPITAL.HOSPITALSTAFF (STAFFID,STAFFFNAME,STAFFLNAME,SDOB,SSSN,SHIFTID) values ('H005','Aiden','Nguyen',to_date('11-JUN-55','DD-MON-RR'),'511-00-4386',3);
Insert into HOSPITAL.HOSPITALSTAFF (STAFFID,STAFFFNAME,STAFFLNAME,SDOB,SSSN,SHIFTID) values ('H006','Alexia','Howard',to_date('20-JUL-55','DD-MON-RR'),'511-00-6920',2);
Insert into HOSPITAL.HOSPITALSTAFF (STAFFID,STAFFFNAME,STAFFLNAME,SDOB,SSSN,SHIFTID) values ('H007','Aliyah','Ortiz',to_date('08-AUG-55','DD-MON-RR'),'511-00-1617',1);
Insert into HOSPITAL.HOSPITALSTAFF (STAFFID,STAFFFNAME,STAFFLNAME,SDOB,SSSN,SHIFTID) values ('H008','Allison','James',to_date('17-SEP-55','DD-MON-RR'),'511-00-1209',2);
Insert into HOSPITAL.HOSPITALSTAFF (STAFFID,STAFFFNAME,STAFFLNAME,SDOB,SSSN,SHIFTID) values ('H009','Amber','Smith',to_date('06-OCT-55','DD-MON-RR'),'511-00-6959',3);
Insert into HOSPITAL.HOSPITALSTAFF (STAFFID,STAFFFNAME,STAFFLNAME,SDOB,SSSN,SHIFTID) values ('H010','Ana','Lopez',to_date('15-NOV-55','DD-MON-RR'),'511-00-2524',1);
Insert into HOSPITAL.HOSPITALSTAFF (STAFFID,STAFFFNAME,STAFFLNAME,SDOB,SSSN,SHIFTID) values ('H011','Angelica','Martinez',to_date('04-DEC-55','DD-MON-RR'),'511-00-3020',3);
Insert into HOSPITAL.HOSPITALSTAFF (STAFFID,STAFFFNAME,STAFFLNAME,SDOB,SSSN,SHIFTID) values ('H012','Annabelle','Thompson',to_date('13-JAN-56','DD-MON-RR'),'511-00-3836',2);
Insert into HOSPITAL.HOSPITALSTAFF (STAFFID,STAFFFNAME,STAFFLNAME,SDOB,SSSN,SHIFTID) values ('H013','Ariana','Rodriguez',to_date('01-FEB-56','DD-MON-RR'),'511-00-3181',3);
Insert into HOSPITAL.HOSPITALSTAFF (STAFFID,STAFFFNAME,STAFFLNAME,SDOB,SSSN,SHIFTID) values ('H014','Aubrey','Evans',to_date('12-MAR-56','DD-MON-RR'),'511-00-2339',2);
Insert into HOSPITAL.HOSPITALSTAFF (STAFFID,STAFFFNAME,STAFFLNAME,SDOB,SSSN,SHIFTID) values ('H015','Aaliyah','Johnson',to_date('01-APR-56','DD-MON-RR'),'511-00-2031',3);
Insert into HOSPITAL.HOSPITALSTAFF (STAFFID,STAFFFNAME,STAFFLNAME,SDOB,SSSN,SHIFTID) values ('H016','Abigail','Williams',to_date('10-MAY-56','DD-MON-RR'),'511-00-8780',1);
Insert into HOSPITAL.HOSPITALSTAFF (STAFFID,STAFFFNAME,STAFFLNAME,SDOB,SSSN,SHIFTID) values ('H017','Addison','Jones',to_date('29-MAY-56','DD-MON-RR'),'511-00-5059',1);
Insert into HOSPITAL.HOSPITALSTAFF (STAFFID,STAFFFNAME,STAFFLNAME,SDOB,SSSN,SHIFTID) values ('H018','Adrian','Garcia',to_date('07-JUL-56','DD-MON-RR'),'511-00-4602',1);
Insert into HOSPITAL.HOSPITALSTAFF (STAFFID,STAFFFNAME,STAFFLNAME,SDOB,SSSN,SHIFTID) values ('H019','Aiden','Nguyen',to_date('26-JUL-56','DD-MON-RR'),'511-00-6636',1);
Insert into HOSPITAL.HOSPITALSTAFF (STAFFID,STAFFFNAME,STAFFLNAME,SDOB,SSSN,SHIFTID) values ('H020','Alexia','Howard',to_date('04-SEP-56','DD-MON-RR'),'511-00-8340',1);
Insert into HOSPITAL.HOSPITALSTAFF (STAFFID,STAFFFNAME,STAFFLNAME,SDOB,SSSN,SHIFTID) values ('H021','Aliyah','Ortiz',to_date('23-SEP-56','DD-MON-RR'),'511-00-7405',3);
Insert into HOSPITAL.HOSPITALSTAFF (STAFFID,STAFFFNAME,STAFFLNAME,SDOB,SSSN,SHIFTID) values ('H022','Allison','James',to_date('13-OCT-56','DD-MON-RR'),'511-00-4521',1);
Insert into HOSPITAL.HOSPITALSTAFF (STAFFID,STAFFFNAME,STAFFLNAME,SDOB,SSSN,SHIFTID) values ('H023','Amber','Smith',to_date('21-NOV-56','DD-MON-RR'),'511-00-3725',1);
Insert into HOSPITAL.HOSPITALSTAFF (STAFFID,STAFFFNAME,STAFFLNAME,SDOB,SSSN,SHIFTID) values ('H024','Ana','Lopez',to_date('11-DEC-56','DD-MON-RR'),'511-00-3807',2);
Insert into HOSPITAL.HOSPITALSTAFF (STAFFID,STAFFFNAME,STAFFLNAME,SDOB,SSSN,SHIFTID) values ('H025','Angelica','Martinez',to_date('19-JAN-57','DD-MON-RR'),'511-00-4763',3);
Insert into HOSPITAL.HOSPITALSTAFF (STAFFID,STAFFFNAME,STAFFLNAME,SDOB,SSSN,SHIFTID) values ('H026','Annabelle','Thompson',to_date('07-FEB-57','DD-MON-RR'),'511-00-5276',2);
Insert into HOSPITAL.HOSPITALSTAFF (STAFFID,STAFFFNAME,STAFFLNAME,SDOB,SSSN,SHIFTID) values ('H027','Ariana','Rodriguez',to_date('18-MAR-57','DD-MON-RR'),'511-00-1221',3);
Insert into HOSPITAL.HOSPITALSTAFF (STAFFID,STAFFFNAME,STAFFLNAME,SDOB,SSSN,SHIFTID) values ('H028','Aubrey','Evans',to_date('07-APR-57','DD-MON-RR'),'511-00-8491',2);
Insert into HOSPITAL.HOSPITALSTAFF (STAFFID,STAFFFNAME,STAFFLNAME,SDOB,SSSN,SHIFTID) values ('H029','Autumn','Brooks',to_date('16-MAY-57','DD-MON-RR'),'511-00-6359',3);
Insert into HOSPITAL.HOSPITALSTAFF (STAFFID,STAFFFNAME,STAFFLNAME,SDOB,SSSN,SHIFTID) values ('H030','Ava','Kelly',to_date('05-JUN-57','DD-MON-RR'),'511-00-3560',1);
Insert into HOSPITAL.HOSPITALSTAFF (STAFFID,STAFFFNAME,STAFFLNAME,SDOB,SSSN,SHIFTID) values ('H031','Avery','Bell',to_date('14-JUL-57','DD-MON-RR'),'511-00-7245',3);
Insert into HOSPITAL.HOSPITALSTAFF (STAFFID,STAFFFNAME,STAFFLNAME,SDOB,SSSN,SHIFTID) values ('H032','Aylin','Cruz',to_date('02-AUG-57','DD-MON-RR'),'511-00-2267',3);
Insert into HOSPITAL.HOSPITALSTAFF (STAFFID,STAFFFNAME,STAFFLNAME,SDOB,SSSN,SHIFTID) values ('H033','Bailey','Griffin',to_date('11-SEP-57','DD-MON-RR'),'511-00-8157',3);
Insert into HOSPITAL.HOSPITALSTAFF (STAFFID,STAFFFNAME,STAFFLNAME,SDOB,SSSN,SHIFTID) values ('H034','Brooklynn','Powell',to_date('01-OCT-57','DD-MON-RR'),'511-00-6474',1);
Insert into HOSPITAL.HOSPITALSTAFF (STAFFID,STAFFFNAME,STAFFLNAME,SDOB,SSSN,SHIFTID) values ('H035','Camila','Silva',to_date('10-NOV-57','DD-MON-RR'),'511-00-7048',3);
Insert into HOSPITAL.HOSPITALSTAFF (STAFFID,STAFFFNAME,STAFFLNAME,SDOB,SSSN,SHIFTID) values ('H036','Caroline','Willis',to_date('30-NOV-57','DD-MON-RR'),'511-00-5676',1);
Insert into HOSPITAL.HOSPITALSTAFF (STAFFID,STAFFFNAME,STAFFLNAME,SDOB,SSSN,SHIFTID) values ('H037','Chloe','Marshall',to_date('08-JAN-58','DD-MON-RR'),'511-00-1413',2);
Insert into HOSPITAL.HOSPITALSTAFF (STAFFID,STAFFFNAME,STAFFLNAME,SDOB,SSSN,SHIFTID) values ('H038','Claire','Davis',to_date('27-JAN-58','DD-MON-RR'),'511-00-3126',2);
Insert into HOSPITAL.HOSPITALSTAFF (STAFFID,STAFFFNAME,STAFFLNAME,SDOB,SSSN,SHIFTID) values ('H039','Daisy','Meyer',to_date('08-MAR-58','DD-MON-RR'),'511-00-6179',3);
Insert into HOSPITAL.HOSPITALSTAFF (STAFFID,STAFFFNAME,STAFFLNAME,SDOB,SSSN,SHIFTID) values ('H040','Eleanor','Wood',to_date('28-MAR-58','DD-MON-RR'),'511-00-3229',1);
Insert into HOSPITAL.HOSPITALSTAFF (STAFFID,STAFFFNAME,STAFFLNAME,SDOB,SSSN,SHIFTID) values ('H041','Elizabeth','Shaw',to_date('06-MAY-58','DD-MON-RR'),'511-00-3327',2);
Insert into HOSPITAL.HOSPITALSTAFF (STAFFID,STAFFFNAME,STAFFLNAME,SDOB,SSSN,SHIFTID) values ('H042','Emily','Perez',to_date('26-MAY-58','DD-MON-RR'),'511-00-8702',3);
Insert into HOSPITAL.HOSPITALSTAFF (STAFFID,STAFFFNAME,STAFFLNAME,SDOB,SSSN,SHIFTID) values ('H043','Emma','Green',to_date('05-JUL-58','DD-MON-RR'),'511-00-3990',2);
Insert into HOSPITAL.HOSPITALSTAFF (STAFFID,STAFFFNAME,STAFFLNAME,SDOB,SSSN,SHIFTID) values ('H044','Eva','Long',to_date('25-JUL-58','DD-MON-RR'),'511-00-8677',2);
Insert into HOSPITAL.HOSPITALSTAFF (STAFFID,STAFFFNAME,STAFFLNAME,SDOB,SSSN,SHIFTID) values ('H045','Faith','Nelson',to_date('03-SEP-58','DD-MON-RR'),'511-00-4444',2);
Insert into HOSPITAL.HOSPITALSTAFF (STAFFID,STAFFFNAME,STAFFLNAME,SDOB,SSSN,SHIFTID) values ('H046','Gianna','Johnson',to_date('23-SEP-58','DD-MON-RR'),'511-00-4651',1);
Insert into HOSPITAL.HOSPITALSTAFF (STAFFID,STAFFFNAME,STAFFLNAME,SDOB,SSSN,SHIFTID) values ('H047','Hailey','Scott',to_date('01-FEB-56','DD-MON-RR'),'511-00-7279',2);
Insert into HOSPITAL.HOSPITALSTAFF (STAFFID,STAFFFNAME,STAFFLNAME,SDOB,SSSN,SHIFTID) values ('H048','Isabelle','Perry',to_date('12-MAR-56','DD-MON-RR'),'511-00-2332',3);
Insert into HOSPITAL.HOSPITALSTAFF (STAFFID,STAFFFNAME,STAFFLNAME,SDOB,SSSN,SHIFTID) values ('H049','Lawrence','Jasmine',to_date('01-APR-56','DD-MON-RR'),'511-00-2333',3);
Insert into HOSPITAL.HOSPITALSTAFF (STAFFID,STAFFFNAME,STAFFLNAME,SDOB,SSSN,SHIFTID) values ('H050','Jocelyn','Hill',to_date('10-MAY-56','DD-MON-RR'),'511-00-2334',2);
REM INSERTING into HOSPITAL.INSURANCE
SET DEFINE OFF;
Insert into HOSPITAL.INSURANCE (INSURANCEID,VALIDFROM,VALIDTO) values ('IN1',to_date('03-SEP-16','DD-MON-RR'),to_date('03-SEP-26','DD-MON-RR'));
Insert into HOSPITAL.INSURANCE (INSURANCEID,VALIDFROM,VALIDTO) values ('IN2',to_date('06-JUL-17','DD-MON-RR'),to_date('06-JUL-27','DD-MON-RR'));
Insert into HOSPITAL.INSURANCE (INSURANCEID,VALIDFROM,VALIDTO) values ('IN3',to_date('03-MAY-05','DD-MON-RR'),to_date('03-MAY-15','DD-MON-RR'));
Insert into HOSPITAL.INSURANCE (INSURANCEID,VALIDFROM,VALIDTO) values ('IN4',to_date('27-SEP-18','DD-MON-RR'),to_date('27-SEP-28','DD-MON-RR'));
Insert into HOSPITAL.INSURANCE (INSURANCEID,VALIDFROM,VALIDTO) values ('IN5',to_date('06-OCT-18','DD-MON-RR'),to_date('06-OCT-28','DD-MON-RR'));
Insert into HOSPITAL.INSURANCE (INSURANCEID,VALIDFROM,VALIDTO) values ('IN6',to_date('13-JUL-11','DD-MON-RR'),to_date('13-JUL-21','DD-MON-RR'));
Insert into HOSPITAL.INSURANCE (INSURANCEID,VALIDFROM,VALIDTO) values ('IN7',to_date('01-AUG-03','DD-MON-RR'),to_date('01-AUG-13','DD-MON-RR'));
Insert into HOSPITAL.INSURANCE (INSURANCEID,VALIDFROM,VALIDTO) values ('IN8',to_date('02-OCT-20','DD-MON-RR'),to_date('02-OCT-30','DD-MON-RR'));
Insert into HOSPITAL.INSURANCE (INSURANCEID,VALIDFROM,VALIDTO) values ('IN9',to_date('28-NOV-12','DD-MON-RR'),to_date('28-NOV-22','DD-MON-RR'));
Insert into HOSPITAL.INSURANCE (INSURANCEID,VALIDFROM,VALIDTO) values ('IN10',to_date('26-MAR-17','DD-MON-RR'),to_date('26-MAR-27','DD-MON-RR'));
Insert into HOSPITAL.INSURANCE (INSURANCEID,VALIDFROM,VALIDTO) values ('IN11',to_date('26-JUN-06','DD-MON-RR'),to_date('26-JUN-16','DD-MON-RR'));
Insert into HOSPITAL.INSURANCE (INSURANCEID,VALIDFROM,VALIDTO) values ('IN12',to_date('17-JUN-05','DD-MON-RR'),to_date('17-JUN-15','DD-MON-RR'));
Insert into HOSPITAL.INSURANCE (INSURANCEID,VALIDFROM,VALIDTO) values ('IN13',to_date('24-SEP-05','DD-MON-RR'),to_date('24-SEP-15','DD-MON-RR'));
Insert into HOSPITAL.INSURANCE (INSURANCEID,VALIDFROM,VALIDTO) values ('IN14',to_date('16-OCT-21','DD-MON-RR'),to_date('16-OCT-31','DD-MON-RR'));
Insert into HOSPITAL.INSURANCE (INSURANCEID,VALIDFROM,VALIDTO) values ('IN15',to_date('18-JAN-13','DD-MON-RR'),to_date('18-JAN-23','DD-MON-RR'));
Insert into HOSPITAL.INSURANCE (INSURANCEID,VALIDFROM,VALIDTO) values ('IN16',to_date('13-JAN-07','DD-MON-RR'),to_date('13-JAN-17','DD-MON-RR'));
Insert into HOSPITAL.INSURANCE (INSURANCEID,VALIDFROM,VALIDTO) values ('IN17',to_date('13-MAR-08','DD-MON-RR'),to_date('13-MAR-18','DD-MON-RR'));
Insert into HOSPITAL.INSURANCE (INSURANCEID,VALIDFROM,VALIDTO) values ('IN18',to_date('12-DEC-11','DD-MON-RR'),to_date('12-DEC-21','DD-MON-RR'));
Insert into HOSPITAL.INSURANCE (INSURANCEID,VALIDFROM,VALIDTO) values ('IN19',to_date('25-JUL-04','DD-MON-RR'),to_date('25-JUL-14','DD-MON-RR'));
Insert into HOSPITAL.INSURANCE (INSURANCEID,VALIDFROM,VALIDTO) values ('IN20',to_date('28-APR-04','DD-MON-RR'),to_date('28-APR-14','DD-MON-RR'));
Insert into HOSPITAL.INSURANCE (INSURANCEID,VALIDFROM,VALIDTO) values ('IN21',to_date('19-SEP-20','DD-MON-RR'),to_date('19-SEP-30','DD-MON-RR'));
Insert into HOSPITAL.INSURANCE (INSURANCEID,VALIDFROM,VALIDTO) values ('IN22',to_date('18-MAR-06','DD-MON-RR'),to_date('18-MAR-16','DD-MON-RR'));
Insert into HOSPITAL.INSURANCE (INSURANCEID,VALIDFROM,VALIDTO) values ('IN23',to_date('06-DEC-12','DD-MON-RR'),to_date('06-DEC-22','DD-MON-RR'));
Insert into HOSPITAL.INSURANCE (INSURANCEID,VALIDFROM,VALIDTO) values ('IN24',to_date('18-SEP-10','DD-MON-RR'),to_date('18-SEP-20','DD-MON-RR'));
Insert into HOSPITAL.INSURANCE (INSURANCEID,VALIDFROM,VALIDTO) values ('IN25',to_date('24-SEP-03','DD-MON-RR'),to_date('24-SEP-13','DD-MON-RR'));
Insert into HOSPITAL.INSURANCE (INSURANCEID,VALIDFROM,VALIDTO) values ('IN26',to_date('14-OCT-05','DD-MON-RR'),to_date('14-OCT-15','DD-MON-RR'));
Insert into HOSPITAL.INSURANCE (INSURANCEID,VALIDFROM,VALIDTO) values ('IN27',to_date('29-JAN-03','DD-MON-RR'),to_date('29-JAN-13','DD-MON-RR'));
Insert into HOSPITAL.INSURANCE (INSURANCEID,VALIDFROM,VALIDTO) values ('IN28',to_date('16-APR-21','DD-MON-RR'),to_date('16-APR-31','DD-MON-RR'));
Insert into HOSPITAL.INSURANCE (INSURANCEID,VALIDFROM,VALIDTO) values ('IN29',to_date('28-FEB-06','DD-MON-RR'),to_date('28-FEB-16','DD-MON-RR'));
Insert into HOSPITAL.INSURANCE (INSURANCEID,VALIDFROM,VALIDTO) values ('IN30',to_date('14-APR-20','DD-MON-RR'),to_date('14-APR-30','DD-MON-RR'));
Insert into HOSPITAL.INSURANCE (INSURANCEID,VALIDFROM,VALIDTO) values ('IN31',to_date('29-APR-06','DD-MON-RR'),to_date('29-APR-16','DD-MON-RR'));
Insert into HOSPITAL.INSURANCE (INSURANCEID,VALIDFROM,VALIDTO) values ('IN32',to_date('30-NOV-11','DD-MON-RR'),to_date('30-NOV-21','DD-MON-RR'));
Insert into HOSPITAL.INSURANCE (INSURANCEID,VALIDFROM,VALIDTO) values ('IN33',to_date('16-MAR-14','DD-MON-RR'),to_date('16-MAR-24','DD-MON-RR'));
Insert into HOSPITAL.INSURANCE (INSURANCEID,VALIDFROM,VALIDTO) values ('IN34',to_date('25-DEC-18','DD-MON-RR'),to_date('25-DEC-28','DD-MON-RR'));
Insert into HOSPITAL.INSURANCE (INSURANCEID,VALIDFROM,VALIDTO) values ('IN35',to_date('30-AUG-16','DD-MON-RR'),to_date('30-AUG-26','DD-MON-RR'));
Insert into HOSPITAL.INSURANCE (INSURANCEID,VALIDFROM,VALIDTO) values ('IN36',to_date('06-NOV-08','DD-MON-RR'),to_date('06-NOV-18','DD-MON-RR'));
Insert into HOSPITAL.INSURANCE (INSURANCEID,VALIDFROM,VALIDTO) values ('IN37',to_date('25-DEC-17','DD-MON-RR'),to_date('25-DEC-27','DD-MON-RR'));
Insert into HOSPITAL.INSURANCE (INSURANCEID,VALIDFROM,VALIDTO) values ('IN38',to_date('17-DEC-01','DD-MON-RR'),to_date('17-DEC-11','DD-MON-RR'));
Insert into HOSPITAL.INSURANCE (INSURANCEID,VALIDFROM,VALIDTO) values ('IN39',to_date('23-FEB-13','DD-MON-RR'),to_date('23-FEB-23','DD-MON-RR'));
Insert into HOSPITAL.INSURANCE (INSURANCEID,VALIDFROM,VALIDTO) values ('IN40',to_date('31-DEC-07','DD-MON-RR'),to_date('31-DEC-17','DD-MON-RR'));
Insert into HOSPITAL.INSURANCE (INSURANCEID,VALIDFROM,VALIDTO) values ('IN41',to_date('05-NOV-19','DD-MON-RR'),to_date('05-NOV-29','DD-MON-RR'));
Insert into HOSPITAL.INSURANCE (INSURANCEID,VALIDFROM,VALIDTO) values ('IN42',to_date('29-NOV-09','DD-MON-RR'),to_date('29-NOV-19','DD-MON-RR'));
Insert into HOSPITAL.INSURANCE (INSURANCEID,VALIDFROM,VALIDTO) values ('IN43',to_date('26-SEP-11','DD-MON-RR'),to_date('26-SEP-21','DD-MON-RR'));
Insert into HOSPITAL.INSURANCE (INSURANCEID,VALIDFROM,VALIDTO) values ('IN44',to_date('25-AUG-12','DD-MON-RR'),to_date('25-AUG-22','DD-MON-RR'));
Insert into HOSPITAL.INSURANCE (INSURANCEID,VALIDFROM,VALIDTO) values ('IN45',to_date('10-NOV-19','DD-MON-RR'),to_date('10-NOV-29','DD-MON-RR'));
Insert into HOSPITAL.INSURANCE (INSURANCEID,VALIDFROM,VALIDTO) values ('IN46',to_date('25-FEB-20','DD-MON-RR'),to_date('25-FEB-30','DD-MON-RR'));
Insert into HOSPITAL.INSURANCE (INSURANCEID,VALIDFROM,VALIDTO) values ('IN47',to_date('06-MAY-06','DD-MON-RR'),to_date('06-MAY-16','DD-MON-RR'));
Insert into HOSPITAL.INSURANCE (INSURANCEID,VALIDFROM,VALIDTO) values ('IN48',to_date('31-AUG-18','DD-MON-RR'),to_date('31-AUG-28','DD-MON-RR'));
Insert into HOSPITAL.INSURANCE (INSURANCEID,VALIDFROM,VALIDTO) values ('IN49',to_date('07-MAY-17','DD-MON-RR'),to_date('07-MAY-27','DD-MON-RR'));
Insert into HOSPITAL.INSURANCE (INSURANCEID,VALIDFROM,VALIDTO) values ('IN50',to_date('07-NOV-17','DD-MON-RR'),to_date('07-NOV-27','DD-MON-RR'));
Insert into HOSPITAL.INSURANCE (INSURANCEID,VALIDFROM,VALIDTO) values ('IN51',to_date('26-APR-10','DD-MON-RR'),to_date('26-APR-20','DD-MON-RR'));
Insert into HOSPITAL.INSURANCE (INSURANCEID,VALIDFROM,VALIDTO) values ('IN52',to_date('07-JUN-21','DD-MON-RR'),to_date('07-JUN-31','DD-MON-RR'));
Insert into HOSPITAL.INSURANCE (INSURANCEID,VALIDFROM,VALIDTO) values ('IN53',to_date('28-MAR-20','DD-MON-RR'),to_date('28-MAR-30','DD-MON-RR'));
Insert into HOSPITAL.INSURANCE (INSURANCEID,VALIDFROM,VALIDTO) values ('IN54',to_date('15-MAY-15','DD-MON-RR'),to_date('15-MAY-25','DD-MON-RR'));
Insert into HOSPITAL.INSURANCE (INSURANCEID,VALIDFROM,VALIDTO) values ('IN55',to_date('01-MAR-11','DD-MON-RR'),to_date('01-MAR-21','DD-MON-RR'));
Insert into HOSPITAL.INSURANCE (INSURANCEID,VALIDFROM,VALIDTO) values ('IN56',to_date('08-SEP-17','DD-MON-RR'),to_date('08-SEP-27','DD-MON-RR'));
Insert into HOSPITAL.INSURANCE (INSURANCEID,VALIDFROM,VALIDTO) values ('IN57',to_date('15-JUN-16','DD-MON-RR'),to_date('15-JUN-26','DD-MON-RR'));
Insert into HOSPITAL.INSURANCE (INSURANCEID,VALIDFROM,VALIDTO) values ('IN58',to_date('28-JUN-14','DD-MON-RR'),to_date('28-JUN-24','DD-MON-RR'));
Insert into HOSPITAL.INSURANCE (INSURANCEID,VALIDFROM,VALIDTO) values ('IN59',to_date('31-MAR-17','DD-MON-RR'),to_date('31-MAR-27','DD-MON-RR'));
Insert into HOSPITAL.INSURANCE (INSURANCEID,VALIDFROM,VALIDTO) values ('IN60',to_date('16-DEC-16','DD-MON-RR'),to_date('16-DEC-26','DD-MON-RR'));
Insert into HOSPITAL.INSURANCE (INSURANCEID,VALIDFROM,VALIDTO) values ('IN61',to_date('13-AUG-17','DD-MON-RR'),to_date('13-AUG-27','DD-MON-RR'));
Insert into HOSPITAL.INSURANCE (INSURANCEID,VALIDFROM,VALIDTO) values ('IN62',to_date('28-MAY-12','DD-MON-RR'),to_date('28-MAY-22','DD-MON-RR'));
Insert into HOSPITAL.INSURANCE (INSURANCEID,VALIDFROM,VALIDTO) values ('IN63',to_date('27-JUN-16','DD-MON-RR'),to_date('27-JUN-26','DD-MON-RR'));
Insert into HOSPITAL.INSURANCE (INSURANCEID,VALIDFROM,VALIDTO) values ('IN64',to_date('25-MAY-08','DD-MON-RR'),to_date('25-MAY-18','DD-MON-RR'));
Insert into HOSPITAL.INSURANCE (INSURANCEID,VALIDFROM,VALIDTO) values ('IN65',to_date('15-MAR-11','DD-MON-RR'),to_date('15-MAR-21','DD-MON-RR'));
Insert into HOSPITAL.INSURANCE (INSURANCEID,VALIDFROM,VALIDTO) values ('IN66',to_date('25-FEB-15','DD-MON-RR'),to_date('25-FEB-25','DD-MON-RR'));
Insert into HOSPITAL.INSURANCE (INSURANCEID,VALIDFROM,VALIDTO) values ('IN67',to_date('07-MAY-09','DD-MON-RR'),to_date('07-MAY-19','DD-MON-RR'));
Insert into HOSPITAL.INSURANCE (INSURANCEID,VALIDFROM,VALIDTO) values ('IN68',to_date('24-NOV-20','DD-MON-RR'),to_date('24-NOV-30','DD-MON-RR'));
Insert into HOSPITAL.INSURANCE (INSURANCEID,VALIDFROM,VALIDTO) values ('IN69',to_date('16-MAY-10','DD-MON-RR'),to_date('16-MAY-20','DD-MON-RR'));
Insert into HOSPITAL.INSURANCE (INSURANCEID,VALIDFROM,VALIDTO) values ('IN70',to_date('10-JUL-19','DD-MON-RR'),to_date('10-JUL-29','DD-MON-RR'));
Insert into HOSPITAL.INSURANCE (INSURANCEID,VALIDFROM,VALIDTO) values ('IN71',to_date('03-APR-15','DD-MON-RR'),to_date('03-APR-25','DD-MON-RR'));
Insert into HOSPITAL.INSURANCE (INSURANCEID,VALIDFROM,VALIDTO) values ('IN72',to_date('03-JUL-05','DD-MON-RR'),to_date('03-JUL-15','DD-MON-RR'));
Insert into HOSPITAL.INSURANCE (INSURANCEID,VALIDFROM,VALIDTO) values ('IN73',to_date('13-MAY-20','DD-MON-RR'),to_date('13-MAY-30','DD-MON-RR'));
Insert into HOSPITAL.INSURANCE (INSURANCEID,VALIDFROM,VALIDTO) values ('IN74',to_date('11-MAR-07','DD-MON-RR'),to_date('11-MAR-17','DD-MON-RR'));
Insert into HOSPITAL.INSURANCE (INSURANCEID,VALIDFROM,VALIDTO) values ('IN75',to_date('16-AUG-01','DD-MON-RR'),to_date('16-AUG-11','DD-MON-RR'));
Insert into HOSPITAL.INSURANCE (INSURANCEID,VALIDFROM,VALIDTO) values ('IN76',to_date('11-SEP-17','DD-MON-RR'),to_date('11-SEP-27','DD-MON-RR'));
Insert into HOSPITAL.INSURANCE (INSURANCEID,VALIDFROM,VALIDTO) values ('IN77',to_date('19-APR-19','DD-MON-RR'),to_date('19-APR-29','DD-MON-RR'));
Insert into HOSPITAL.INSURANCE (INSURANCEID,VALIDFROM,VALIDTO) values ('IN78',to_date('18-MAY-01','DD-MON-RR'),to_date('18-MAY-11','DD-MON-RR'));
Insert into HOSPITAL.INSURANCE (INSURANCEID,VALIDFROM,VALIDTO) values ('IN79',to_date('18-MAR-21','DD-MON-RR'),to_date('18-MAR-31','DD-MON-RR'));
Insert into HOSPITAL.INSURANCE (INSURANCEID,VALIDFROM,VALIDTO) values ('IN80',to_date('25-OCT-03','DD-MON-RR'),to_date('25-OCT-13','DD-MON-RR'));
Insert into HOSPITAL.INSURANCE (INSURANCEID,VALIDFROM,VALIDTO) values ('IN81',to_date('12-NOV-07','DD-MON-RR'),to_date('12-NOV-17','DD-MON-RR'));
Insert into HOSPITAL.INSURANCE (INSURANCEID,VALIDFROM,VALIDTO) values ('IN82',to_date('30-JUL-03','DD-MON-RR'),to_date('30-JUL-13','DD-MON-RR'));
Insert into HOSPITAL.INSURANCE (INSURANCEID,VALIDFROM,VALIDTO) values ('IN83',to_date('21-NOV-14','DD-MON-RR'),to_date('21-NOV-24','DD-MON-RR'));
Insert into HOSPITAL.INSURANCE (INSURANCEID,VALIDFROM,VALIDTO) values ('IN84',to_date('31-JAN-11','DD-MON-RR'),to_date('31-JAN-21','DD-MON-RR'));
Insert into HOSPITAL.INSURANCE (INSURANCEID,VALIDFROM,VALIDTO) values ('IN85',to_date('05-AUG-04','DD-MON-RR'),to_date('05-AUG-14','DD-MON-RR'));
Insert into HOSPITAL.INSURANCE (INSURANCEID,VALIDFROM,VALIDTO) values ('IN86',to_date('29-SEP-18','DD-MON-RR'),to_date('29-SEP-28','DD-MON-RR'));
Insert into HOSPITAL.INSURANCE (INSURANCEID,VALIDFROM,VALIDTO) values ('IN87',to_date('23-FEB-14','DD-MON-RR'),to_date('23-FEB-24','DD-MON-RR'));
Insert into HOSPITAL.INSURANCE (INSURANCEID,VALIDFROM,VALIDTO) values ('IN88',to_date('13-FEB-20','DD-MON-RR'),to_date('13-FEB-30','DD-MON-RR'));
Insert into HOSPITAL.INSURANCE (INSURANCEID,VALIDFROM,VALIDTO) values ('IN89',to_date('20-OCT-03','DD-MON-RR'),to_date('20-OCT-13','DD-MON-RR'));
Insert into HOSPITAL.INSURANCE (INSURANCEID,VALIDFROM,VALIDTO) values ('IN90',to_date('02-APR-03','DD-MON-RR'),to_date('02-APR-13','DD-MON-RR'));
Insert into HOSPITAL.INSURANCE (INSURANCEID,VALIDFROM,VALIDTO) values ('IN91',to_date('19-AUG-18','DD-MON-RR'),to_date('19-AUG-28','DD-MON-RR'));
Insert into HOSPITAL.INSURANCE (INSURANCEID,VALIDFROM,VALIDTO) values ('IN92',to_date('05-FEB-18','DD-MON-RR'),to_date('05-FEB-28','DD-MON-RR'));
Insert into HOSPITAL.INSURANCE (INSURANCEID,VALIDFROM,VALIDTO) values ('IN93',to_date('18-JUL-09','DD-MON-RR'),to_date('18-JUL-19','DD-MON-RR'));
Insert into HOSPITAL.INSURANCE (INSURANCEID,VALIDFROM,VALIDTO) values ('IN94',to_date('10-MAR-19','DD-MON-RR'),to_date('10-MAR-29','DD-MON-RR'));
Insert into HOSPITAL.INSURANCE (INSURANCEID,VALIDFROM,VALIDTO) values ('IN95',to_date('29-AUG-12','DD-MON-RR'),to_date('29-AUG-22','DD-MON-RR'));
Insert into HOSPITAL.INSURANCE (INSURANCEID,VALIDFROM,VALIDTO) values ('IN96',to_date('01-SEP-08','DD-MON-RR'),to_date('01-SEP-18','DD-MON-RR'));
Insert into HOSPITAL.INSURANCE (INSURANCEID,VALIDFROM,VALIDTO) values ('IN97',to_date('24-JUN-04','DD-MON-RR'),to_date('24-JUN-14','DD-MON-RR'));
Insert into HOSPITAL.INSURANCE (INSURANCEID,VALIDFROM,VALIDTO) values ('IN98',to_date('05-MAY-11','DD-MON-RR'),to_date('05-MAY-21','DD-MON-RR'));
Insert into HOSPITAL.INSURANCE (INSURANCEID,VALIDFROM,VALIDTO) values ('IN99',to_date('24-JUN-05','DD-MON-RR'),to_date('24-JUN-15','DD-MON-RR'));
Insert into HOSPITAL.INSURANCE (INSURANCEID,VALIDFROM,VALIDTO) values ('IN100',to_date('03-JAN-04','DD-MON-RR'),to_date('03-JAN-14','DD-MON-RR'));
Insert into HOSPITAL.INSURANCE (INSURANCEID,VALIDFROM,VALIDTO) values ('IN101',to_date('11-FEB-19','DD-MON-RR'),to_date('11-FEB-29','DD-MON-RR'));
Insert into HOSPITAL.INSURANCE (INSURANCEID,VALIDFROM,VALIDTO) values ('IN102',to_date('07-JUL-16','DD-MON-RR'),to_date('07-JUL-26','DD-MON-RR'));
Insert into HOSPITAL.INSURANCE (INSURANCEID,VALIDFROM,VALIDTO) values ('IN103',to_date('26-AUG-07','DD-MON-RR'),to_date('26-AUG-17','DD-MON-RR'));
Insert into HOSPITAL.INSURANCE (INSURANCEID,VALIDFROM,VALIDTO) values ('IN104',to_date('20-JAN-20','DD-MON-RR'),to_date('20-JAN-30','DD-MON-RR'));
Insert into HOSPITAL.INSURANCE (INSURANCEID,VALIDFROM,VALIDTO) values ('IN105',to_date('21-MAY-17','DD-MON-RR'),to_date('21-MAY-27','DD-MON-RR'));
Insert into HOSPITAL.INSURANCE (INSURANCEID,VALIDFROM,VALIDTO) values ('IN106',to_date('16-JAN-21','DD-MON-RR'),to_date('16-JAN-31','DD-MON-RR'));
Insert into HOSPITAL.INSURANCE (INSURANCEID,VALIDFROM,VALIDTO) values ('IN107',to_date('25-JUN-01','DD-MON-RR'),to_date('25-JUN-11','DD-MON-RR'));
Insert into HOSPITAL.INSURANCE (INSURANCEID,VALIDFROM,VALIDTO) values ('IN108',to_date('02-AUG-15','DD-MON-RR'),to_date('02-AUG-25','DD-MON-RR'));
Insert into HOSPITAL.INSURANCE (INSURANCEID,VALIDFROM,VALIDTO) values ('IN109',to_date('12-OCT-10','DD-MON-RR'),to_date('12-OCT-20','DD-MON-RR'));
Insert into HOSPITAL.INSURANCE (INSURANCEID,VALIDFROM,VALIDTO) values ('IN110',to_date('04-FEB-12','DD-MON-RR'),to_date('04-FEB-22','DD-MON-RR'));
Insert into HOSPITAL.INSURANCE (INSURANCEID,VALIDFROM,VALIDTO) values ('IN111',to_date('08-FEB-08','DD-MON-RR'),to_date('08-FEB-18','DD-MON-RR'));
Insert into HOSPITAL.INSURANCE (INSURANCEID,VALIDFROM,VALIDTO) values ('IN112',to_date('07-MAY-02','DD-MON-RR'),to_date('07-MAY-12','DD-MON-RR'));
Insert into HOSPITAL.INSURANCE (INSURANCEID,VALIDFROM,VALIDTO) values ('IN113',to_date('10-OCT-15','DD-MON-RR'),to_date('10-OCT-25','DD-MON-RR'));
Insert into HOSPITAL.INSURANCE (INSURANCEID,VALIDFROM,VALIDTO) values ('IN114',to_date('05-DEC-06','DD-MON-RR'),to_date('05-DEC-16','DD-MON-RR'));
Insert into HOSPITAL.INSURANCE (INSURANCEID,VALIDFROM,VALIDTO) values ('IN115',to_date('18-APR-19','DD-MON-RR'),to_date('18-APR-29','DD-MON-RR'));
Insert into HOSPITAL.INSURANCE (INSURANCEID,VALIDFROM,VALIDTO) values ('IN116',to_date('02-FEB-13','DD-MON-RR'),to_date('02-FEB-23','DD-MON-RR'));
Insert into HOSPITAL.INSURANCE (INSURANCEID,VALIDFROM,VALIDTO) values ('IN117',to_date('17-SEP-14','DD-MON-RR'),to_date('17-SEP-24','DD-MON-RR'));
Insert into HOSPITAL.INSURANCE (INSURANCEID,VALIDFROM,VALIDTO) values ('IN118',to_date('18-NOV-20','DD-MON-RR'),to_date('18-NOV-30','DD-MON-RR'));
Insert into HOSPITAL.INSURANCE (INSURANCEID,VALIDFROM,VALIDTO) values ('IN119',to_date('24-NOV-10','DD-MON-RR'),to_date('24-NOV-20','DD-MON-RR'));
Insert into HOSPITAL.INSURANCE (INSURANCEID,VALIDFROM,VALIDTO) values ('IN120',to_date('05-MAY-14','DD-MON-RR'),to_date('05-MAY-24','DD-MON-RR'));
Insert into HOSPITAL.INSURANCE (INSURANCEID,VALIDFROM,VALIDTO) values ('IN121',to_date('08-FEB-19','DD-MON-RR'),to_date('08-FEB-29','DD-MON-RR'));
Insert into HOSPITAL.INSURANCE (INSURANCEID,VALIDFROM,VALIDTO) values ('IN122',to_date('01-JAN-06','DD-MON-RR'),to_date('01-JAN-16','DD-MON-RR'));
Insert into HOSPITAL.INSURANCE (INSURANCEID,VALIDFROM,VALIDTO) values ('IN123',to_date('18-APR-05','DD-MON-RR'),to_date('18-APR-15','DD-MON-RR'));
Insert into HOSPITAL.INSURANCE (INSURANCEID,VALIDFROM,VALIDTO) values ('IN124',to_date('04-JUL-12','DD-MON-RR'),to_date('04-JUL-22','DD-MON-RR'));
Insert into HOSPITAL.INSURANCE (INSURANCEID,VALIDFROM,VALIDTO) values ('IN125',to_date('31-AUG-05','DD-MON-RR'),to_date('31-AUG-15','DD-MON-RR'));
Insert into HOSPITAL.INSURANCE (INSURANCEID,VALIDFROM,VALIDTO) values ('IN126',to_date('11-MAR-11','DD-MON-RR'),to_date('11-MAR-21','DD-MON-RR'));
Insert into HOSPITAL.INSURANCE (INSURANCEID,VALIDFROM,VALIDTO) values ('IN127',to_date('30-JUN-21','DD-MON-RR'),to_date('30-JUN-31','DD-MON-RR'));
Insert into HOSPITAL.INSURANCE (INSURANCEID,VALIDFROM,VALIDTO) values ('IN128',to_date('30-NOV-05','DD-MON-RR'),to_date('30-NOV-15','DD-MON-RR'));
Insert into HOSPITAL.INSURANCE (INSURANCEID,VALIDFROM,VALIDTO) values ('IN129',to_date('01-OCT-11','DD-MON-RR'),to_date('01-OCT-21','DD-MON-RR'));
Insert into HOSPITAL.INSURANCE (INSURANCEID,VALIDFROM,VALIDTO) values ('IN130',to_date('06-JUL-05','DD-MON-RR'),to_date('06-JUL-15','DD-MON-RR'));
Insert into HOSPITAL.INSURANCE (INSURANCEID,VALIDFROM,VALIDTO) values ('IN131',to_date('31-MAY-11','DD-MON-RR'),to_date('31-MAY-21','DD-MON-RR'));
Insert into HOSPITAL.INSURANCE (INSURANCEID,VALIDFROM,VALIDTO) values ('IN132',to_date('17-APR-19','DD-MON-RR'),to_date('17-APR-29','DD-MON-RR'));
Insert into HOSPITAL.INSURANCE (INSURANCEID,VALIDFROM,VALIDTO) values ('IN133',to_date('08-AUG-05','DD-MON-RR'),to_date('08-AUG-15','DD-MON-RR'));
Insert into HOSPITAL.INSURANCE (INSURANCEID,VALIDFROM,VALIDTO) values ('IN134',to_date('16-APR-17','DD-MON-RR'),to_date('16-APR-27','DD-MON-RR'));
Insert into HOSPITAL.INSURANCE (INSURANCEID,VALIDFROM,VALIDTO) values ('IN135',to_date('10-APR-05','DD-MON-RR'),to_date('10-APR-15','DD-MON-RR'));
Insert into HOSPITAL.INSURANCE (INSURANCEID,VALIDFROM,VALIDTO) values ('IN136',to_date('15-NOV-05','DD-MON-RR'),to_date('15-NOV-15','DD-MON-RR'));
Insert into HOSPITAL.INSURANCE (INSURANCEID,VALIDFROM,VALIDTO) values ('IN137',to_date('11-MAY-07','DD-MON-RR'),to_date('11-MAY-17','DD-MON-RR'));
Insert into HOSPITAL.INSURANCE (INSURANCEID,VALIDFROM,VALIDTO) values ('IN138',to_date('18-JUL-13','DD-MON-RR'),to_date('18-JUL-23','DD-MON-RR'));
Insert into HOSPITAL.INSURANCE (INSURANCEID,VALIDFROM,VALIDTO) values ('IN139',to_date('02-NOV-09','DD-MON-RR'),to_date('02-NOV-19','DD-MON-RR'));
Insert into HOSPITAL.INSURANCE (INSURANCEID,VALIDFROM,VALIDTO) values ('IN140',to_date('09-AUG-17','DD-MON-RR'),to_date('09-AUG-27','DD-MON-RR'));
Insert into HOSPITAL.INSURANCE (INSURANCEID,VALIDFROM,VALIDTO) values ('IN141',to_date('17-AUG-14','DD-MON-RR'),to_date('17-AUG-24','DD-MON-RR'));
Insert into HOSPITAL.INSURANCE (INSURANCEID,VALIDFROM,VALIDTO) values ('IN142',to_date('17-JAN-09','DD-MON-RR'),to_date('17-JAN-19','DD-MON-RR'));
Insert into HOSPITAL.INSURANCE (INSURANCEID,VALIDFROM,VALIDTO) values ('IN143',to_date('16-JUN-21','DD-MON-RR'),to_date('16-JUN-31','DD-MON-RR'));
Insert into HOSPITAL.INSURANCE (INSURANCEID,VALIDFROM,VALIDTO) values ('IN144',to_date('08-FEB-15','DD-MON-RR'),to_date('08-FEB-25','DD-MON-RR'));
Insert into HOSPITAL.INSURANCE (INSURANCEID,VALIDFROM,VALIDTO) values ('IN145',to_date('28-NOV-17','DD-MON-RR'),to_date('28-NOV-27','DD-MON-RR'));
Insert into HOSPITAL.INSURANCE (INSURANCEID,VALIDFROM,VALIDTO) values ('IN146',to_date('14-DEC-15','DD-MON-RR'),to_date('14-DEC-25','DD-MON-RR'));
Insert into HOSPITAL.INSURANCE (INSURANCEID,VALIDFROM,VALIDTO) values ('IN147',to_date('04-FEB-15','DD-MON-RR'),to_date('04-FEB-25','DD-MON-RR'));
Insert into HOSPITAL.INSURANCE (INSURANCEID,VALIDFROM,VALIDTO) values ('IN148',to_date('23-AUG-11','DD-MON-RR'),to_date('23-AUG-21','DD-MON-RR'));
Insert into HOSPITAL.INSURANCE (INSURANCEID,VALIDFROM,VALIDTO) values ('IN149',to_date('14-FEB-16','DD-MON-RR'),to_date('14-FEB-26','DD-MON-RR'));
Insert into HOSPITAL.INSURANCE (INSURANCEID,VALIDFROM,VALIDTO) values ('IN150',to_date('25-NOV-15','DD-MON-RR'),to_date('25-NOV-25','DD-MON-RR'));
Insert into HOSPITAL.INSURANCE (INSURANCEID,VALIDFROM,VALIDTO) values ('IN151',to_date('30-OCT-04','DD-MON-RR'),to_date('30-OCT-14','DD-MON-RR'));
Insert into HOSPITAL.INSURANCE (INSURANCEID,VALIDFROM,VALIDTO) values ('IN152',to_date('05-OCT-21','DD-MON-RR'),to_date('05-OCT-31','DD-MON-RR'));
Insert into HOSPITAL.INSURANCE (INSURANCEID,VALIDFROM,VALIDTO) values ('IN153',to_date('27-JAN-15','DD-MON-RR'),to_date('27-JAN-25','DD-MON-RR'));
Insert into HOSPITAL.INSURANCE (INSURANCEID,VALIDFROM,VALIDTO) values ('IN154',to_date('07-OCT-20','DD-MON-RR'),to_date('07-OCT-30','DD-MON-RR'));
Insert into HOSPITAL.INSURANCE (INSURANCEID,VALIDFROM,VALIDTO) values ('IN155',to_date('20-MAY-17','DD-MON-RR'),to_date('20-MAY-27','DD-MON-RR'));
Insert into HOSPITAL.INSURANCE (INSURANCEID,VALIDFROM,VALIDTO) values ('IN156',to_date('20-OCT-04','DD-MON-RR'),to_date('20-OCT-14','DD-MON-RR'));
Insert into HOSPITAL.INSURANCE (INSURANCEID,VALIDFROM,VALIDTO) values ('IN157',to_date('17-MAY-04','DD-MON-RR'),to_date('17-MAY-14','DD-MON-RR'));
Insert into HOSPITAL.INSURANCE (INSURANCEID,VALIDFROM,VALIDTO) values ('IN158',to_date('04-JUL-05','DD-MON-RR'),to_date('04-JUL-15','DD-MON-RR'));
Insert into HOSPITAL.INSURANCE (INSURANCEID,VALIDFROM,VALIDTO) values ('IN159',to_date('09-MAR-14','DD-MON-RR'),to_date('09-MAR-24','DD-MON-RR'));
Insert into HOSPITAL.INSURANCE (INSURANCEID,VALIDFROM,VALIDTO) values ('IN160',to_date('01-JAN-19','DD-MON-RR'),to_date('01-JAN-29','DD-MON-RR'));
Insert into HOSPITAL.INSURANCE (INSURANCEID,VALIDFROM,VALIDTO) values ('IN161',to_date('27-FEB-04','DD-MON-RR'),to_date('27-FEB-14','DD-MON-RR'));
Insert into HOSPITAL.INSURANCE (INSURANCEID,VALIDFROM,VALIDTO) values ('IN162',to_date('20-SEP-13','DD-MON-RR'),to_date('20-SEP-23','DD-MON-RR'));
Insert into HOSPITAL.INSURANCE (INSURANCEID,VALIDFROM,VALIDTO) values ('IN163',to_date('18-MAR-20','DD-MON-RR'),to_date('18-MAR-30','DD-MON-RR'));
Insert into HOSPITAL.INSURANCE (INSURANCEID,VALIDFROM,VALIDTO) values ('IN164',to_date('27-AUG-21','DD-MON-RR'),to_date('27-AUG-31','DD-MON-RR'));
Insert into HOSPITAL.INSURANCE (INSURANCEID,VALIDFROM,VALIDTO) values ('IN165',to_date('14-JUL-18','DD-MON-RR'),to_date('14-JUL-28','DD-MON-RR'));
Insert into HOSPITAL.INSURANCE (INSURANCEID,VALIDFROM,VALIDTO) values ('IN166',to_date('20-SEP-13','DD-MON-RR'),to_date('20-SEP-23','DD-MON-RR'));
Insert into HOSPITAL.INSURANCE (INSURANCEID,VALIDFROM,VALIDTO) values ('IN167',to_date('07-MAR-15','DD-MON-RR'),to_date('07-MAR-25','DD-MON-RR'));
Insert into HOSPITAL.INSURANCE (INSURANCEID,VALIDFROM,VALIDTO) values ('IN168',to_date('16-JUL-05','DD-MON-RR'),to_date('16-JUL-15','DD-MON-RR'));
Insert into HOSPITAL.INSURANCE (INSURANCEID,VALIDFROM,VALIDTO) values ('IN169',to_date('15-NOV-02','DD-MON-RR'),to_date('15-NOV-12','DD-MON-RR'));
Insert into HOSPITAL.INSURANCE (INSURANCEID,VALIDFROM,VALIDTO) values ('IN170',to_date('11-OCT-01','DD-MON-RR'),to_date('11-OCT-11','DD-MON-RR'));
Insert into HOSPITAL.INSURANCE (INSURANCEID,VALIDFROM,VALIDTO) values ('IN171',to_date('02-DEC-17','DD-MON-RR'),to_date('02-DEC-27','DD-MON-RR'));
Insert into HOSPITAL.INSURANCE (INSURANCEID,VALIDFROM,VALIDTO) values ('IN172',to_date('16-APR-15','DD-MON-RR'),to_date('16-APR-25','DD-MON-RR'));
Insert into HOSPITAL.INSURANCE (INSURANCEID,VALIDFROM,VALIDTO) values ('IN173',to_date('22-JUL-02','DD-MON-RR'),to_date('22-JUL-12','DD-MON-RR'));
Insert into HOSPITAL.INSURANCE (INSURANCEID,VALIDFROM,VALIDTO) values ('IN174',to_date('04-FEB-18','DD-MON-RR'),to_date('04-FEB-28','DD-MON-RR'));
Insert into HOSPITAL.INSURANCE (INSURANCEID,VALIDFROM,VALIDTO) values ('IN175',to_date('12-MAR-14','DD-MON-RR'),to_date('12-MAR-24','DD-MON-RR'));
Insert into HOSPITAL.INSURANCE (INSURANCEID,VALIDFROM,VALIDTO) values ('IN176',to_date('26-JAN-09','DD-MON-RR'),to_date('26-JAN-19','DD-MON-RR'));
Insert into HOSPITAL.INSURANCE (INSURANCEID,VALIDFROM,VALIDTO) values ('IN177',to_date('08-MAY-19','DD-MON-RR'),to_date('08-MAY-29','DD-MON-RR'));
Insert into HOSPITAL.INSURANCE (INSURANCEID,VALIDFROM,VALIDTO) values ('IN178',to_date('24-DEC-01','DD-MON-RR'),to_date('24-DEC-11','DD-MON-RR'));
Insert into HOSPITAL.INSURANCE (INSURANCEID,VALIDFROM,VALIDTO) values ('IN179',to_date('14-JUN-01','DD-MON-RR'),to_date('14-JUN-11','DD-MON-RR'));
Insert into HOSPITAL.INSURANCE (INSURANCEID,VALIDFROM,VALIDTO) values ('IN180',to_date('22-AUG-19','DD-MON-RR'),to_date('22-AUG-29','DD-MON-RR'));
Insert into HOSPITAL.INSURANCE (INSURANCEID,VALIDFROM,VALIDTO) values ('IN181',to_date('25-JUN-09','DD-MON-RR'),to_date('25-JUN-19','DD-MON-RR'));
Insert into HOSPITAL.INSURANCE (INSURANCEID,VALIDFROM,VALIDTO) values ('IN182',to_date('16-JAN-19','DD-MON-RR'),to_date('16-JAN-29','DD-MON-RR'));
Insert into HOSPITAL.INSURANCE (INSURANCEID,VALIDFROM,VALIDTO) values ('IN183',to_date('25-DEC-09','DD-MON-RR'),to_date('25-DEC-19','DD-MON-RR'));
Insert into HOSPITAL.INSURANCE (INSURANCEID,VALIDFROM,VALIDTO) values ('IN184',to_date('04-NOV-19','DD-MON-RR'),to_date('04-NOV-29','DD-MON-RR'));
Insert into HOSPITAL.INSURANCE (INSURANCEID,VALIDFROM,VALIDTO) values ('IN185',to_date('07-DEC-07','DD-MON-RR'),to_date('07-DEC-17','DD-MON-RR'));
Insert into HOSPITAL.INSURANCE (INSURANCEID,VALIDFROM,VALIDTO) values ('IN186',to_date('27-JUL-18','DD-MON-RR'),to_date('27-JUL-28','DD-MON-RR'));
Insert into HOSPITAL.INSURANCE (INSURANCEID,VALIDFROM,VALIDTO) values ('IN187',to_date('23-SEP-08','DD-MON-RR'),to_date('23-SEP-18','DD-MON-RR'));
Insert into HOSPITAL.INSURANCE (INSURANCEID,VALIDFROM,VALIDTO) values ('IN188',to_date('29-FEB-16','DD-MON-RR'),to_date('01-MAR-26','DD-MON-RR'));
Insert into HOSPITAL.INSURANCE (INSURANCEID,VALIDFROM,VALIDTO) values ('IN189',to_date('09-JUN-12','DD-MON-RR'),to_date('09-JUN-22','DD-MON-RR'));
Insert into HOSPITAL.INSURANCE (INSURANCEID,VALIDFROM,VALIDTO) values ('IN190',to_date('07-JUN-20','DD-MON-RR'),to_date('07-JUN-30','DD-MON-RR'));
Insert into HOSPITAL.INSURANCE (INSURANCEID,VALIDFROM,VALIDTO) values ('IN191',to_date('01-OCT-10','DD-MON-RR'),to_date('01-OCT-20','DD-MON-RR'));
Insert into HOSPITAL.INSURANCE (INSURANCEID,VALIDFROM,VALIDTO) values ('IN192',to_date('15-JUL-10','DD-MON-RR'),to_date('15-JUL-20','DD-MON-RR'));
Insert into HOSPITAL.INSURANCE (INSURANCEID,VALIDFROM,VALIDTO) values ('IN193',to_date('09-MAY-21','DD-MON-RR'),to_date('09-MAY-31','DD-MON-RR'));
Insert into HOSPITAL.INSURANCE (INSURANCEID,VALIDFROM,VALIDTO) values ('IN194',to_date('08-MAY-05','DD-MON-RR'),to_date('08-MAY-15','DD-MON-RR'));
Insert into HOSPITAL.INSURANCE (INSURANCEID,VALIDFROM,VALIDTO) values ('IN195',to_date('20-AUG-15','DD-MON-RR'),to_date('20-AUG-25','DD-MON-RR'));
Insert into HOSPITAL.INSURANCE (INSURANCEID,VALIDFROM,VALIDTO) values ('IN196',to_date('26-OCT-05','DD-MON-RR'),to_date('26-OCT-15','DD-MON-RR'));
Insert into HOSPITAL.INSURANCE (INSURANCEID,VALIDFROM,VALIDTO) values ('IN197',to_date('08-JAN-17','DD-MON-RR'),to_date('08-JAN-27','DD-MON-RR'));
Insert into HOSPITAL.INSURANCE (INSURANCEID,VALIDFROM,VALIDTO) values ('IN198',to_date('22-SEP-12','DD-MON-RR'),to_date('22-SEP-22','DD-MON-RR'));
Insert into HOSPITAL.INSURANCE (INSURANCEID,VALIDFROM,VALIDTO) values ('IN199',to_date('06-MAR-18','DD-MON-RR'),to_date('06-MAR-28','DD-MON-RR'));
Insert into HOSPITAL.INSURANCE (INSURANCEID,VALIDFROM,VALIDTO) values ('IN200',to_date('23-APR-20','DD-MON-RR'),to_date('23-APR-30','DD-MON-RR'));
Insert into HOSPITAL.INSURANCE (INSURANCEID,VALIDFROM,VALIDTO) values ('IN201',to_date('26-NOV-20','DD-MON-RR'),to_date('26-NOV-30','DD-MON-RR'));
Insert into HOSPITAL.INSURANCE (INSURANCEID,VALIDFROM,VALIDTO) values ('IN202',to_date('13-JUL-05','DD-MON-RR'),to_date('13-JUL-15','DD-MON-RR'));
Insert into HOSPITAL.INSURANCE (INSURANCEID,VALIDFROM,VALIDTO) values ('IN203',to_date('05-AUG-15','DD-MON-RR'),to_date('05-AUG-25','DD-MON-RR'));
Insert into HOSPITAL.INSURANCE (INSURANCEID,VALIDFROM,VALIDTO) values ('IN204',to_date('15-JAN-05','DD-MON-RR'),to_date('15-JAN-15','DD-MON-RR'));
Insert into HOSPITAL.INSURANCE (INSURANCEID,VALIDFROM,VALIDTO) values ('IN205',to_date('21-SEP-17','DD-MON-RR'),to_date('21-SEP-27','DD-MON-RR'));
Insert into HOSPITAL.INSURANCE (INSURANCEID,VALIDFROM,VALIDTO) values ('IN206',to_date('09-FEB-15','DD-MON-RR'),to_date('09-FEB-25','DD-MON-RR'));
Insert into HOSPITAL.INSURANCE (INSURANCEID,VALIDFROM,VALIDTO) values ('IN207',to_date('02-JAN-18','DD-MON-RR'),to_date('02-JAN-28','DD-MON-RR'));
Insert into HOSPITAL.INSURANCE (INSURANCEID,VALIDFROM,VALIDTO) values ('IN208',to_date('07-JAN-06','DD-MON-RR'),to_date('07-JAN-16','DD-MON-RR'));
Insert into HOSPITAL.INSURANCE (INSURANCEID,VALIDFROM,VALIDTO) values ('IN209',to_date('03-MAY-03','DD-MON-RR'),to_date('03-MAY-13','DD-MON-RR'));
Insert into HOSPITAL.INSURANCE (INSURANCEID,VALIDFROM,VALIDTO) values ('IN210',to_date('27-MAR-09','DD-MON-RR'),to_date('27-MAR-19','DD-MON-RR'));
Insert into HOSPITAL.INSURANCE (INSURANCEID,VALIDFROM,VALIDTO) values ('IN211',to_date('03-JUL-03','DD-MON-RR'),to_date('03-JUL-13','DD-MON-RR'));
Insert into HOSPITAL.INSURANCE (INSURANCEID,VALIDFROM,VALIDTO) values ('IN212',to_date('30-SEP-13','DD-MON-RR'),to_date('30-SEP-23','DD-MON-RR'));
Insert into HOSPITAL.INSURANCE (INSURANCEID,VALIDFROM,VALIDTO) values ('IN213',to_date('25-JAN-19','DD-MON-RR'),to_date('25-JAN-29','DD-MON-RR'));
Insert into HOSPITAL.INSURANCE (INSURANCEID,VALIDFROM,VALIDTO) values ('IN214',to_date('17-AUG-19','DD-MON-RR'),to_date('17-AUG-29','DD-MON-RR'));
Insert into HOSPITAL.INSURANCE (INSURANCEID,VALIDFROM,VALIDTO) values ('IN215',to_date('26-NOV-19','DD-MON-RR'),to_date('26-NOV-29','DD-MON-RR'));
Insert into HOSPITAL.INSURANCE (INSURANCEID,VALIDFROM,VALIDTO) values ('IN216',to_date('15-MAY-14','DD-MON-RR'),to_date('15-MAY-24','DD-MON-RR'));
Insert into HOSPITAL.INSURANCE (INSURANCEID,VALIDFROM,VALIDTO) values ('IN217',to_date('09-APR-01','DD-MON-RR'),to_date('09-APR-11','DD-MON-RR'));
Insert into HOSPITAL.INSURANCE (INSURANCEID,VALIDFROM,VALIDTO) values ('IN218',to_date('30-JUN-10','DD-MON-RR'),to_date('30-JUN-20','DD-MON-RR'));
Insert into HOSPITAL.INSURANCE (INSURANCEID,VALIDFROM,VALIDTO) values ('IN219',to_date('30-AUG-18','DD-MON-RR'),to_date('30-AUG-28','DD-MON-RR'));
Insert into HOSPITAL.INSURANCE (INSURANCEID,VALIDFROM,VALIDTO) values ('IN220',to_date('21-DEC-17','DD-MON-RR'),to_date('21-DEC-27','DD-MON-RR'));
Insert into HOSPITAL.INSURANCE (INSURANCEID,VALIDFROM,VALIDTO) values ('IN221',to_date('21-DEC-10','DD-MON-RR'),to_date('21-DEC-20','DD-MON-RR'));
Insert into HOSPITAL.INSURANCE (INSURANCEID,VALIDFROM,VALIDTO) values ('IN222',to_date('10-APR-05','DD-MON-RR'),to_date('10-APR-15','DD-MON-RR'));
Insert into HOSPITAL.INSURANCE (INSURANCEID,VALIDFROM,VALIDTO) values ('IN223',to_date('07-DEC-08','DD-MON-RR'),to_date('07-DEC-18','DD-MON-RR'));
Insert into HOSPITAL.INSURANCE (INSURANCEID,VALIDFROM,VALIDTO) values ('IN224',to_date('14-APR-02','DD-MON-RR'),to_date('14-APR-12','DD-MON-RR'));
Insert into HOSPITAL.INSURANCE (INSURANCEID,VALIDFROM,VALIDTO) values ('IN225',to_date('07-DEC-08','DD-MON-RR'),to_date('07-DEC-18','DD-MON-RR'));
Insert into HOSPITAL.INSURANCE (INSURANCEID,VALIDFROM,VALIDTO) values ('IN226',to_date('07-DEC-18','DD-MON-RR'),to_date('07-DEC-28','DD-MON-RR'));
Insert into HOSPITAL.INSURANCE (INSURANCEID,VALIDFROM,VALIDTO) values ('IN227',to_date('22-DEC-08','DD-MON-RR'),to_date('22-DEC-18','DD-MON-RR'));
Insert into HOSPITAL.INSURANCE (INSURANCEID,VALIDFROM,VALIDTO) values ('IN228',to_date('25-MAY-03','DD-MON-RR'),to_date('25-MAY-13','DD-MON-RR'));
Insert into HOSPITAL.INSURANCE (INSURANCEID,VALIDFROM,VALIDTO) values ('IN229',to_date('07-APR-13','DD-MON-RR'),to_date('07-APR-23','DD-MON-RR'));
Insert into HOSPITAL.INSURANCE (INSURANCEID,VALIDFROM,VALIDTO) values ('IN230',to_date('16-OCT-21','DD-MON-RR'),to_date('16-OCT-31','DD-MON-RR'));
Insert into HOSPITAL.INSURANCE (INSURANCEID,VALIDFROM,VALIDTO) values ('IN231',to_date('21-JAN-21','DD-MON-RR'),to_date('21-JAN-31','DD-MON-RR'));
Insert into HOSPITAL.INSURANCE (INSURANCEID,VALIDFROM,VALIDTO) values ('IN232',to_date('13-JUN-04','DD-MON-RR'),to_date('13-JUN-14','DD-MON-RR'));
Insert into HOSPITAL.INSURANCE (INSURANCEID,VALIDFROM,VALIDTO) values ('IN233',to_date('24-SEP-18','DD-MON-RR'),to_date('24-SEP-28','DD-MON-RR'));
Insert into HOSPITAL.INSURANCE (INSURANCEID,VALIDFROM,VALIDTO) values ('IN234',to_date('09-JUN-11','DD-MON-RR'),to_date('09-JUN-21','DD-MON-RR'));
Insert into HOSPITAL.INSURANCE (INSURANCEID,VALIDFROM,VALIDTO) values ('IN235',to_date('16-MAY-09','DD-MON-RR'),to_date('16-MAY-19','DD-MON-RR'));
Insert into HOSPITAL.INSURANCE (INSURANCEID,VALIDFROM,VALIDTO) values ('IN236',to_date('30-APR-13','DD-MON-RR'),to_date('30-APR-23','DD-MON-RR'));
Insert into HOSPITAL.INSURANCE (INSURANCEID,VALIDFROM,VALIDTO) values ('IN237',to_date('27-MAR-19','DD-MON-RR'),to_date('27-MAR-29','DD-MON-RR'));
Insert into HOSPITAL.INSURANCE (INSURANCEID,VALIDFROM,VALIDTO) values ('IN238',to_date('17-JUN-18','DD-MON-RR'),to_date('17-JUN-28','DD-MON-RR'));
Insert into HOSPITAL.INSURANCE (INSURANCEID,VALIDFROM,VALIDTO) values ('IN239',to_date('05-NOV-14','DD-MON-RR'),to_date('05-NOV-24','DD-MON-RR'));
Insert into HOSPITAL.INSURANCE (INSURANCEID,VALIDFROM,VALIDTO) values ('IN240',to_date('04-NOV-05','DD-MON-RR'),to_date('04-NOV-15','DD-MON-RR'));
Insert into HOSPITAL.INSURANCE (INSURANCEID,VALIDFROM,VALIDTO) values ('IN241',to_date('05-OCT-12','DD-MON-RR'),to_date('05-OCT-22','DD-MON-RR'));
Insert into HOSPITAL.INSURANCE (INSURANCEID,VALIDFROM,VALIDTO) values ('IN242',to_date('29-OCT-02','DD-MON-RR'),to_date('29-OCT-12','DD-MON-RR'));
Insert into HOSPITAL.INSURANCE (INSURANCEID,VALIDFROM,VALIDTO) values ('IN243',to_date('14-MAY-19','DD-MON-RR'),to_date('14-MAY-29','DD-MON-RR'));
Insert into HOSPITAL.INSURANCE (INSURANCEID,VALIDFROM,VALIDTO) values ('IN244',to_date('19-FEB-02','DD-MON-RR'),to_date('19-FEB-12','DD-MON-RR'));
Insert into HOSPITAL.INSURANCE (INSURANCEID,VALIDFROM,VALIDTO) values ('IN245',to_date('22-MAY-04','DD-MON-RR'),to_date('22-MAY-14','DD-MON-RR'));
Insert into HOSPITAL.INSURANCE (INSURANCEID,VALIDFROM,VALIDTO) values ('IN246',to_date('12-JAN-05','DD-MON-RR'),to_date('12-JAN-15','DD-MON-RR'));
Insert into HOSPITAL.INSURANCE (INSURANCEID,VALIDFROM,VALIDTO) values ('IN247',to_date('11-JUL-11','DD-MON-RR'),to_date('11-JUL-21','DD-MON-RR'));
Insert into HOSPITAL.INSURANCE (INSURANCEID,VALIDFROM,VALIDTO) values ('IN248',to_date('19-MAR-18','DD-MON-RR'),to_date('19-MAR-28','DD-MON-RR'));
Insert into HOSPITAL.INSURANCE (INSURANCEID,VALIDFROM,VALIDTO) values ('IN249',to_date('15-SEP-14','DD-MON-RR'),to_date('15-SEP-24','DD-MON-RR'));
Insert into HOSPITAL.INSURANCE (INSURANCEID,VALIDFROM,VALIDTO) values ('IN250',to_date('12-SEP-19','DD-MON-RR'),to_date('12-SEP-29','DD-MON-RR'));
Insert into HOSPITAL.INSURANCE (INSURANCEID,VALIDFROM,VALIDTO) values ('IN251',to_date('07-SEP-04','DD-MON-RR'),to_date('07-SEP-14','DD-MON-RR'));
Insert into HOSPITAL.INSURANCE (INSURANCEID,VALIDFROM,VALIDTO) values ('IN252',to_date('18-APR-10','DD-MON-RR'),to_date('18-APR-20','DD-MON-RR'));
Insert into HOSPITAL.INSURANCE (INSURANCEID,VALIDFROM,VALIDTO) values ('IN253',to_date('30-DEC-17','DD-MON-RR'),to_date('30-DEC-27','DD-MON-RR'));
Insert into HOSPITAL.INSURANCE (INSURANCEID,VALIDFROM,VALIDTO) values ('IN254',to_date('19-MAY-06','DD-MON-RR'),to_date('19-MAY-16','DD-MON-RR'));
Insert into HOSPITAL.INSURANCE (INSURANCEID,VALIDFROM,VALIDTO) values ('IN255',to_date('11-JUL-02','DD-MON-RR'),to_date('11-JUL-12','DD-MON-RR'));
Insert into HOSPITAL.INSURANCE (INSURANCEID,VALIDFROM,VALIDTO) values ('IN256',to_date('02-MAR-14','DD-MON-RR'),to_date('02-MAR-24','DD-MON-RR'));
Insert into HOSPITAL.INSURANCE (INSURANCEID,VALIDFROM,VALIDTO) values ('IN257',to_date('16-DEC-21','DD-MON-RR'),to_date('16-DEC-31','DD-MON-RR'));
Insert into HOSPITAL.INSURANCE (INSURANCEID,VALIDFROM,VALIDTO) values ('IN258',to_date('03-APR-17','DD-MON-RR'),to_date('03-APR-27','DD-MON-RR'));
Insert into HOSPITAL.INSURANCE (INSURANCEID,VALIDFROM,VALIDTO) values ('IN259',to_date('20-APR-04','DD-MON-RR'),to_date('20-APR-14','DD-MON-RR'));
Insert into HOSPITAL.INSURANCE (INSURANCEID,VALIDFROM,VALIDTO) values ('IN260',to_date('21-SEP-08','DD-MON-RR'),to_date('21-SEP-18','DD-MON-RR'));
Insert into HOSPITAL.INSURANCE (INSURANCEID,VALIDFROM,VALIDTO) values ('IN261',to_date('22-JAN-05','DD-MON-RR'),to_date('22-JAN-15','DD-MON-RR'));
Insert into HOSPITAL.INSURANCE (INSURANCEID,VALIDFROM,VALIDTO) values ('IN262',to_date('17-DEC-05','DD-MON-RR'),to_date('17-DEC-15','DD-MON-RR'));
Insert into HOSPITAL.INSURANCE (INSURANCEID,VALIDFROM,VALIDTO) values ('IN263',to_date('27-MAR-03','DD-MON-RR'),to_date('27-MAR-13','DD-MON-RR'));
Insert into HOSPITAL.INSURANCE (INSURANCEID,VALIDFROM,VALIDTO) values ('IN264',to_date('24-MAY-14','DD-MON-RR'),to_date('24-MAY-24','DD-MON-RR'));
Insert into HOSPITAL.INSURANCE (INSURANCEID,VALIDFROM,VALIDTO) values ('IN265',to_date('10-SEP-08','DD-MON-RR'),to_date('10-SEP-18','DD-MON-RR'));
Insert into HOSPITAL.INSURANCE (INSURANCEID,VALIDFROM,VALIDTO) values ('IN266',to_date('10-JUN-07','DD-MON-RR'),to_date('10-JUN-17','DD-MON-RR'));
Insert into HOSPITAL.INSURANCE (INSURANCEID,VALIDFROM,VALIDTO) values ('IN267',to_date('25-JUN-03','DD-MON-RR'),to_date('25-JUN-13','DD-MON-RR'));
Insert into HOSPITAL.INSURANCE (INSURANCEID,VALIDFROM,VALIDTO) values ('IN268',to_date('18-JUN-02','DD-MON-RR'),to_date('18-JUN-12','DD-MON-RR'));
Insert into HOSPITAL.INSURANCE (INSURANCEID,VALIDFROM,VALIDTO) values ('IN269',to_date('14-JAN-02','DD-MON-RR'),to_date('14-JAN-12','DD-MON-RR'));
Insert into HOSPITAL.INSURANCE (INSURANCEID,VALIDFROM,VALIDTO) values ('IN270',to_date('29-AUG-07','DD-MON-RR'),to_date('29-AUG-17','DD-MON-RR'));
Insert into HOSPITAL.INSURANCE (INSURANCEID,VALIDFROM,VALIDTO) values ('IN271',to_date('04-APR-01','DD-MON-RR'),to_date('04-APR-11','DD-MON-RR'));
Insert into HOSPITAL.INSURANCE (INSURANCEID,VALIDFROM,VALIDTO) values ('IN272',to_date('23-NOV-15','DD-MON-RR'),to_date('23-NOV-25','DD-MON-RR'));
Insert into HOSPITAL.INSURANCE (INSURANCEID,VALIDFROM,VALIDTO) values ('IN273',to_date('28-FEB-02','DD-MON-RR'),to_date('28-FEB-12','DD-MON-RR'));
Insert into HOSPITAL.INSURANCE (INSURANCEID,VALIDFROM,VALIDTO) values ('IN274',to_date('24-NOV-06','DD-MON-RR'),to_date('24-NOV-16','DD-MON-RR'));
Insert into HOSPITAL.INSURANCE (INSURANCEID,VALIDFROM,VALIDTO) values ('IN275',to_date('22-MAR-21','DD-MON-RR'),to_date('22-MAR-31','DD-MON-RR'));
Insert into HOSPITAL.INSURANCE (INSURANCEID,VALIDFROM,VALIDTO) values ('IN276',to_date('14-JAN-19','DD-MON-RR'),to_date('14-JAN-29','DD-MON-RR'));
Insert into HOSPITAL.INSURANCE (INSURANCEID,VALIDFROM,VALIDTO) values ('IN277',to_date('11-SEP-15','DD-MON-RR'),to_date('11-SEP-25','DD-MON-RR'));
Insert into HOSPITAL.INSURANCE (INSURANCEID,VALIDFROM,VALIDTO) values ('IN278',to_date('03-MAR-15','DD-MON-RR'),to_date('03-MAR-25','DD-MON-RR'));
Insert into HOSPITAL.INSURANCE (INSURANCEID,VALIDFROM,VALIDTO) values ('IN279',to_date('14-JUN-20','DD-MON-RR'),to_date('14-JUN-30','DD-MON-RR'));
Insert into HOSPITAL.INSURANCE (INSURANCEID,VALIDFROM,VALIDTO) values ('IN280',to_date('23-MAR-05','DD-MON-RR'),to_date('23-MAR-15','DD-MON-RR'));
Insert into HOSPITAL.INSURANCE (INSURANCEID,VALIDFROM,VALIDTO) values ('IN281',to_date('12-MAR-12','DD-MON-RR'),to_date('12-MAR-22','DD-MON-RR'));
Insert into HOSPITAL.INSURANCE (INSURANCEID,VALIDFROM,VALIDTO) values ('IN282',to_date('06-JUL-14','DD-MON-RR'),to_date('06-JUL-24','DD-MON-RR'));
Insert into HOSPITAL.INSURANCE (INSURANCEID,VALIDFROM,VALIDTO) values ('IN283',to_date('19-MAY-16','DD-MON-RR'),to_date('19-MAY-26','DD-MON-RR'));
Insert into HOSPITAL.INSURANCE (INSURANCEID,VALIDFROM,VALIDTO) values ('IN284',to_date('10-APR-05','DD-MON-RR'),to_date('10-APR-15','DD-MON-RR'));
Insert into HOSPITAL.INSURANCE (INSURANCEID,VALIDFROM,VALIDTO) values ('IN285',to_date('01-OCT-07','DD-MON-RR'),to_date('01-OCT-17','DD-MON-RR'));
Insert into HOSPITAL.INSURANCE (INSURANCEID,VALIDFROM,VALIDTO) values ('IN286',to_date('06-SEP-12','DD-MON-RR'),to_date('06-SEP-22','DD-MON-RR'));
Insert into HOSPITAL.INSURANCE (INSURANCEID,VALIDFROM,VALIDTO) values ('IN287',to_date('15-DEC-07','DD-MON-RR'),to_date('15-DEC-17','DD-MON-RR'));
Insert into HOSPITAL.INSURANCE (INSURANCEID,VALIDFROM,VALIDTO) values ('IN288',to_date('01-NOV-13','DD-MON-RR'),to_date('01-NOV-23','DD-MON-RR'));
Insert into HOSPITAL.INSURANCE (INSURANCEID,VALIDFROM,VALIDTO) values ('IN289',to_date('22-MAY-21','DD-MON-RR'),to_date('22-MAY-31','DD-MON-RR'));
Insert into HOSPITAL.INSURANCE (INSURANCEID,VALIDFROM,VALIDTO) values ('IN290',to_date('09-MAR-12','DD-MON-RR'),to_date('09-MAR-22','DD-MON-RR'));
Insert into HOSPITAL.INSURANCE (INSURANCEID,VALIDFROM,VALIDTO) values ('IN291',to_date('09-JAN-01','DD-MON-RR'),to_date('09-JAN-11','DD-MON-RR'));
Insert into HOSPITAL.INSURANCE (INSURANCEID,VALIDFROM,VALIDTO) values ('IN292',to_date('27-AUG-14','DD-MON-RR'),to_date('27-AUG-24','DD-MON-RR'));
Insert into HOSPITAL.INSURANCE (INSURANCEID,VALIDFROM,VALIDTO) values ('IN293',to_date('09-FEB-05','DD-MON-RR'),to_date('09-FEB-15','DD-MON-RR'));
Insert into HOSPITAL.INSURANCE (INSURANCEID,VALIDFROM,VALIDTO) values ('IN294',to_date('20-AUG-16','DD-MON-RR'),to_date('20-AUG-26','DD-MON-RR'));
Insert into HOSPITAL.INSURANCE (INSURANCEID,VALIDFROM,VALIDTO) values ('IN295',to_date('13-FEB-03','DD-MON-RR'),to_date('13-FEB-13','DD-MON-RR'));
Insert into HOSPITAL.INSURANCE (INSURANCEID,VALIDFROM,VALIDTO) values ('IN296',to_date('09-AUG-14','DD-MON-RR'),to_date('09-AUG-24','DD-MON-RR'));
Insert into HOSPITAL.INSURANCE (INSURANCEID,VALIDFROM,VALIDTO) values ('IN297',to_date('16-APR-06','DD-MON-RR'),to_date('16-APR-16','DD-MON-RR'));
Insert into HOSPITAL.INSURANCE (INSURANCEID,VALIDFROM,VALIDTO) values ('IN298',to_date('23-MAY-02','DD-MON-RR'),to_date('23-MAY-12','DD-MON-RR'));
Insert into HOSPITAL.INSURANCE (INSURANCEID,VALIDFROM,VALIDTO) values ('IN299',to_date('07-SEP-18','DD-MON-RR'),to_date('07-SEP-28','DD-MON-RR'));
Insert into HOSPITAL.INSURANCE (INSURANCEID,VALIDFROM,VALIDTO) values ('IN300',to_date('15-JUL-14','DD-MON-RR'),to_date('15-JUL-24','DD-MON-RR'));
Insert into HOSPITAL.INSURANCE (INSURANCEID,VALIDFROM,VALIDTO) values ('IN301',to_date('16-FEB-06','DD-MON-RR'),to_date('16-FEB-16','DD-MON-RR'));
Insert into HOSPITAL.INSURANCE (INSURANCEID,VALIDFROM,VALIDTO) values ('IN302',to_date('17-NOV-10','DD-MON-RR'),to_date('17-NOV-20','DD-MON-RR'));
Insert into HOSPITAL.INSURANCE (INSURANCEID,VALIDFROM,VALIDTO) values ('IN303',to_date('20-AUG-18','DD-MON-RR'),to_date('20-AUG-28','DD-MON-RR'));
Insert into HOSPITAL.INSURANCE (INSURANCEID,VALIDFROM,VALIDTO) values ('IN304',to_date('11-JAN-04','DD-MON-RR'),to_date('11-JAN-14','DD-MON-RR'));
Insert into HOSPITAL.INSURANCE (INSURANCEID,VALIDFROM,VALIDTO) values ('IN305',to_date('12-FEB-08','DD-MON-RR'),to_date('12-FEB-18','DD-MON-RR'));
Insert into HOSPITAL.INSURANCE (INSURANCEID,VALIDFROM,VALIDTO) values ('IN306',to_date('21-MAR-09','DD-MON-RR'),to_date('21-MAR-19','DD-MON-RR'));
Insert into HOSPITAL.INSURANCE (INSURANCEID,VALIDFROM,VALIDTO) values ('IN307',to_date('28-OCT-16','DD-MON-RR'),to_date('28-OCT-26','DD-MON-RR'));
Insert into HOSPITAL.INSURANCE (INSURANCEID,VALIDFROM,VALIDTO) values ('IN308',to_date('08-AUG-13','DD-MON-RR'),to_date('08-AUG-23','DD-MON-RR'));
Insert into HOSPITAL.INSURANCE (INSURANCEID,VALIDFROM,VALIDTO) values ('IN309',to_date('09-APR-06','DD-MON-RR'),to_date('09-APR-16','DD-MON-RR'));
Insert into HOSPITAL.INSURANCE (INSURANCEID,VALIDFROM,VALIDTO) values ('IN310',to_date('13-NOV-03','DD-MON-RR'),to_date('13-NOV-13','DD-MON-RR'));
Insert into HOSPITAL.INSURANCE (INSURANCEID,VALIDFROM,VALIDTO) values ('IN311',to_date('20-NOV-11','DD-MON-RR'),to_date('20-NOV-21','DD-MON-RR'));
Insert into HOSPITAL.INSURANCE (INSURANCEID,VALIDFROM,VALIDTO) values ('IN312',to_date('04-MAR-20','DD-MON-RR'),to_date('04-MAR-30','DD-MON-RR'));
Insert into HOSPITAL.INSURANCE (INSURANCEID,VALIDFROM,VALIDTO) values ('IN313',to_date('10-APR-01','DD-MON-RR'),to_date('10-APR-11','DD-MON-RR'));
Insert into HOSPITAL.INSURANCE (INSURANCEID,VALIDFROM,VALIDTO) values ('IN314',to_date('14-NOV-01','DD-MON-RR'),to_date('14-NOV-11','DD-MON-RR'));
Insert into HOSPITAL.INSURANCE (INSURANCEID,VALIDFROM,VALIDTO) values ('IN315',to_date('01-APR-06','DD-MON-RR'),to_date('01-APR-16','DD-MON-RR'));
Insert into HOSPITAL.INSURANCE (INSURANCEID,VALIDFROM,VALIDTO) values ('IN316',to_date('10-NOV-03','DD-MON-RR'),to_date('10-NOV-13','DD-MON-RR'));
Insert into HOSPITAL.INSURANCE (INSURANCEID,VALIDFROM,VALIDTO) values ('IN317',to_date('06-JUN-16','DD-MON-RR'),to_date('06-JUN-26','DD-MON-RR'));
Insert into HOSPITAL.INSURANCE (INSURANCEID,VALIDFROM,VALIDTO) values ('IN318',to_date('10-FEB-07','DD-MON-RR'),to_date('10-FEB-17','DD-MON-RR'));
Insert into HOSPITAL.INSURANCE (INSURANCEID,VALIDFROM,VALIDTO) values ('IN319',to_date('06-JAN-12','DD-MON-RR'),to_date('06-JAN-22','DD-MON-RR'));
Insert into HOSPITAL.INSURANCE (INSURANCEID,VALIDFROM,VALIDTO) values ('IN320',to_date('21-DEC-17','DD-MON-RR'),to_date('21-DEC-27','DD-MON-RR'));
Insert into HOSPITAL.INSURANCE (INSURANCEID,VALIDFROM,VALIDTO) values ('IN321',to_date('22-NOV-08','DD-MON-RR'),to_date('22-NOV-18','DD-MON-RR'));
Insert into HOSPITAL.INSURANCE (INSURANCEID,VALIDFROM,VALIDTO) values ('IN322',to_date('09-MAR-05','DD-MON-RR'),to_date('09-MAR-15','DD-MON-RR'));
Insert into HOSPITAL.INSURANCE (INSURANCEID,VALIDFROM,VALIDTO) values ('IN323',to_date('25-FEB-04','DD-MON-RR'),to_date('25-FEB-14','DD-MON-RR'));
Insert into HOSPITAL.INSURANCE (INSURANCEID,VALIDFROM,VALIDTO) values ('IN324',to_date('30-NOV-19','DD-MON-RR'),to_date('30-NOV-29','DD-MON-RR'));
Insert into HOSPITAL.INSURANCE (INSURANCEID,VALIDFROM,VALIDTO) values ('IN325',to_date('09-FEB-02','DD-MON-RR'),to_date('09-FEB-12','DD-MON-RR'));
Insert into HOSPITAL.INSURANCE (INSURANCEID,VALIDFROM,VALIDTO) values ('IN326',to_date('23-APR-20','DD-MON-RR'),to_date('23-APR-30','DD-MON-RR'));
Insert into HOSPITAL.INSURANCE (INSURANCEID,VALIDFROM,VALIDTO) values ('IN327',to_date('23-FEB-20','DD-MON-RR'),to_date('23-FEB-30','DD-MON-RR'));
Insert into HOSPITAL.INSURANCE (INSURANCEID,VALIDFROM,VALIDTO) values ('IN328',to_date('13-DEC-02','DD-MON-RR'),to_date('13-DEC-12','DD-MON-RR'));
Insert into HOSPITAL.INSURANCE (INSURANCEID,VALIDFROM,VALIDTO) values ('IN329',to_date('19-APR-20','DD-MON-RR'),to_date('19-APR-30','DD-MON-RR'));
Insert into HOSPITAL.INSURANCE (INSURANCEID,VALIDFROM,VALIDTO) values ('IN330',to_date('07-NOV-03','DD-MON-RR'),to_date('07-NOV-13','DD-MON-RR'));
Insert into HOSPITAL.INSURANCE (INSURANCEID,VALIDFROM,VALIDTO) values ('IN331',to_date('24-MAY-17','DD-MON-RR'),to_date('24-MAY-27','DD-MON-RR'));
Insert into HOSPITAL.INSURANCE (INSURANCEID,VALIDFROM,VALIDTO) values ('IN332',to_date('04-NOV-08','DD-MON-RR'),to_date('04-NOV-18','DD-MON-RR'));
Insert into HOSPITAL.INSURANCE (INSURANCEID,VALIDFROM,VALIDTO) values ('IN333',to_date('13-AUG-03','DD-MON-RR'),to_date('13-AUG-13','DD-MON-RR'));
Insert into HOSPITAL.INSURANCE (INSURANCEID,VALIDFROM,VALIDTO) values ('IN334',to_date('28-MAR-18','DD-MON-RR'),to_date('28-MAR-28','DD-MON-RR'));
Insert into HOSPITAL.INSURANCE (INSURANCEID,VALIDFROM,VALIDTO) values ('IN335',to_date('07-FEB-11','DD-MON-RR'),to_date('07-FEB-21','DD-MON-RR'));
Insert into HOSPITAL.INSURANCE (INSURANCEID,VALIDFROM,VALIDTO) values ('IN336',to_date('03-FEB-20','DD-MON-RR'),to_date('03-FEB-30','DD-MON-RR'));
Insert into HOSPITAL.INSURANCE (INSURANCEID,VALIDFROM,VALIDTO) values ('IN337',to_date('31-MAR-19','DD-MON-RR'),to_date('31-MAR-29','DD-MON-RR'));
Insert into HOSPITAL.INSURANCE (INSURANCEID,VALIDFROM,VALIDTO) values ('IN338',to_date('14-DEC-14','DD-MON-RR'),to_date('14-DEC-24','DD-MON-RR'));
Insert into HOSPITAL.INSURANCE (INSURANCEID,VALIDFROM,VALIDTO) values ('IN339',to_date('14-DEC-06','DD-MON-RR'),to_date('14-DEC-16','DD-MON-RR'));
Insert into HOSPITAL.INSURANCE (INSURANCEID,VALIDFROM,VALIDTO) values ('IN340',to_date('09-AUG-18','DD-MON-RR'),to_date('09-AUG-28','DD-MON-RR'));
Insert into HOSPITAL.INSURANCE (INSURANCEID,VALIDFROM,VALIDTO) values ('IN341',to_date('15-JUL-15','DD-MON-RR'),to_date('15-JUL-25','DD-MON-RR'));
Insert into HOSPITAL.INSURANCE (INSURANCEID,VALIDFROM,VALIDTO) values ('IN342',to_date('03-APR-03','DD-MON-RR'),to_date('03-APR-13','DD-MON-RR'));
Insert into HOSPITAL.INSURANCE (INSURANCEID,VALIDFROM,VALIDTO) values ('IN343',to_date('09-SEP-20','DD-MON-RR'),to_date('09-SEP-30','DD-MON-RR'));
Insert into HOSPITAL.INSURANCE (INSURANCEID,VALIDFROM,VALIDTO) values ('IN344',to_date('03-AUG-18','DD-MON-RR'),to_date('03-AUG-28','DD-MON-RR'));
Insert into HOSPITAL.INSURANCE (INSURANCEID,VALIDFROM,VALIDTO) values ('IN345',to_date('24-JUL-14','DD-MON-RR'),to_date('24-JUL-24','DD-MON-RR'));
Insert into HOSPITAL.INSURANCE (INSURANCEID,VALIDFROM,VALIDTO) values ('IN346',to_date('04-JAN-17','DD-MON-RR'),to_date('04-JAN-27','DD-MON-RR'));
Insert into HOSPITAL.INSURANCE (INSURANCEID,VALIDFROM,VALIDTO) values ('IN347',to_date('05-JUL-11','DD-MON-RR'),to_date('05-JUL-21','DD-MON-RR'));
Insert into HOSPITAL.INSURANCE (INSURANCEID,VALIDFROM,VALIDTO) values ('IN348',to_date('14-OCT-17','DD-MON-RR'),to_date('14-OCT-27','DD-MON-RR'));
Insert into HOSPITAL.INSURANCE (INSURANCEID,VALIDFROM,VALIDTO) values ('IN349',to_date('14-MAY-06','DD-MON-RR'),to_date('14-MAY-16','DD-MON-RR'));
Insert into HOSPITAL.INSURANCE (INSURANCEID,VALIDFROM,VALIDTO) values ('IN350',to_date('25-JAN-20','DD-MON-RR'),to_date('25-JAN-30','DD-MON-RR'));
Insert into HOSPITAL.INSURANCE (INSURANCEID,VALIDFROM,VALIDTO) values ('IN351',to_date('24-OCT-05','DD-MON-RR'),to_date('24-OCT-15','DD-MON-RR'));
Insert into HOSPITAL.INSURANCE (INSURANCEID,VALIDFROM,VALIDTO) values ('IN352',to_date('12-JAN-08','DD-MON-RR'),to_date('12-JAN-18','DD-MON-RR'));
Insert into HOSPITAL.INSURANCE (INSURANCEID,VALIDFROM,VALIDTO) values ('IN353',to_date('29-JUL-18','DD-MON-RR'),to_date('29-JUL-28','DD-MON-RR'));
Insert into HOSPITAL.INSURANCE (INSURANCEID,VALIDFROM,VALIDTO) values ('IN354',to_date('30-JAN-07','DD-MON-RR'),to_date('30-JAN-17','DD-MON-RR'));
Insert into HOSPITAL.INSURANCE (INSURANCEID,VALIDFROM,VALIDTO) values ('IN355',to_date('29-AUG-04','DD-MON-RR'),to_date('29-AUG-14','DD-MON-RR'));
Insert into HOSPITAL.INSURANCE (INSURANCEID,VALIDFROM,VALIDTO) values ('IN356',to_date('27-FEB-10','DD-MON-RR'),to_date('27-FEB-20','DD-MON-RR'));
Insert into HOSPITAL.INSURANCE (INSURANCEID,VALIDFROM,VALIDTO) values ('IN357',to_date('27-APR-01','DD-MON-RR'),to_date('27-APR-11','DD-MON-RR'));
Insert into HOSPITAL.INSURANCE (INSURANCEID,VALIDFROM,VALIDTO) values ('IN358',to_date('18-JUN-04','DD-MON-RR'),to_date('18-JUN-14','DD-MON-RR'));
Insert into HOSPITAL.INSURANCE (INSURANCEID,VALIDFROM,VALIDTO) values ('IN359',to_date('06-FEB-07','DD-MON-RR'),to_date('06-FEB-17','DD-MON-RR'));
Insert into HOSPITAL.INSURANCE (INSURANCEID,VALIDFROM,VALIDTO) values ('IN360',to_date('10-APR-02','DD-MON-RR'),to_date('10-APR-12','DD-MON-RR'));
Insert into HOSPITAL.INSURANCE (INSURANCEID,VALIDFROM,VALIDTO) values ('IN361',to_date('02-NOV-15','DD-MON-RR'),to_date('02-NOV-25','DD-MON-RR'));
Insert into HOSPITAL.INSURANCE (INSURANCEID,VALIDFROM,VALIDTO) values ('IN362',to_date('15-FEB-04','DD-MON-RR'),to_date('15-FEB-14','DD-MON-RR'));
Insert into HOSPITAL.INSURANCE (INSURANCEID,VALIDFROM,VALIDTO) values ('IN363',to_date('27-JUL-14','DD-MON-RR'),to_date('27-JUL-24','DD-MON-RR'));
Insert into HOSPITAL.INSURANCE (INSURANCEID,VALIDFROM,VALIDTO) values ('IN364',to_date('20-NOV-05','DD-MON-RR'),to_date('20-NOV-15','DD-MON-RR'));
Insert into HOSPITAL.INSURANCE (INSURANCEID,VALIDFROM,VALIDTO) values ('IN365',to_date('07-SEP-18','DD-MON-RR'),to_date('07-SEP-28','DD-MON-RR'));
Insert into HOSPITAL.INSURANCE (INSURANCEID,VALIDFROM,VALIDTO) values ('IN366',to_date('07-MAY-21','DD-MON-RR'),to_date('07-MAY-31','DD-MON-RR'));
Insert into HOSPITAL.INSURANCE (INSURANCEID,VALIDFROM,VALIDTO) values ('IN367',to_date('14-AUG-13','DD-MON-RR'),to_date('14-AUG-23','DD-MON-RR'));
Insert into HOSPITAL.INSURANCE (INSURANCEID,VALIDFROM,VALIDTO) values ('IN368',to_date('29-JUL-17','DD-MON-RR'),to_date('29-JUL-27','DD-MON-RR'));
Insert into HOSPITAL.INSURANCE (INSURANCEID,VALIDFROM,VALIDTO) values ('IN369',to_date('25-JAN-12','DD-MON-RR'),to_date('25-JAN-22','DD-MON-RR'));
Insert into HOSPITAL.INSURANCE (INSURANCEID,VALIDFROM,VALIDTO) values ('IN370',to_date('07-FEB-12','DD-MON-RR'),to_date('07-FEB-22','DD-MON-RR'));
Insert into HOSPITAL.INSURANCE (INSURANCEID,VALIDFROM,VALIDTO) values ('IN371',to_date('07-JUL-09','DD-MON-RR'),to_date('07-JUL-19','DD-MON-RR'));
Insert into HOSPITAL.INSURANCE (INSURANCEID,VALIDFROM,VALIDTO) values ('IN372',to_date('26-JAN-15','DD-MON-RR'),to_date('26-JAN-25','DD-MON-RR'));
Insert into HOSPITAL.INSURANCE (INSURANCEID,VALIDFROM,VALIDTO) values ('IN373',to_date('26-NOV-01','DD-MON-RR'),to_date('26-NOV-11','DD-MON-RR'));
Insert into HOSPITAL.INSURANCE (INSURANCEID,VALIDFROM,VALIDTO) values ('IN374',to_date('10-DEC-21','DD-MON-RR'),to_date('10-DEC-31','DD-MON-RR'));
Insert into HOSPITAL.INSURANCE (INSURANCEID,VALIDFROM,VALIDTO) values ('IN375',to_date('19-MAY-12','DD-MON-RR'),to_date('19-MAY-22','DD-MON-RR'));
Insert into HOSPITAL.INSURANCE (INSURANCEID,VALIDFROM,VALIDTO) values ('IN376',to_date('27-AUG-05','DD-MON-RR'),to_date('27-AUG-15','DD-MON-RR'));
Insert into HOSPITAL.INSURANCE (INSURANCEID,VALIDFROM,VALIDTO) values ('IN377',to_date('21-DEC-05','DD-MON-RR'),to_date('21-DEC-15','DD-MON-RR'));
Insert into HOSPITAL.INSURANCE (INSURANCEID,VALIDFROM,VALIDTO) values ('IN378',to_date('07-JAN-01','DD-MON-RR'),to_date('07-JAN-11','DD-MON-RR'));
Insert into HOSPITAL.INSURANCE (INSURANCEID,VALIDFROM,VALIDTO) values ('IN379',to_date('17-MAR-06','DD-MON-RR'),to_date('17-MAR-16','DD-MON-RR'));
Insert into HOSPITAL.INSURANCE (INSURANCEID,VALIDFROM,VALIDTO) values ('IN380',to_date('22-FEB-08','DD-MON-RR'),to_date('22-FEB-18','DD-MON-RR'));
Insert into HOSPITAL.INSURANCE (INSURANCEID,VALIDFROM,VALIDTO) values ('IN381',to_date('14-DEC-21','DD-MON-RR'),to_date('14-DEC-31','DD-MON-RR'));
Insert into HOSPITAL.INSURANCE (INSURANCEID,VALIDFROM,VALIDTO) values ('IN382',to_date('31-JUL-06','DD-MON-RR'),to_date('31-JUL-16','DD-MON-RR'));
Insert into HOSPITAL.INSURANCE (INSURANCEID,VALIDFROM,VALIDTO) values ('IN383',to_date('25-JUL-12','DD-MON-RR'),to_date('25-JUL-22','DD-MON-RR'));
Insert into HOSPITAL.INSURANCE (INSURANCEID,VALIDFROM,VALIDTO) values ('IN384',to_date('19-FEB-20','DD-MON-RR'),to_date('19-FEB-30','DD-MON-RR'));
Insert into HOSPITAL.INSURANCE (INSURANCEID,VALIDFROM,VALIDTO) values ('IN385',to_date('13-JAN-08','DD-MON-RR'),to_date('13-JAN-18','DD-MON-RR'));
Insert into HOSPITAL.INSURANCE (INSURANCEID,VALIDFROM,VALIDTO) values ('IN386',to_date('22-MAR-17','DD-MON-RR'),to_date('22-MAR-27','DD-MON-RR'));
Insert into HOSPITAL.INSURANCE (INSURANCEID,VALIDFROM,VALIDTO) values ('IN387',to_date('24-SEP-18','DD-MON-RR'),to_date('24-SEP-28','DD-MON-RR'));
Insert into HOSPITAL.INSURANCE (INSURANCEID,VALIDFROM,VALIDTO) values ('IN388',to_date('21-JAN-06','DD-MON-RR'),to_date('21-JAN-16','DD-MON-RR'));
Insert into HOSPITAL.INSURANCE (INSURANCEID,VALIDFROM,VALIDTO) values ('IN389',to_date('03-NOV-01','DD-MON-RR'),to_date('03-NOV-11','DD-MON-RR'));
Insert into HOSPITAL.INSURANCE (INSURANCEID,VALIDFROM,VALIDTO) values ('IN390',to_date('30-OCT-18','DD-MON-RR'),to_date('30-OCT-28','DD-MON-RR'));
Insert into HOSPITAL.INSURANCE (INSURANCEID,VALIDFROM,VALIDTO) values ('IN391',to_date('17-JUL-15','DD-MON-RR'),to_date('17-JUL-25','DD-MON-RR'));
Insert into HOSPITAL.INSURANCE (INSURANCEID,VALIDFROM,VALIDTO) values ('IN392',to_date('27-MAY-09','DD-MON-RR'),to_date('27-MAY-19','DD-MON-RR'));
Insert into HOSPITAL.INSURANCE (INSURANCEID,VALIDFROM,VALIDTO) values ('IN393',to_date('24-FEB-15','DD-MON-RR'),to_date('24-FEB-25','DD-MON-RR'));
Insert into HOSPITAL.INSURANCE (INSURANCEID,VALIDFROM,VALIDTO) values ('IN394',to_date('25-DEC-15','DD-MON-RR'),to_date('25-DEC-25','DD-MON-RR'));
Insert into HOSPITAL.INSURANCE (INSURANCEID,VALIDFROM,VALIDTO) values ('IN395',to_date('15-JAN-05','DD-MON-RR'),to_date('15-JAN-15','DD-MON-RR'));
Insert into HOSPITAL.INSURANCE (INSURANCEID,VALIDFROM,VALIDTO) values ('IN396',to_date('21-SEP-08','DD-MON-RR'),to_date('21-SEP-18','DD-MON-RR'));
Insert into HOSPITAL.INSURANCE (INSURANCEID,VALIDFROM,VALIDTO) values ('IN397',to_date('25-MAR-07','DD-MON-RR'),to_date('25-MAR-17','DD-MON-RR'));
Insert into HOSPITAL.INSURANCE (INSURANCEID,VALIDFROM,VALIDTO) values ('IN398',to_date('02-JUN-01','DD-MON-RR'),to_date('02-JUN-11','DD-MON-RR'));
Insert into HOSPITAL.INSURANCE (INSURANCEID,VALIDFROM,VALIDTO) values ('IN399',to_date('04-NOV-16','DD-MON-RR'),to_date('04-NOV-26','DD-MON-RR'));
Insert into HOSPITAL.INSURANCE (INSURANCEID,VALIDFROM,VALIDTO) values ('IN400',to_date('09-JUN-02','DD-MON-RR'),to_date('09-JUN-12','DD-MON-RR'));
Insert into HOSPITAL.INSURANCE (INSURANCEID,VALIDFROM,VALIDTO) values ('IN401',to_date('09-MAR-13','DD-MON-RR'),to_date('09-MAR-23','DD-MON-RR'));
Insert into HOSPITAL.INSURANCE (INSURANCEID,VALIDFROM,VALIDTO) values ('IN402',to_date('19-SEP-18','DD-MON-RR'),to_date('19-SEP-28','DD-MON-RR'));
Insert into HOSPITAL.INSURANCE (INSURANCEID,VALIDFROM,VALIDTO) values ('IN403',to_date('25-APR-10','DD-MON-RR'),to_date('25-APR-20','DD-MON-RR'));
Insert into HOSPITAL.INSURANCE (INSURANCEID,VALIDFROM,VALIDTO) values ('IN404',to_date('27-JUL-11','DD-MON-RR'),to_date('27-JUL-21','DD-MON-RR'));
Insert into HOSPITAL.INSURANCE (INSURANCEID,VALIDFROM,VALIDTO) values ('IN405',to_date('09-NOV-14','DD-MON-RR'),to_date('09-NOV-24','DD-MON-RR'));
Insert into HOSPITAL.INSURANCE (INSURANCEID,VALIDFROM,VALIDTO) values ('IN406',to_date('24-JUL-18','DD-MON-RR'),to_date('24-JUL-28','DD-MON-RR'));
Insert into HOSPITAL.INSURANCE (INSURANCEID,VALIDFROM,VALIDTO) values ('IN407',to_date('01-JAN-02','DD-MON-RR'),to_date('01-JAN-12','DD-MON-RR'));
Insert into HOSPITAL.INSURANCE (INSURANCEID,VALIDFROM,VALIDTO) values ('IN408',to_date('25-JAN-05','DD-MON-RR'),to_date('25-JAN-15','DD-MON-RR'));
Insert into HOSPITAL.INSURANCE (INSURANCEID,VALIDFROM,VALIDTO) values ('IN409',to_date('26-JUL-14','DD-MON-RR'),to_date('26-JUL-24','DD-MON-RR'));
Insert into HOSPITAL.INSURANCE (INSURANCEID,VALIDFROM,VALIDTO) values ('IN410',to_date('08-OCT-02','DD-MON-RR'),to_date('08-OCT-12','DD-MON-RR'));
Insert into HOSPITAL.INSURANCE (INSURANCEID,VALIDFROM,VALIDTO) values ('IN411',to_date('13-NOV-08','DD-MON-RR'),to_date('13-NOV-18','DD-MON-RR'));
Insert into HOSPITAL.INSURANCE (INSURANCEID,VALIDFROM,VALIDTO) values ('IN412',to_date('26-FEB-16','DD-MON-RR'),to_date('26-FEB-26','DD-MON-RR'));
Insert into HOSPITAL.INSURANCE (INSURANCEID,VALIDFROM,VALIDTO) values ('IN413',to_date('02-JUL-14','DD-MON-RR'),to_date('02-JUL-24','DD-MON-RR'));
Insert into HOSPITAL.INSURANCE (INSURANCEID,VALIDFROM,VALIDTO) values ('IN414',to_date('13-APR-07','DD-MON-RR'),to_date('13-APR-17','DD-MON-RR'));
Insert into HOSPITAL.INSURANCE (INSURANCEID,VALIDFROM,VALIDTO) values ('IN415',to_date('06-JUL-10','DD-MON-RR'),to_date('06-JUL-20','DD-MON-RR'));
Insert into HOSPITAL.INSURANCE (INSURANCEID,VALIDFROM,VALIDTO) values ('IN416',to_date('28-DEC-17','DD-MON-RR'),to_date('28-DEC-27','DD-MON-RR'));
Insert into HOSPITAL.INSURANCE (INSURANCEID,VALIDFROM,VALIDTO) values ('IN417',to_date('10-JUN-18','DD-MON-RR'),to_date('10-JUN-28','DD-MON-RR'));
Insert into HOSPITAL.INSURANCE (INSURANCEID,VALIDFROM,VALIDTO) values ('IN418',to_date('27-JUL-02','DD-MON-RR'),to_date('27-JUL-12','DD-MON-RR'));
Insert into HOSPITAL.INSURANCE (INSURANCEID,VALIDFROM,VALIDTO) values ('IN419',to_date('13-OCT-05','DD-MON-RR'),to_date('13-OCT-15','DD-MON-RR'));
Insert into HOSPITAL.INSURANCE (INSURANCEID,VALIDFROM,VALIDTO) values ('IN420',to_date('17-OCT-03','DD-MON-RR'),to_date('17-OCT-13','DD-MON-RR'));
Insert into HOSPITAL.INSURANCE (INSURANCEID,VALIDFROM,VALIDTO) values ('IN421',to_date('10-NOV-21','DD-MON-RR'),to_date('10-NOV-31','DD-MON-RR'));
Insert into HOSPITAL.INSURANCE (INSURANCEID,VALIDFROM,VALIDTO) values ('IN422',to_date('03-JUL-12','DD-MON-RR'),to_date('03-JUL-22','DD-MON-RR'));
Insert into HOSPITAL.INSURANCE (INSURANCEID,VALIDFROM,VALIDTO) values ('IN423',to_date('01-SEP-08','DD-MON-RR'),to_date('01-SEP-18','DD-MON-RR'));
Insert into HOSPITAL.INSURANCE (INSURANCEID,VALIDFROM,VALIDTO) values ('IN424',to_date('24-AUG-15','DD-MON-RR'),to_date('24-AUG-25','DD-MON-RR'));
Insert into HOSPITAL.INSURANCE (INSURANCEID,VALIDFROM,VALIDTO) values ('IN425',to_date('27-JUL-21','DD-MON-RR'),to_date('27-JUL-31','DD-MON-RR'));
Insert into HOSPITAL.INSURANCE (INSURANCEID,VALIDFROM,VALIDTO) values ('IN426',to_date('12-MAR-18','DD-MON-RR'),to_date('12-MAR-28','DD-MON-RR'));
Insert into HOSPITAL.INSURANCE (INSURANCEID,VALIDFROM,VALIDTO) values ('IN427',to_date('07-FEB-06','DD-MON-RR'),to_date('07-FEB-16','DD-MON-RR'));
Insert into HOSPITAL.INSURANCE (INSURANCEID,VALIDFROM,VALIDTO) values ('IN428',to_date('01-FEB-03','DD-MON-RR'),to_date('01-FEB-13','DD-MON-RR'));
Insert into HOSPITAL.INSURANCE (INSURANCEID,VALIDFROM,VALIDTO) values ('IN429',to_date('30-JUL-17','DD-MON-RR'),to_date('30-JUL-27','DD-MON-RR'));
Insert into HOSPITAL.INSURANCE (INSURANCEID,VALIDFROM,VALIDTO) values ('IN430',to_date('21-DEC-01','DD-MON-RR'),to_date('21-DEC-11','DD-MON-RR'));
Insert into HOSPITAL.INSURANCE (INSURANCEID,VALIDFROM,VALIDTO) values ('IN431',to_date('29-AUG-01','DD-MON-RR'),to_date('29-AUG-11','DD-MON-RR'));
Insert into HOSPITAL.INSURANCE (INSURANCEID,VALIDFROM,VALIDTO) values ('IN432',to_date('18-NOV-20','DD-MON-RR'),to_date('18-NOV-30','DD-MON-RR'));
Insert into HOSPITAL.INSURANCE (INSURANCEID,VALIDFROM,VALIDTO) values ('IN433',to_date('12-APR-03','DD-MON-RR'),to_date('12-APR-13','DD-MON-RR'));
Insert into HOSPITAL.INSURANCE (INSURANCEID,VALIDFROM,VALIDTO) values ('IN434',to_date('29-AUG-06','DD-MON-RR'),to_date('29-AUG-16','DD-MON-RR'));
Insert into HOSPITAL.INSURANCE (INSURANCEID,VALIDFROM,VALIDTO) values ('IN435',to_date('09-APR-12','DD-MON-RR'),to_date('09-APR-22','DD-MON-RR'));
Insert into HOSPITAL.INSURANCE (INSURANCEID,VALIDFROM,VALIDTO) values ('IN436',to_date('14-JUN-14','DD-MON-RR'),to_date('14-JUN-24','DD-MON-RR'));
Insert into HOSPITAL.INSURANCE (INSURANCEID,VALIDFROM,VALIDTO) values ('IN437',to_date('18-JUL-10','DD-MON-RR'),to_date('18-JUL-20','DD-MON-RR'));
Insert into HOSPITAL.INSURANCE (INSURANCEID,VALIDFROM,VALIDTO) values ('IN438',to_date('02-NOV-12','DD-MON-RR'),to_date('02-NOV-22','DD-MON-RR'));
Insert into HOSPITAL.INSURANCE (INSURANCEID,VALIDFROM,VALIDTO) values ('IN439',to_date('29-DEC-07','DD-MON-RR'),to_date('29-DEC-17','DD-MON-RR'));
Insert into HOSPITAL.INSURANCE (INSURANCEID,VALIDFROM,VALIDTO) values ('IN440',to_date('06-DEC-19','DD-MON-RR'),to_date('06-DEC-29','DD-MON-RR'));
Insert into HOSPITAL.INSURANCE (INSURANCEID,VALIDFROM,VALIDTO) values ('IN441',to_date('19-JAN-18','DD-MON-RR'),to_date('19-JAN-28','DD-MON-RR'));
Insert into HOSPITAL.INSURANCE (INSURANCEID,VALIDFROM,VALIDTO) values ('IN442',to_date('22-NOV-14','DD-MON-RR'),to_date('22-NOV-24','DD-MON-RR'));
Insert into HOSPITAL.INSURANCE (INSURANCEID,VALIDFROM,VALIDTO) values ('IN443',to_date('21-AUG-07','DD-MON-RR'),to_date('21-AUG-17','DD-MON-RR'));
Insert into HOSPITAL.INSURANCE (INSURANCEID,VALIDFROM,VALIDTO) values ('IN444',to_date('14-NOV-21','DD-MON-RR'),to_date('14-NOV-31','DD-MON-RR'));
Insert into HOSPITAL.INSURANCE (INSURANCEID,VALIDFROM,VALIDTO) values ('IN445',to_date('27-DEC-13','DD-MON-RR'),to_date('27-DEC-23','DD-MON-RR'));
Insert into HOSPITAL.INSURANCE (INSURANCEID,VALIDFROM,VALIDTO) values ('IN446',to_date('18-SEP-12','DD-MON-RR'),to_date('18-SEP-22','DD-MON-RR'));
Insert into HOSPITAL.INSURANCE (INSURANCEID,VALIDFROM,VALIDTO) values ('IN447',to_date('06-JAN-08','DD-MON-RR'),to_date('06-JAN-18','DD-MON-RR'));
Insert into HOSPITAL.INSURANCE (INSURANCEID,VALIDFROM,VALIDTO) values ('IN448',to_date('18-APR-09','DD-MON-RR'),to_date('18-APR-19','DD-MON-RR'));
Insert into HOSPITAL.INSURANCE (INSURANCEID,VALIDFROM,VALIDTO) values ('IN449',to_date('13-FEB-18','DD-MON-RR'),to_date('13-FEB-28','DD-MON-RR'));
Insert into HOSPITAL.INSURANCE (INSURANCEID,VALIDFROM,VALIDTO) values ('IN450',to_date('11-DEC-11','DD-MON-RR'),to_date('11-DEC-21','DD-MON-RR'));
Insert into HOSPITAL.INSURANCE (INSURANCEID,VALIDFROM,VALIDTO) values ('IN451',to_date('13-APR-12','DD-MON-RR'),to_date('13-APR-22','DD-MON-RR'));
Insert into HOSPITAL.INSURANCE (INSURANCEID,VALIDFROM,VALIDTO) values ('IN452',to_date('23-NOV-10','DD-MON-RR'),to_date('23-NOV-20','DD-MON-RR'));
Insert into HOSPITAL.INSURANCE (INSURANCEID,VALIDFROM,VALIDTO) values ('IN453',to_date('06-SEP-05','DD-MON-RR'),to_date('06-SEP-15','DD-MON-RR'));
Insert into HOSPITAL.INSURANCE (INSURANCEID,VALIDFROM,VALIDTO) values ('IN454',to_date('10-APR-08','DD-MON-RR'),to_date('10-APR-18','DD-MON-RR'));
Insert into HOSPITAL.INSURANCE (INSURANCEID,VALIDFROM,VALIDTO) values ('IN455',to_date('12-AUG-08','DD-MON-RR'),to_date('12-AUG-18','DD-MON-RR'));
Insert into HOSPITAL.INSURANCE (INSURANCEID,VALIDFROM,VALIDTO) values ('IN456',to_date('24-MAY-10','DD-MON-RR'),to_date('24-MAY-20','DD-MON-RR'));
Insert into HOSPITAL.INSURANCE (INSURANCEID,VALIDFROM,VALIDTO) values ('IN457',to_date('17-SEP-12','DD-MON-RR'),to_date('17-SEP-22','DD-MON-RR'));
Insert into HOSPITAL.INSURANCE (INSURANCEID,VALIDFROM,VALIDTO) values ('IN458',to_date('09-JUN-18','DD-MON-RR'),to_date('09-JUN-28','DD-MON-RR'));
Insert into HOSPITAL.INSURANCE (INSURANCEID,VALIDFROM,VALIDTO) values ('IN459',to_date('10-OCT-11','DD-MON-RR'),to_date('10-OCT-21','DD-MON-RR'));
Insert into HOSPITAL.INSURANCE (INSURANCEID,VALIDFROM,VALIDTO) values ('IN460',to_date('18-SEP-14','DD-MON-RR'),to_date('18-SEP-24','DD-MON-RR'));
Insert into HOSPITAL.INSURANCE (INSURANCEID,VALIDFROM,VALIDTO) values ('IN461',to_date('24-JAN-14','DD-MON-RR'),to_date('24-JAN-24','DD-MON-RR'));
Insert into HOSPITAL.INSURANCE (INSURANCEID,VALIDFROM,VALIDTO) values ('IN462',to_date('09-MAY-04','DD-MON-RR'),to_date('09-MAY-14','DD-MON-RR'));
Insert into HOSPITAL.INSURANCE (INSURANCEID,VALIDFROM,VALIDTO) values ('IN463',to_date('12-JAN-20','DD-MON-RR'),to_date('12-JAN-30','DD-MON-RR'));
Insert into HOSPITAL.INSURANCE (INSURANCEID,VALIDFROM,VALIDTO) values ('IN464',to_date('01-AUG-02','DD-MON-RR'),to_date('01-AUG-12','DD-MON-RR'));
Insert into HOSPITAL.INSURANCE (INSURANCEID,VALIDFROM,VALIDTO) values ('IN465',to_date('27-NOV-18','DD-MON-RR'),to_date('27-NOV-28','DD-MON-RR'));
Insert into HOSPITAL.INSURANCE (INSURANCEID,VALIDFROM,VALIDTO) values ('IN466',to_date('09-DEC-18','DD-MON-RR'),to_date('09-DEC-28','DD-MON-RR'));
Insert into HOSPITAL.INSURANCE (INSURANCEID,VALIDFROM,VALIDTO) values ('IN467',to_date('09-JAN-16','DD-MON-RR'),to_date('09-JAN-26','DD-MON-RR'));
Insert into HOSPITAL.INSURANCE (INSURANCEID,VALIDFROM,VALIDTO) values ('IN468',to_date('10-APR-19','DD-MON-RR'),to_date('10-APR-29','DD-MON-RR'));
Insert into HOSPITAL.INSURANCE (INSURANCEID,VALIDFROM,VALIDTO) values ('IN469',to_date('28-APR-09','DD-MON-RR'),to_date('28-APR-19','DD-MON-RR'));
Insert into HOSPITAL.INSURANCE (INSURANCEID,VALIDFROM,VALIDTO) values ('IN470',to_date('07-AUG-10','DD-MON-RR'),to_date('07-AUG-20','DD-MON-RR'));
Insert into HOSPITAL.INSURANCE (INSURANCEID,VALIDFROM,VALIDTO) values ('IN471',to_date('16-JAN-17','DD-MON-RR'),to_date('16-JAN-27','DD-MON-RR'));
Insert into HOSPITAL.INSURANCE (INSURANCEID,VALIDFROM,VALIDTO) values ('IN472',to_date('27-JUN-08','DD-MON-RR'),to_date('27-JUN-18','DD-MON-RR'));
Insert into HOSPITAL.INSURANCE (INSURANCEID,VALIDFROM,VALIDTO) values ('IN473',to_date('25-SEP-05','DD-MON-RR'),to_date('25-SEP-15','DD-MON-RR'));
Insert into HOSPITAL.INSURANCE (INSURANCEID,VALIDFROM,VALIDTO) values ('IN474',to_date('21-APR-09','DD-MON-RR'),to_date('21-APR-19','DD-MON-RR'));
Insert into HOSPITAL.INSURANCE (INSURANCEID,VALIDFROM,VALIDTO) values ('IN475',to_date('29-FEB-12','DD-MON-RR'),to_date('01-MAR-22','DD-MON-RR'));
Insert into HOSPITAL.INSURANCE (INSURANCEID,VALIDFROM,VALIDTO) values ('IN476',to_date('05-APR-04','DD-MON-RR'),to_date('05-APR-14','DD-MON-RR'));
Insert into HOSPITAL.INSURANCE (INSURANCEID,VALIDFROM,VALIDTO) values ('IN477',to_date('25-APR-15','DD-MON-RR'),to_date('25-APR-25','DD-MON-RR'));
Insert into HOSPITAL.INSURANCE (INSURANCEID,VALIDFROM,VALIDTO) values ('IN478',to_date('22-JUN-04','DD-MON-RR'),to_date('22-JUN-14','DD-MON-RR'));
Insert into HOSPITAL.INSURANCE (INSURANCEID,VALIDFROM,VALIDTO) values ('IN479',to_date('11-FEB-17','DD-MON-RR'),to_date('11-FEB-27','DD-MON-RR'));
Insert into HOSPITAL.INSURANCE (INSURANCEID,VALIDFROM,VALIDTO) values ('IN480',to_date('03-JUN-21','DD-MON-RR'),to_date('03-JUN-31','DD-MON-RR'));
Insert into HOSPITAL.INSURANCE (INSURANCEID,VALIDFROM,VALIDTO) values ('IN481',to_date('09-DEC-16','DD-MON-RR'),to_date('09-DEC-26','DD-MON-RR'));
Insert into HOSPITAL.INSURANCE (INSURANCEID,VALIDFROM,VALIDTO) values ('IN482',to_date('16-NOV-02','DD-MON-RR'),to_date('16-NOV-12','DD-MON-RR'));
Insert into HOSPITAL.INSURANCE (INSURANCEID,VALIDFROM,VALIDTO) values ('IN483',to_date('17-JUL-02','DD-MON-RR'),to_date('17-JUL-12','DD-MON-RR'));
Insert into HOSPITAL.INSURANCE (INSURANCEID,VALIDFROM,VALIDTO) values ('IN484',to_date('10-APR-11','DD-MON-RR'),to_date('10-APR-21','DD-MON-RR'));
Insert into HOSPITAL.INSURANCE (INSURANCEID,VALIDFROM,VALIDTO) values ('IN485',to_date('31-JAN-14','DD-MON-RR'),to_date('31-JAN-24','DD-MON-RR'));
Insert into HOSPITAL.INSURANCE (INSURANCEID,VALIDFROM,VALIDTO) values ('IN486',to_date('04-JUL-16','DD-MON-RR'),to_date('04-JUL-26','DD-MON-RR'));
Insert into HOSPITAL.INSURANCE (INSURANCEID,VALIDFROM,VALIDTO) values ('IN487',to_date('30-JAN-13','DD-MON-RR'),to_date('30-JAN-23','DD-MON-RR'));
Insert into HOSPITAL.INSURANCE (INSURANCEID,VALIDFROM,VALIDTO) values ('IN488',to_date('17-JUL-21','DD-MON-RR'),to_date('17-JUL-31','DD-MON-RR'));
Insert into HOSPITAL.INSURANCE (INSURANCEID,VALIDFROM,VALIDTO) values ('IN489',to_date('17-DEC-21','DD-MON-RR'),to_date('17-DEC-31','DD-MON-RR'));
Insert into HOSPITAL.INSURANCE (INSURANCEID,VALIDFROM,VALIDTO) values ('IN490',to_date('21-MAY-08','DD-MON-RR'),to_date('21-MAY-18','DD-MON-RR'));
Insert into HOSPITAL.INSURANCE (INSURANCEID,VALIDFROM,VALIDTO) values ('IN491',to_date('24-MAY-19','DD-MON-RR'),to_date('24-MAY-29','DD-MON-RR'));
Insert into HOSPITAL.INSURANCE (INSURANCEID,VALIDFROM,VALIDTO) values ('IN492',to_date('03-NOV-08','DD-MON-RR'),to_date('03-NOV-18','DD-MON-RR'));
Insert into HOSPITAL.INSURANCE (INSURANCEID,VALIDFROM,VALIDTO) values ('IN493',to_date('11-DEC-13','DD-MON-RR'),to_date('11-DEC-23','DD-MON-RR'));
Insert into HOSPITAL.INSURANCE (INSURANCEID,VALIDFROM,VALIDTO) values ('IN494',to_date('17-OCT-17','DD-MON-RR'),to_date('17-OCT-27','DD-MON-RR'));
Insert into HOSPITAL.INSURANCE (INSURANCEID,VALIDFROM,VALIDTO) values ('IN495',to_date('23-OCT-10','DD-MON-RR'),to_date('23-OCT-20','DD-MON-RR'));
Insert into HOSPITAL.INSURANCE (INSURANCEID,VALIDFROM,VALIDTO) values ('IN496',to_date('03-MAR-06','DD-MON-RR'),to_date('03-MAR-16','DD-MON-RR'));
Insert into HOSPITAL.INSURANCE (INSURANCEID,VALIDFROM,VALIDTO) values ('IN497',to_date('22-MAY-11','DD-MON-RR'),to_date('22-MAY-21','DD-MON-RR'));
Insert into HOSPITAL.INSURANCE (INSURANCEID,VALIDFROM,VALIDTO) values ('IN498',to_date('11-DEC-01','DD-MON-RR'),to_date('11-DEC-11','DD-MON-RR'));
Insert into HOSPITAL.INSURANCE (INSURANCEID,VALIDFROM,VALIDTO) values ('IN499',to_date('16-FEB-19','DD-MON-RR'),to_date('16-FEB-29','DD-MON-RR'));
Insert into HOSPITAL.INSURANCE (INSURANCEID,VALIDFROM,VALIDTO) values ('IN500',to_date('23-DEC-06','DD-MON-RR'),to_date('23-DEC-16','DD-MON-RR'));
REM INSERTING into HOSPITAL.LABTEST
SET DEFINE OFF;
Insert into HOSPITAL.LABTEST (LABTESTID,TESTNAME,TESTDESCRIPTION,TESTPRICE) values ('L001','CT scan','A CT scan is a medical imaging procedure that uses computer-processed combinations of many X-ray measurements taken from different angles to produce cross-sectional (tomographic) images (virtual "slices") of specific areas of a scanned object, allowing the user to see inside the object without cutting.',199);
Insert into HOSPITAL.LABTEST (LABTESTID,TESTNAME,TESTDESCRIPTION,TESTPRICE) values ('L002','MRI','Magnetic resonance imaging (MRI) is a medical imaging technique used to produce high-quality images of the inside of the body. MRI uses a strong magnetic field and radio waves to produce detailed images of the organs and tissues in the body.',159);
Insert into HOSPITAL.LABTEST (LABTESTID,TESTNAME,TESTDESCRIPTION,TESTPRICE) values ('L003','X-ray','X-rays are a type of electromagnetic radiation with a wavelength in the range of 0.0110 nanometers, corresponding to frequencies in the range 30 petahertz to 30 exahertz (3×1027 Hz to 3×1033 Hz).',119);
Insert into HOSPITAL.LABTEST (LABTESTID,TESTNAME,TESTDESCRIPTION,TESTPRICE) values ('L004','blood tests','A blood test is a laboratory analysis performed on a blood sample that is usually extracted from a vein in the arm using a needle, or via finger-prick.',99);
Insert into HOSPITAL.LABTEST (LABTESTID,TESTNAME,TESTDESCRIPTION,TESTPRICE) values ('L005','urine tests','A urine test is a test that is performed on a urine sample to analyze it for various compounds and markers.',69);
Insert into HOSPITAL.LABTEST (LABTESTID,TESTNAME,TESTDESCRIPTION,TESTPRICE) values ('L006','biopsy','A biopsy is a medical procedure in which a small sample of tissue is removed from the body for examination under a microscope.',129);
Insert into HOSPITAL.LABTEST (LABTESTID,TESTNAME,TESTDESCRIPTION,TESTPRICE) values ('L007','Complete blood count (CBC)','A complete blood count (CBC) is a blood test used to evaluate your overall health and detect a wide range of disorders, including anemia, infection and leukemia. A complete blood count test measures many of the cells in your blood, including red blood cells, white blood cells and platelets.',99);
Insert into HOSPITAL.LABTEST (LABTESTID,TESTNAME,TESTDESCRIPTION,TESTPRICE) values ('L008','Comprehensive metabolic panel (CMP)','A comprehensive metabolic panel (CMP) is a blood test that gives your doctor a detailed look at your body''s chemical balance and metabolism. This test can show how well your kidneys and liver are working and whether these organs are affected by diabetes or other conditions.',159);
Insert into HOSPITAL.LABTEST (LABTESTID,TESTNAME,TESTDESCRIPTION,TESTPRICE) values ('L009','Lipid panel','A lipid panel is a medical test that measures the levels of lipids in the blood. These include cholesterol, triglycerides, low-density lipoprotein (LDL) cholesterol, and high-density lipoprotein (HDL) cholesterol.',159);
Insert into HOSPITAL.LABTEST (LABTESTID,TESTNAME,TESTDESCRIPTION,TESTPRICE) values ('L010','Thyroid function tests','Thyroid function tests are a series of blood tests used to evaluate the function of the thyroid gland. The tests measure the levels of thyroid hormones in the blood and can help to diagnose thyroid disorders.',159);
Insert into HOSPITAL.LABTEST (LABTESTID,TESTNAME,TESTDESCRIPTION,TESTPRICE) values ('L011','Liver function tests','Liver function tests (LFTs) are blood tests used to assess the health of the liver. LFTs can be used to screen for liver problems, to diagnose known liver conditions, and to monitor the liver''s health during and after treatment.',179);
Insert into HOSPITAL.LABTEST (LABTESTID,TESTNAME,TESTDESCRIPTION,TESTPRICE) values ('L012','Kidney function tests','Kidney function tests are a group of tests that are performed together to determine how well the kidneys are functioning. The tests measure the levels of certain substances in the blood and urine, and they may also involve imaging studies.',199);
Insert into HOSPITAL.LABTEST (LABTESTID,TESTNAME,TESTDESCRIPTION,TESTPRICE) values ('L013','Pregnancy test','A pregnancy test is a medical test that is used to determine if a woman is pregnant.',109);
Insert into HOSPITAL.LABTEST (LABTESTID,TESTNAME,TESTDESCRIPTION,TESTPRICE) values ('L014','HIV test','A test used to determine whether a person has been infected with the human immunodeficiency virus (HIV). There are several types of HIV tests, including the ELISA test, the Western blot test, and the polymerase chain reaction (PCR) test.',159);
Insert into HOSPITAL.LABTEST (LABTESTID,TESTNAME,TESTDESCRIPTION,TESTPRICE) values ('L015','Drug test','A drug test is a technical analysis of a biological specimen, for example urine, hair, blood, breath, sweat, or oral fluid / saliva  to determine the presence or absence of specified parent drugs or their metabolites.',99);
REM INSERTING into HOSPITAL.PATIENT
SET DEFINE OFF;
Insert into HOSPITAL.PATIENT (PATIENTID,FIRSTNAME,LASTNAME,DOB,GENDER,EMAIL,PHONE,ADDRESS,SSN,COVIDSTATUS,INSURANCEID) values (100,'Jane','Harris',to_date('09-DEC-05','DD-MON-RR'),'Male','JaneHarris@gmail.com',3128666792,'3794 Michael Forest Apt. 750
New Stephenberg, MD 61004-0181','222-22-2252','NotVaccinated','IN164');
Insert into HOSPITAL.PATIENT (PATIENTID,FIRSTNAME,LASTNAME,DOB,GENDER,EMAIL,PHONE,ADDRESS,SSN,COVIDSTATUS,INSURANCEID) values (101,'John','Martin',to_date('10-JUL-74','DD-MON-RR'),'Female','JohnMartin@gmail.com',5162503757,'88978 Noble Crest
North Rosemouth, FM 53484-6689','333-33-3333','PartiallyVaccinated','IN165');
Insert into HOSPITAL.PATIENT (PATIENTID,FIRSTNAME,LASTNAME,DOB,GENDER,EMAIL,PHONE,ADDRESS,SSN,COVIDSTATUS,INSURANCEID) values (102,'Jane','Martin',to_date('12-NOV-53','DD-MON-RR'),'Female','JaneMartin@gmail.com',5162507316,'82227 Farmer Throughway Suite 266
Leeborough, WV 35324','333-33-3333','Vaccinated','IN166');
Insert into HOSPITAL.PATIENT (PATIENTID,FIRSTNAME,LASTNAME,DOB,GENDER,EMAIL,PHONE,ADDRESS,SSN,COVIDSTATUS,INSURANCEID) values (103,'John','Lewis',to_date('01-DEC-39','DD-MON-RR'),'Female','JohnLewis@gmail.com',5162502102,'5791 Jessica Cove
Mckinneyborough, OK 64460-7536','333-33-3333','NotVaccinated','IN167');
Insert into HOSPITAL.PATIENT (PATIENTID,FIRSTNAME,LASTNAME,DOB,GENDER,EMAIL,PHONE,ADDRESS,SSN,COVIDSTATUS,INSURANCEID) values (104,'Jane','Lewis',to_date('14-FEB-59','DD-MON-RR'),'Male','JaneLewis@gmail.com',5162501906,'465 Kenneth Common Apt. 192
North Tracy, WI 36024-8978','333-33-3334','NotVaccinated','IN168');
Insert into HOSPITAL.PATIENT (PATIENTID,FIRSTNAME,LASTNAME,DOB,GENDER,EMAIL,PHONE,ADDRESS,SSN,COVIDSTATUS,INSURANCEID) values (105,'John','Cook',to_date('13-AUG-39','DD-MON-RR'),'Female','JohnCook@gmail.com',5162502264,'06939 Jones Neck
Mariaview, VT 87641','333-33-3335','NotVaccinated','IN169');
Insert into HOSPITAL.PATIENT (PATIENTID,FIRSTNAME,LASTNAME,DOB,GENDER,EMAIL,PHONE,ADDRESS,SSN,COVIDSTATUS,INSURANCEID) values (106,'Jane','Cook',to_date('18-NOV-82','DD-MON-RR'),'Female','JaneCook@gmail.com',5162502540,'3132 Willie Harbor
Kaylafurt, FL 01107','333-33-3336','NotVaccinated','IN170');
Insert into HOSPITAL.PATIENT (PATIENTID,FIRSTNAME,LASTNAME,DOB,GENDER,EMAIL,PHONE,ADDRESS,SSN,COVIDSTATUS,INSURANCEID) values (107,'John','Wrightt',to_date('13-JUL-22','DD-MON-RR'),'Female','JohnWrightt@gmail.com',5162509396,'399 Jeremy Skyway Suite 377
North Keithville, IL 55074','333-33-3337','PartiallyVaccinated','IN171');
Insert into HOSPITAL.PATIENT (PATIENTID,FIRSTNAME,LASTNAME,DOB,GENDER,EMAIL,PHONE,ADDRESS,SSN,COVIDSTATUS,INSURANCEID) values (108,'Jane','Wrightt',to_date('01-MAY-01','DD-MON-RR'),'Male','JaneWrightt@gmail.com',5162506429,'66880 Mckinney Hills
Matthewchester, MH 88386','333-33-3338','PartiallyVaccinated','IN172');
Insert into HOSPITAL.PATIENT (PATIENTID,FIRSTNAME,LASTNAME,DOB,GENDER,EMAIL,PHONE,ADDRESS,SSN,COVIDSTATUS,INSURANCEID) values (109,'John','King',to_date('16-AUG-34','DD-MON-RR'),'Male','JohnKing@gmail.com',5162509342,'0377 Reed Via Apt. 169
Alexandershire, MO 43498','333-33-3339','Vaccinated','IN173');
Insert into HOSPITAL.PATIENT (PATIENTID,FIRSTNAME,LASTNAME,DOB,GENDER,EMAIL,PHONE,ADDRESS,SSN,COVIDSTATUS,INSURANCEID) values (110,'Jane','King',to_date('08-DEC-92','DD-MON-RR'),'Female','JaneKing@gmail.com',5162503926,'39637 Griffin Plain Suite 691
New Deborahview, MP 73870-3773','333-33-3333','Vaccinated','IN174');
Insert into HOSPITAL.PATIENT (PATIENTID,FIRSTNAME,LASTNAME,DOB,GENDER,EMAIL,PHONE,ADDRESS,SSN,COVIDSTATUS,INSURANCEID) values (111,'John','Green',to_date('25-APR-60','DD-MON-RR'),'Male','JohnGreen@gmail.com',5162500487,'931 Andrews Heights
South Shelley, NV 21850','333-33-3333','NotVaccinated','IN175');
Insert into HOSPITAL.PATIENT (PATIENTID,FIRSTNAME,LASTNAME,DOB,GENDER,EMAIL,PHONE,ADDRESS,SSN,COVIDSTATUS,INSURANCEID) values (112,'Jane','Green',to_date('01-MAR-59','DD-MON-RR'),'Female','JaneGreen@gmail.com',5162508154,'15810 Karl Plain
Davidville, TX 64072','333-33-3333','PartiallyVaccinated','IN176');
Insert into HOSPITAL.PATIENT (PATIENTID,FIRSTNAME,LASTNAME,DOB,GENDER,EMAIL,PHONE,ADDRESS,SSN,COVIDSTATUS,INSURANCEID) values (113,'John','Baker',to_date('10-AUG-66','DD-MON-RR'),'Male','JohnBaker@gmail.com',5162502505,'46079 Gonzalez Loaf
Williamside, PA 72265','333-33-3333','NotVaccinated','IN177');
Insert into HOSPITAL.PATIENT (PATIENTID,FIRSTNAME,LASTNAME,DOB,GENDER,EMAIL,PHONE,ADDRESS,SSN,COVIDSTATUS,INSURANCEID) values (114,'Jane','Baker',to_date('30-APR-42','DD-MON-RR'),'Male','JaneBaker@gmail.com',5162503293,'3144 Jamie Rest
Maxwellville, NC 93749-1190','333-33-3334','PartiallyVaccinated','IN178');
Insert into HOSPITAL.PATIENT (PATIENTID,FIRSTNAME,LASTNAME,DOB,GENDER,EMAIL,PHONE,ADDRESS,SSN,COVIDSTATUS,INSURANCEID) values (115,'John','Nelson',to_date('12-MAR-53','DD-MON-RR'),'Male','JohnNelson@gmail.com',5162505076,'08079 Thompson Village
North Lukeborough, AL 16825','333-33-3335','Vaccinated','IN179');
Insert into HOSPITAL.PATIENT (PATIENTID,FIRSTNAME,LASTNAME,DOB,GENDER,EMAIL,PHONE,ADDRESS,SSN,COVIDSTATUS,INSURANCEID) values (116,'Jane','Nelson',to_date('03-JUN-71','DD-MON-RR'),'Male','JaneNelson@gmail.com',5162509698,'29282 Alexander Street
South Andrewmouth, MS 22041','333-33-3336','Vaccinated','IN180');
Insert into HOSPITAL.PATIENT (PATIENTID,FIRSTNAME,LASTNAME,DOB,GENDER,EMAIL,PHONE,ADDRESS,SSN,COVIDSTATUS,INSURANCEID) values (117,'John','Cooper',to_date('01-OCT-47','DD-MON-RR'),'Female','JohnCooper@gmail.com',5162502755,'8830 Debra Loaf Apt. 341
Drakeville, ME 22340','333-33-3337','PartiallyVaccinated','IN181');
Insert into HOSPITAL.PATIENT (PATIENTID,FIRSTNAME,LASTNAME,DOB,GENDER,EMAIL,PHONE,ADDRESS,SSN,COVIDSTATUS,INSURANCEID) values (118,'Jane','Cooper',to_date('30-JUL-66','DD-MON-RR'),'Female','JaneCooper@gmail.com',5162507994,'18219 Jackson Well
Fosterton, MP 85302','333-33-3338','Vaccinated','IN182');
Insert into HOSPITAL.PATIENT (PATIENTID,FIRSTNAME,LASTNAME,DOB,GENDER,EMAIL,PHONE,ADDRESS,SSN,COVIDSTATUS,INSURANCEID) values (119,'John','Rogers',to_date('04-JUN-01','DD-MON-RR'),'Female','JohnRogers@gmail.com',5162502963,'572 Michelle Motorway Apt. 889
New Craig, ND 17250','333-33-3339','NotVaccinated','IN183');
Insert into HOSPITAL.PATIENT (PATIENTID,FIRSTNAME,LASTNAME,DOB,GENDER,EMAIL,PHONE,ADDRESS,SSN,COVIDSTATUS,INSURANCEID) values (120,'Jane','Rogers',to_date('01-APR-17','DD-MON-RR'),'Female','JaneRogers@gmail.com',5162504808,'PSC 0811, Box 7054
APO AA 91691','333-33-3333','Vaccinated','IN184');
Insert into HOSPITAL.PATIENT (PATIENTID,FIRSTNAME,LASTNAME,DOB,GENDER,EMAIL,PHONE,ADDRESS,SSN,COVIDSTATUS,INSURANCEID) values (121,'John','Turner',to_date('20-JUL-26','DD-MON-RR'),'Male','JohnTurner@gmail.com',5162504306,'26737 Brooks Roads
Vincentstad, VA 93089','333-33-3333','NotVaccinated','IN185');
Insert into HOSPITAL.PATIENT (PATIENTID,FIRSTNAME,LASTNAME,DOB,GENDER,EMAIL,PHONE,ADDRESS,SSN,COVIDSTATUS,INSURANCEID) values (122,'Jane','Turner',to_date('11-APR-82','DD-MON-RR'),'Female','JaneTurner@gmail.com',5162503533,'662 Wells Stravenue Apt. 578
South Kristaview, DC 49423-2452','333-33-3333','Vaccinated','IN186');
Insert into HOSPITAL.PATIENT (PATIENTID,FIRSTNAME,LASTNAME,DOB,GENDER,EMAIL,PHONE,ADDRESS,SSN,COVIDSTATUS,INSURANCEID) values (123,'John','Hill',to_date('26-OCT-30','DD-MON-RR'),'Male','JohnHill@gmail.com',5162503595,'0922 Gutierrez Loaf
Wattsbury, OH 96315','333-33-3333','Vaccinated','IN187');
Insert into HOSPITAL.PATIENT (PATIENTID,FIRSTNAME,LASTNAME,DOB,GENDER,EMAIL,PHONE,ADDRESS,SSN,COVIDSTATUS,INSURANCEID) values (124,'Jane','Hill',to_date('06-FEB-02','DD-MON-RR'),'Male','JaneHill@gmail.com',5162509384,'38154 Davis Locks
Lake Stevenfort, KY 86814-9222','333-33-3334','PartiallyVaccinated','IN188');
Insert into HOSPITAL.PATIENT (PATIENTID,FIRSTNAME,LASTNAME,DOB,GENDER,EMAIL,PHONE,ADDRESS,SSN,COVIDSTATUS,INSURANCEID) values (125,'John','Ward',to_date('04-AUG-21','DD-MON-RR'),'Male','JohnWard@gmail.com',5162508799,'7955 Samantha Walk Suite 230
North Luis, IL 44629','333-33-3335','Vaccinated','IN189');
Insert into HOSPITAL.PATIENT (PATIENTID,FIRSTNAME,LASTNAME,DOB,GENDER,EMAIL,PHONE,ADDRESS,SSN,COVIDSTATUS,INSURANCEID) values (126,'Jane','Ward',to_date('02-JUN-89','DD-MON-RR'),'Female','JaneWard@gmail.com',5162506912,'32202 Curtis Branch Apt. 411
Port Brettmouth, KY 01192-0594','333-33-3336','NotVaccinated','IN190');
Insert into HOSPITAL.PATIENT (PATIENTID,FIRSTNAME,LASTNAME,DOB,GENDER,EMAIL,PHONE,ADDRESS,SSN,COVIDSTATUS,INSURANCEID) values (127,'John','Morris',to_date('02-OCT-53','DD-MON-RR'),'Male','JohnMorris@gmail.com',5162504177,'102 Karen Court
New Jameston, SC 57761-6570','333-33-3337','PartiallyVaccinated','IN191');
Insert into HOSPITAL.PATIENT (PATIENTID,FIRSTNAME,LASTNAME,DOB,GENDER,EMAIL,PHONE,ADDRESS,SSN,COVIDSTATUS,INSURANCEID) values (128,'Jane','Morris',to_date('05-JAN-14','DD-MON-RR'),'Female','JaneMorris@gmail.com',5162503502,'9759 Tammy Skyway Apt. 171
Lake Debra, AS 95011','333-33-3338','PartiallyVaccinated','IN192');
Insert into HOSPITAL.PATIENT (PATIENTID,FIRSTNAME,LASTNAME,DOB,GENDER,EMAIL,PHONE,ADDRESS,SSN,COVIDSTATUS,INSURANCEID) values (129,'John','Peterson',to_date('16-SEP-31','DD-MON-RR'),'Female','JohnPeterson@gmail.com',5162501120,'PSC 6717, Box 7673
APO AE 66950-0088','333-33-3339','PartiallyVaccinated','IN193');
Insert into HOSPITAL.PATIENT (PATIENTID,FIRSTNAME,LASTNAME,DOB,GENDER,EMAIL,PHONE,ADDRESS,SSN,COVIDSTATUS,INSURANCEID) values (130,'Jane','Peterson',to_date('10-MAR-23','DD-MON-RR'),'Male','JanePeterson@gmail.com',5162504745,'581 Smith Prairie Suite 995
Andersontown, AS 58802','333-33-3333','PartiallyVaccinated','IN194');
Insert into HOSPITAL.PATIENT (PATIENTID,FIRSTNAME,LASTNAME,DOB,GENDER,EMAIL,PHONE,ADDRESS,SSN,COVIDSTATUS,INSURANCEID) values (131,'John','Gray',to_date('06-FEB-47','DD-MON-RR'),'Female','JohnGray@gmail.com',5162509481,'422 Rivers Springs Suite 221
North Barbara, WI 51990-7596','333-33-3333','PartiallyVaccinated','IN195');
Insert into HOSPITAL.PATIENT (PATIENTID,FIRSTNAME,LASTNAME,DOB,GENDER,EMAIL,PHONE,ADDRESS,SSN,COVIDSTATUS,INSURANCEID) values (132,'Jane','Gray',to_date('05-MAY-76','DD-MON-RR'),'Male','JaneGray@gmail.com',5162503229,'2859 Rodriguez Forks
Port Josephtown, OH 13591-3011','333-33-3333','PartiallyVaccinated','IN196');
Insert into HOSPITAL.PATIENT (PATIENTID,FIRSTNAME,LASTNAME,DOB,GENDER,EMAIL,PHONE,ADDRESS,SSN,COVIDSTATUS,INSURANCEID) values (133,'John','Ramirez',to_date('24-AUG-42','DD-MON-RR'),'Female','JohnRamirez@gmail.com',5162504288,'0537 Rice Village
West Kylieberg, NJ 19433-5090','333-33-3333','NotVaccinated','IN197');
Insert into HOSPITAL.PATIENT (PATIENTID,FIRSTNAME,LASTNAME,DOB,GENDER,EMAIL,PHONE,ADDRESS,SSN,COVIDSTATUS,INSURANCEID) values (134,'Jane','Ramirez',to_date('09-MAY-26','DD-MON-RR'),'Female','JaneRamirez@gmail.com',5162507083,'7182 Stephen Fork Suite 150
Port Laurachester, CO 99974-1961','333-33-3334','Vaccinated','IN198');
Insert into HOSPITAL.PATIENT (PATIENTID,FIRSTNAME,LASTNAME,DOB,GENDER,EMAIL,PHONE,ADDRESS,SSN,COVIDSTATUS,INSURANCEID) values (135,'John','James',to_date('14-JUL-38','DD-MON-RR'),'Female','JohnJames@gmail.com',5162508266,'459 Amy Burg
Lake Travis, OR 53314','333-33-3335','Vaccinated','IN199');
Insert into HOSPITAL.PATIENT (PATIENTID,FIRSTNAME,LASTNAME,DOB,GENDER,EMAIL,PHONE,ADDRESS,SSN,COVIDSTATUS,INSURANCEID) values (136,'Jane','James',to_date('28-JUN-73','DD-MON-RR'),'Male','JaneJames@gmail.com',5162506121,'PSC 8159, Box 3254
APO AP 71071-4890','333-33-3336','Vaccinated','IN200');
Insert into HOSPITAL.PATIENT (PATIENTID,FIRSTNAME,LASTNAME,DOB,GENDER,EMAIL,PHONE,ADDRESS,SSN,COVIDSTATUS,INSURANCEID) values (137,'John','Ford',to_date('05-DEC-55','DD-MON-RR'),'Female','JohnFord@gmail.com',5162500775,'623 Erica Flat
Lake Josephland, MT 73514','333-33-3337','PartiallyVaccinated','IN201');
Insert into HOSPITAL.PATIENT (PATIENTID,FIRSTNAME,LASTNAME,DOB,GENDER,EMAIL,PHONE,ADDRESS,SSN,COVIDSTATUS,INSURANCEID) values (138,'Jane','Ford',to_date('19-SEP-23','DD-MON-RR'),'Female','JaneFord@gmail.com',5162502929,'9271 Christopher Prairie
Douglasshire, NM 18581','333-33-3338','PartiallyVaccinated','IN202');
Insert into HOSPITAL.PATIENT (PATIENTID,FIRSTNAME,LASTNAME,DOB,GENDER,EMAIL,PHONE,ADDRESS,SSN,COVIDSTATUS,INSURANCEID) values (139,'John','Mitchell',to_date('11-APR-30','DD-MON-RR'),'Female','JohnMitchell@gmail.com',5162505130,'88995 Edwards Row Suite 456
North Jo, DE 02062-7953','333-33-3339','NotVaccinated','IN203');
Insert into HOSPITAL.PATIENT (PATIENTID,FIRSTNAME,LASTNAME,DOB,GENDER,EMAIL,PHONE,ADDRESS,SSN,COVIDSTATUS,INSURANCEID) values (140,'Jane','Mitchell',to_date('11-DEC-65','DD-MON-RR'),'Female','JaneMitchell@gmail.com',5162508260,'35970 Holly Key
Port Frank, VT 78059-9385','333-33-3343','Vaccinated','IN204');
Insert into HOSPITAL.PATIENT (PATIENTID,FIRSTNAME,LASTNAME,DOB,GENDER,EMAIL,PHONE,ADDRESS,SSN,COVIDSTATUS,INSURANCEID) values (141,'John','Young',to_date('04-JUN-25','DD-MON-RR'),'Male','JohnYoung@gmail.com',5162505202,'93306 Donald Greens
New Christopherbury, SC 59447','333-33-3343','Vaccinated','IN205');
Insert into HOSPITAL.PATIENT (PATIENTID,FIRSTNAME,LASTNAME,DOB,GENDER,EMAIL,PHONE,ADDRESS,SSN,COVIDSTATUS,INSURANCEID) values (142,'Jane','Young',to_date('12-DEC-42','DD-MON-RR'),'Male','JaneYoung@gmail.com',5162502115,'43102 Russo View Suite 717
Hollyport, SC 15344','333-33-3343','NotVaccinated','IN206');
Insert into HOSPITAL.PATIENT (PATIENTID,FIRSTNAME,LASTNAME,DOB,GENDER,EMAIL,PHONE,ADDRESS,SSN,COVIDSTATUS,INSURANCEID) values (143,'John','Allen',to_date('19-JUN-51','DD-MON-RR'),'Female','JohnAllen@gmail.com',5162500057,'973 Marc Ports
Brownstad, IN 48786-6700','333-33-3343','PartiallyVaccinated','IN207');
Insert into HOSPITAL.PATIENT (PATIENTID,FIRSTNAME,LASTNAME,DOB,GENDER,EMAIL,PHONE,ADDRESS,SSN,COVIDSTATUS,INSURANCEID) values (144,'Jane','Allen',to_date('27-MAR-32','DD-MON-RR'),'Male','JaneAllen@gmail.com',5162505095,'978 Bean Square
Deanburgh, OR 95149','333-33-3344','PartiallyVaccinated','IN208');
Insert into HOSPITAL.PATIENT (PATIENTID,FIRSTNAME,LASTNAME,DOB,GENDER,EMAIL,PHONE,ADDRESS,SSN,COVIDSTATUS,INSURANCEID) values (145,'John','Scott',to_date('24-NOV-50','DD-MON-RR'),'Male','JohnScott@gmail.com',5162504861,'27563 Vincent Lake
Allenchester, DC 22159','333-33-3345','NotVaccinated','IN224');
Insert into HOSPITAL.PATIENT (PATIENTID,FIRSTNAME,LASTNAME,DOB,GENDER,EMAIL,PHONE,ADDRESS,SSN,COVIDSTATUS,INSURANCEID) values (146,'Jane','Scott',to_date('17-SEP-64','DD-MON-RR'),'Female','JaneScott@gmail.com',5162503254,'979 Alison Motorway Apt. 676
North Frank, HI 55870-2651','333-33-3346','PartiallyVaccinated','IN225');
Insert into HOSPITAL.PATIENT (PATIENTID,FIRSTNAME,LASTNAME,DOB,GENDER,EMAIL,PHONE,ADDRESS,SSN,COVIDSTATUS,INSURANCEID) values (147,'John','Wright',to_date('21-OCT-69','DD-MON-RR'),'Female','JohnWright@gmail.com',5162505169,'969 William Manor
West Sherry, MA 66282-2258','333-33-3347','NotVaccinated','IN226');
Insert into HOSPITAL.PATIENT (PATIENTID,FIRSTNAME,LASTNAME,DOB,GENDER,EMAIL,PHONE,ADDRESS,SSN,COVIDSTATUS,INSURANCEID) values (148,'Jane','Wright',to_date('10-JUN-71','DD-MON-RR'),'Male','JaneWright@gmail.com',5162500583,'555 Hunt Track Suite 307
South Kristi, PA 73709','333-33-3348','NotVaccinated','IN227');
Insert into HOSPITAL.PATIENT (PATIENTID,FIRSTNAME,LASTNAME,DOB,GENDER,EMAIL,PHONE,ADDRESS,SSN,COVIDSTATUS,INSURANCEID) values (149,'John','Bennett',to_date('08-SEP-85','DD-MON-RR'),'Male','JohnBennett@gmail.com',5162509245,'811 Maria Run
Sanchezville, MI 04953','333-33-3349','PartiallyVaccinated','IN228');
Insert into HOSPITAL.PATIENT (PATIENTID,FIRSTNAME,LASTNAME,DOB,GENDER,EMAIL,PHONE,ADDRESS,SSN,COVIDSTATUS,INSURANCEID) values (150,'Jane','Bennett',to_date('04-MAY-96','DD-MON-RR'),'Female','JaneBennett@gmail.com',5162504957,'3604 Richard Junctions Suite 448
Brownburgh, CO 64856-8238','333-33-3353','Vaccinated','IN229');
Insert into HOSPITAL.PATIENT (PATIENTID,FIRSTNAME,LASTNAME,DOB,GENDER,EMAIL,PHONE,ADDRESS,SSN,COVIDSTATUS,INSURANCEID) values (151,'John','Wood',to_date('10-JUL-70','DD-MON-RR'),'Female','JohnWood@gmail.com',5162501399,'170 Andrew Mews
North Susan, NM 85338-2426','444-44-4444','NotVaccinated','IN230');
Insert into HOSPITAL.PATIENT (PATIENTID,FIRSTNAME,LASTNAME,DOB,GENDER,EMAIL,PHONE,ADDRESS,SSN,COVIDSTATUS,INSURANCEID) values (152,'Jane','Wood',to_date('16-JUL-08','DD-MON-RR'),'Female','JaneWood@gmail.com',5162506938,'14220 Carla Flat Suite 521
Lake Matthew, DE 06183','444-44-4444','PartiallyVaccinated','IN231');
Insert into HOSPITAL.PATIENT (PATIENTID,FIRSTNAME,LASTNAME,DOB,GENDER,EMAIL,PHONE,ADDRESS,SSN,COVIDSTATUS,INSURANCEID) values (153,'John','Kelly',to_date('03-MAR-59','DD-MON-RR'),'Male','JohnKelly@gmail.com',5162509262,'8594 Erica Manors Apt. 529
Lake Miguel, MH 10652-9266','444-44-4444','PartiallyVaccinated','IN232');
Insert into HOSPITAL.PATIENT (PATIENTID,FIRSTNAME,LASTNAME,DOB,GENDER,EMAIL,PHONE,ADDRESS,SSN,COVIDSTATUS,INSURANCEID) values (154,'Jane','Kelly',to_date('08-MAY-84','DD-MON-RR'),'Male','JaneKelly@gmail.com',5162502527,'4291 Nichols Fork Apt. 562
Thomaschester, SC 08938-8769','444-44-4444','NotVaccinated','IN233');
Insert into HOSPITAL.PATIENT (PATIENTID,FIRSTNAME,LASTNAME,DOB,GENDER,EMAIL,PHONE,ADDRESS,SSN,COVIDSTATUS,INSURANCEID) values (155,'John','Sanders',to_date('31-JAN-68','DD-MON-RR'),'Male','JohnSanders@gmail.com',5162506512,'748 Michael Plaza
West Billyside, UT 20799','444-44-4445','NotVaccinated','IN234');
Insert into HOSPITAL.PATIENT (PATIENTID,FIRSTNAME,LASTNAME,DOB,GENDER,EMAIL,PHONE,ADDRESS,SSN,COVIDSTATUS,INSURANCEID) values (156,'Jane','Sanders',to_date('30-OCT-01','DD-MON-RR'),'Male','JaneSanders@gmail.com',5162501953,'672 Jesus Roads Apt. 443
Thompsonland, WY 69228','444-44-4446','NotVaccinated','IN235');
Insert into HOSPITAL.PATIENT (PATIENTID,FIRSTNAME,LASTNAME,DOB,GENDER,EMAIL,PHONE,ADDRESS,SSN,COVIDSTATUS,INSURANCEID) values (157,'John','Perkins',to_date('07-NOV-82','DD-MON-RR'),'Male','JohnPerkins@gmail.com',5162507320,'0272 Jones Way
Lake Angela, MP 97003-5793','444-44-4447','PartiallyVaccinated','IN236');
Insert into HOSPITAL.PATIENT (PATIENTID,FIRSTNAME,LASTNAME,DOB,GENDER,EMAIL,PHONE,ADDRESS,SSN,COVIDSTATUS,INSURANCEID) values (158,'Jane','Perkins',to_date('21-FEB-35','DD-MON-RR'),'Male','JanePerkins@gmail.com',5162505909,'USNV Johnson
FPO AP 19026','444-44-4448','NotVaccinated','IN237');
Insert into HOSPITAL.PATIENT (PATIENTID,FIRSTNAME,LASTNAME,DOB,GENDER,EMAIL,PHONE,ADDRESS,SSN,COVIDSTATUS,INSURANCEID) values (159,'John','Howard',to_date('18-APR-99','DD-MON-RR'),'Female','JohnHoward@gmail.com',5162501667,'691 Johnson Field Apt. 510
Michaelville, VI 78140','444-44-4449','Vaccinated','IN238');
Insert into HOSPITAL.PATIENT (PATIENTID,FIRSTNAME,LASTNAME,DOB,GENDER,EMAIL,PHONE,ADDRESS,SSN,COVIDSTATUS,INSURANCEID) values (160,'Jane','Howard',to_date('02-SEP-56','DD-MON-RR'),'Female','JaneHoward@gmail.com',5162501284,'6218 Michael Station Apt. 982
Salazarburgh, NJ 79955','444-44-4444','NotVaccinated','IN239');
Insert into HOSPITAL.PATIENT (PATIENTID,FIRSTNAME,LASTNAME,DOB,GENDER,EMAIL,PHONE,ADDRESS,SSN,COVIDSTATUS,INSURANCEID) values (161,'John','Shaw',to_date('20-JAN-73','DD-MON-RR'),'Female','JohnShaw@gmail.com',5162502746,'PSC 3676, Box 1549
APO AE 26130-7683','444-44-4444','PartiallyVaccinated','IN240');
Insert into HOSPITAL.PATIENT (PATIENTID,FIRSTNAME,LASTNAME,DOB,GENDER,EMAIL,PHONE,ADDRESS,SSN,COVIDSTATUS,INSURANCEID) values (162,'Jane','Shaw',to_date('05-JAN-38','DD-MON-RR'),'Female','JaneShaw@gmail.com',5162506929,'94730 Martin Mount
New Matthew, VI 08142-6708','444-44-4444','NotVaccinated','IN241');
Insert into HOSPITAL.PATIENT (PATIENTID,FIRSTNAME,LASTNAME,DOB,GENDER,EMAIL,PHONE,ADDRESS,SSN,COVIDSTATUS,INSURANCEID) values (163,'John','Coleman',to_date('30-AUG-20','DD-MON-RR'),'Male','JohnColeman@gmail.com',5162503069,'5480 Vazquez Crossing Suite 825
East Christopherland, PA 42104','444-44-4444','PartiallyVaccinated','IN242');
Insert into HOSPITAL.PATIENT (PATIENTID,FIRSTNAME,LASTNAME,DOB,GENDER,EMAIL,PHONE,ADDRESS,SSN,COVIDSTATUS,INSURANCEID) values (164,'Jane','Coleman',to_date('16-JAN-01','DD-MON-RR'),'Female','JaneColeman@gmail.com',5162509353,'USCGC Dodson
FPO AA 87781-3935','444-44-4444','NotVaccinated','IN243');
Insert into HOSPITAL.PATIENT (PATIENTID,FIRSTNAME,LASTNAME,DOB,GENDER,EMAIL,PHONE,ADDRESS,SSN,COVIDSTATUS,INSURANCEID) values (165,'John','Stevens',to_date('12-APR-97','DD-MON-RR'),'Female','JohnStevens@gmail.com',5162504070,'Unit 6678 Box 6628
DPO AP 44369','444-44-4445','PartiallyVaccinated','IN244');
Insert into HOSPITAL.PATIENT (PATIENTID,FIRSTNAME,LASTNAME,DOB,GENDER,EMAIL,PHONE,ADDRESS,SSN,COVIDSTATUS,INSURANCEID) values (166,'Jane','Stevens',to_date('17-FEB-16','DD-MON-RR'),'Female','JaneStevens@gmail.com',5162503050,'75805 Larry Mills
East Cristian, MH 53820','444-44-4446','Vaccinated','IN245');
Insert into HOSPITAL.PATIENT (PATIENTID,FIRSTNAME,LASTNAME,DOB,GENDER,EMAIL,PHONE,ADDRESS,SSN,COVIDSTATUS,INSURANCEID) values (167,'John','Murphy',to_date('21-NOV-92','DD-MON-RR'),'Female','JohnMurphy@gmail.com',5162504373,'04311 Oconnor Park Apt. 415
Kelleystad, ND 63064-8935','444-44-4447','PartiallyVaccinated','IN246');
Insert into HOSPITAL.PATIENT (PATIENTID,FIRSTNAME,LASTNAME,DOB,GENDER,EMAIL,PHONE,ADDRESS,SSN,COVIDSTATUS,INSURANCEID) values (168,'Jane','Murphy',to_date('15-SEP-32','DD-MON-RR'),'Male','JaneMurphy@gmail.com',5162501160,'770 Lewis Pike Apt. 869
Phelpsport, PA 93969-4887','444-44-4448','PartiallyVaccinated','IN247');
Insert into HOSPITAL.PATIENT (PATIENTID,FIRSTNAME,LASTNAME,DOB,GENDER,EMAIL,PHONE,ADDRESS,SSN,COVIDSTATUS,INSURANCEID) values (169,'John','Price',to_date('06-DEC-52','DD-MON-RR'),'Female','JohnPrice@gmail.com',5162503180,'86536 Barnes Track
South Kyle, MT 21570-5606','444-44-4449','PartiallyVaccinated','IN248');
Insert into HOSPITAL.PATIENT (PATIENTID,FIRSTNAME,LASTNAME,DOB,GENDER,EMAIL,PHONE,ADDRESS,SSN,COVIDSTATUS,INSURANCEID) values (170,'Jane','Price',to_date('26-OCT-06','DD-MON-RR'),'Female','JanePrice@gmail.com',5162509451,'586 Timothy Union Suite 592
East Joseph, MO 81374','444-44-4444','NotVaccinated','IN249');
Insert into HOSPITAL.PATIENT (PATIENTID,FIRSTNAME,LASTNAME,DOB,GENDER,EMAIL,PHONE,ADDRESS,SSN,COVIDSTATUS,INSURANCEID) values (171,'Mary','Smith',to_date('10-MAY-88','DD-MON-RR'),'Female','MarySmith@gmail.com',5162503938,'9287 Daniel Rest Apt. 608
Allentown, SD 73050','444-44-4444','NotVaccinated','IN250');
Insert into HOSPITAL.PATIENT (PATIENTID,FIRSTNAME,LASTNAME,DOB,GENDER,EMAIL,PHONE,ADDRESS,SSN,COVIDSTATUS,INSURANCEID) values (172,'John','Doe',to_date('27-DEC-65','DD-MON-RR'),'Male','JohnDoe@gmail.com',5162503061,'8667 Suzanne Motorway Suite 241
Spencechester, KY 74385-4618','444-44-4444','PartiallyVaccinated','IN251');
Insert into HOSPITAL.PATIENT (PATIENTID,FIRSTNAME,LASTNAME,DOB,GENDER,EMAIL,PHONE,ADDRESS,SSN,COVIDSTATUS,INSURANCEID) values (173,'Jane','Johnson',to_date('10-NOV-00','DD-MON-RR'),'Female','JaneJohnson@gmail.com',5162509067,'374 Dana Junctions
Langside, WI 36474','444-44-4444','NotVaccinated','IN252');
Insert into HOSPITAL.PATIENT (PATIENTID,FIRSTNAME,LASTNAME,DOB,GENDER,EMAIL,PHONE,ADDRESS,SSN,COVIDSTATUS,INSURANCEID) values (174,'Mike','Williams',to_date('06-FEB-32','DD-MON-RR'),'Male','MikeWilliams@gmail.com',5162501395,'9847 Michael Plaza Suite 837
Lake Christophershire, NV 87324-8427','444-44-4444','PartiallyVaccinated','IN253');
Insert into HOSPITAL.PATIENT (PATIENTID,FIRSTNAME,LASTNAME,DOB,GENDER,EMAIL,PHONE,ADDRESS,SSN,COVIDSTATUS,INSURANCEID) values (175,'Bill','Jones',to_date('08-AUG-79','DD-MON-RR'),'Female','BillJones@gmail.com',5162501772,'353 Jones Loaf Apt. 767
South Michaelburgh, PR 16281-4840','444-44-4445','NotVaccinated','IN254');
Insert into HOSPITAL.PATIENT (PATIENTID,FIRSTNAME,LASTNAME,DOB,GENDER,EMAIL,PHONE,ADDRESS,SSN,COVIDSTATUS,INSURANCEID) values (176,'Karen','Brown',to_date('18-JUN-11','DD-MON-RR'),'Female','KarenBrown@gmail.com',5162505796,'6058 Thomas Divide
Matthewland, PA 89442-8198','444-44-4446','PartiallyVaccinated','IN255');
Insert into HOSPITAL.PATIENT (PATIENTID,FIRSTNAME,LASTNAME,DOB,GENDER,EMAIL,PHONE,ADDRESS,SSN,COVIDSTATUS,INSURANCEID) values (177,'Steve','Miller',to_date('08-JUL-82','DD-MON-RR'),'Female','SteveMiller@gmail.com',5162504046,'8032 Hodge Circle Apt. 255
Lake Jessicashire, OR 54914','444-44-4447','NotVaccinated','IN256');
Insert into HOSPITAL.PATIENT (PATIENTID,FIRSTNAME,LASTNAME,DOB,GENDER,EMAIL,PHONE,ADDRESS,SSN,COVIDSTATUS,INSURANCEID) values (178,'Melissa','Davis',to_date('05-DEC-26','DD-MON-RR'),'Male','MelissaDavis@gmail.com',5162500155,'601 Ashley Loop Suite 162
Port Benjaminview, DE 02456','444-44-4448','NotVaccinated','IN257');
Insert into HOSPITAL.PATIENT (PATIENTID,FIRSTNAME,LASTNAME,DOB,GENDER,EMAIL,PHONE,ADDRESS,SSN,COVIDSTATUS,INSURANCEID) values (179,'Jessica','Anderson',to_date('11-MAR-33','DD-MON-RR'),'Female','JessicaAnderson@gmail.com',5162507571,'16329 Sara Neck Apt. 463
Bryanside, TX 62329','444-44-4449','PartiallyVaccinated','IN258');
Insert into HOSPITAL.PATIENT (PATIENTID,FIRSTNAME,LASTNAME,DOB,GENDER,EMAIL,PHONE,ADDRESS,SSN,COVIDSTATUS,INSURANCEID) values (180,'Sara','Wilson',to_date('15-DEC-31','DD-MON-RR'),'Female','SaraWilson@gmail.com',5162504386,'449 Williamson Lakes Apt. 118
Travisville, AK 06848-0177','444-44-4444','NotVaccinated','IN259');
Insert into HOSPITAL.PATIENT (PATIENTID,FIRSTNAME,LASTNAME,DOB,GENDER,EMAIL,PHONE,ADDRESS,SSN,COVIDSTATUS,INSURANCEID) values (181,'Mark','Thomas',to_date('10-MAR-78','DD-MON-RR'),'Male','MarkThomas@gmail.com',5162500966,'047 Carla Locks
Coreymouth, AR 98066','444-44-4444','Vaccinated','IN260');
Insert into HOSPITAL.PATIENT (PATIENTID,FIRSTNAME,LASTNAME,DOB,GENDER,EMAIL,PHONE,ADDRESS,SSN,COVIDSTATUS,INSURANCEID) values (182,'Nancy','Thompson',to_date('13-OCT-95','DD-MON-RR'),'Male','NancyThompson@gmail.com',5162501173,'757 Amber Gateway Apt. 787
New Stephaniechester, OR 61576-6056','444-44-4444','PartiallyVaccinated','IN261');
Insert into HOSPITAL.PATIENT (PATIENTID,FIRSTNAME,LASTNAME,DOB,GENDER,EMAIL,PHONE,ADDRESS,SSN,COVIDSTATUS,INSURANCEID) values (183,'William','Edwards',to_date('12-JUL-12','DD-MON-RR'),'Female','WilliamEdwards@gmail.com',5162509957,'5183 Michael Ramp
East Lukeburgh, FL 93972','444-44-4444','NotVaccinated','IN262');
Insert into HOSPITAL.PATIENT (PATIENTID,FIRSTNAME,LASTNAME,DOB,GENDER,EMAIL,PHONE,ADDRESS,SSN,COVIDSTATUS,INSURANCEID) values (184,'Christopher','Walker',to_date('18-MAR-10','DD-MON-RR'),'Male','ChristopherWalker@gmail.com',5162504049,'0127 Morgan Fields Apt. 080
Thompsonfurt, ME 01160-7043','444-44-4444','NotVaccinated','IN263');
Insert into HOSPITAL.PATIENT (PATIENTID,FIRSTNAME,LASTNAME,DOB,GENDER,EMAIL,PHONE,ADDRESS,SSN,COVIDSTATUS,INSURANCEID) values (185,'Andrew','Powell',to_date('03-OCT-20','DD-MON-RR'),'Male','AndrewPowell@gmail.com',5162506973,'667 Stephanie Lake Apt. 658
Marthashire, NC 11815-2307','444-44-4445','PartiallyVaccinated','IN264');
Insert into HOSPITAL.PATIENT (PATIENTID,FIRSTNAME,LASTNAME,DOB,GENDER,EMAIL,PHONE,ADDRESS,SSN,COVIDSTATUS,INSURANCEID) values (186,'Rebecca','Long',to_date('19-APR-64','DD-MON-RR'),'Female','RebeccaLong@gmail.com',5162504660,'07867 Horn Lake
West Teresatown, VT 64387-1228','444-44-4446','Vaccinated','IN265');
Insert into HOSPITAL.PATIENT (PATIENTID,FIRSTNAME,LASTNAME,DOB,GENDER,EMAIL,PHONE,ADDRESS,SSN,COVIDSTATUS,INSURANCEID) values (187,'Emily','Smith',to_date('16-AUG-36','DD-MON-RR'),'Male','EmilySmith@gmail.com',5162509280,'55414 Ramirez Union Apt. 614
West Crystal, CA 03845-2631','444-44-4447','NotVaccinated','IN266');
Insert into HOSPITAL.PATIENT (PATIENTID,FIRSTNAME,LASTNAME,DOB,GENDER,EMAIL,PHONE,ADDRESS,SSN,COVIDSTATUS,INSURANCEID) values (188,'Matthew','Jones',to_date('13-APR-27','DD-MON-RR'),'Male','MatthewJones@gmail.com',5162501110,'55479 Peters Field Apt. 702
North Micheleberg, PR 45063','444-44-4448','NotVaccinated','IN267');
Insert into HOSPITAL.PATIENT (PATIENTID,FIRSTNAME,LASTNAME,DOB,GENDER,EMAIL,PHONE,ADDRESS,SSN,COVIDSTATUS,INSURANCEID) values (189,'Ryan','Brown',to_date('19-DEC-65','DD-MON-RR'),'Male','RyanBrown@gmail.com',5162505992,'2491 Yates Crest Suite 316
Connieville, FL 92080-0819','444-44-4449','PartiallyVaccinated','IN268');
Insert into HOSPITAL.PATIENT (PATIENTID,FIRSTNAME,LASTNAME,DOB,GENDER,EMAIL,PHONE,ADDRESS,SSN,COVIDSTATUS,INSURANCEID) values (190,'Lauren','Johnson',to_date('31-AUG-06','DD-MON-RR'),'Male','LaurenJohnson@gmail.com',5162506158,'223 Powell Ridges
East Richardtown, RI 90715-2178','444-44-4444','NotVaccinated','IN269');
Insert into HOSPITAL.PATIENT (PATIENTID,FIRSTNAME,LASTNAME,DOB,GENDER,EMAIL,PHONE,ADDRESS,SSN,COVIDSTATUS,INSURANCEID) values (191,'Lillian','Nguyen',to_date('19-FEB-67','DD-MON-RR'),'Female','LillianNguyen@gmail.com',5162504062,'022 Taylor Mews Suite 692
Hallberg, NJ 53614','444-44-4444','Vaccinated','IN270');
Insert into HOSPITAL.PATIENT (PATIENTID,FIRSTNAME,LASTNAME,DOB,GENDER,EMAIL,PHONE,ADDRESS,SSN,COVIDSTATUS,INSURANCEID) values (192,'Aiden','Tran',to_date('07-MAY-32','DD-MON-RR'),'Male','AidenTran@gmail.com',5162502783,'56674 Melanie Flats
Schneiderberg, IN 66532','444-44-4444','PartiallyVaccinated','IN271');
Insert into HOSPITAL.PATIENT (PATIENTID,FIRSTNAME,LASTNAME,DOB,GENDER,EMAIL,PHONE,ADDRESS,SSN,COVIDSTATUS,INSURANCEID) values (193,'Elijah','Rodriguez',to_date('20-JUL-04','DD-MON-RR'),'Female','ElijahRodriguez@gmail.com',5162509995,'1279 Douglas Mountains
Port Christopherberg, RI 32811-8325','444-44-4444','PartiallyVaccinated','IN272');
Insert into HOSPITAL.PATIENT (PATIENTID,FIRSTNAME,LASTNAME,DOB,GENDER,EMAIL,PHONE,ADDRESS,SSN,COVIDSTATUS,INSURANCEID) values (194,'Emma','Nguyen',to_date('05-MAY-11','DD-MON-RR'),'Female','EmmaNguyen@gmail.com',5162505058,'222 Jason Park
Dominguezshire, NC 98241','444-44-4444','Vaccinated','IN273');
Insert into HOSPITAL.PATIENT (PATIENTID,FIRSTNAME,LASTNAME,DOB,GENDER,EMAIL,PHONE,ADDRESS,SSN,COVIDSTATUS,INSURANCEID) values (195,'Mia','Lopez',to_date('17-SEP-14','DD-MON-RR'),'Female','MiaLopez@gmail.com',5162500605,'6009 Heather Park
Howardhaven, SD 51705-2993','444-44-4445','PartiallyVaccinated','IN274');
Insert into HOSPITAL.PATIENT (PATIENTID,FIRSTNAME,LASTNAME,DOB,GENDER,EMAIL,PHONE,ADDRESS,SSN,COVIDSTATUS,INSURANCEID) values (196,'Noah','Tran',to_date('23-APR-13','DD-MON-RR'),'Female','NoahTran@gmail.com',5162502084,'19123 Craig Isle Apt. 719
Millsmouth, SC 94194','444-44-4446','Vaccinated','IN275');
Insert into HOSPITAL.PATIENT (PATIENTID,FIRSTNAME,LASTNAME,DOB,GENDER,EMAIL,PHONE,ADDRESS,SSN,COVIDSTATUS,INSURANCEID) values (197,'Owen','Kim',to_date('12-FEB-58','DD-MON-RR'),'Female','OwenKim@gmail.com',5162505941,'16068 Kelly Parks
Wrightside, NH 21447','444-44-4447','Vaccinated','IN276');
Insert into HOSPITAL.PATIENT (PATIENTID,FIRSTNAME,LASTNAME,DOB,GENDER,EMAIL,PHONE,ADDRESS,SSN,COVIDSTATUS,INSURANCEID) values (198,'Sophia','Martinez',to_date('15-MAY-71','DD-MON-RR'),'Female','SophiaMartinez@gmail.com',5162507338,'89300 Amber Centers Apt. 879
Victoriaton, VT 98394','444-44-4448','Vaccinated','IN277');
Insert into HOSPITAL.PATIENT (PATIENTID,FIRSTNAME,LASTNAME,DOB,GENDER,EMAIL,PHONE,ADDRESS,SSN,COVIDSTATUS,INSURANCEID) values (199,'Liam','Garcia',to_date('11-MAR-69','DD-MON-RR'),'Female','LiamGarcia@gmail.com',5162508010,'1576 Lane Shoal
Rogerton, PR 63867-3426','444-44-4449','Vaccinated','IN278');
Insert into HOSPITAL.PATIENT (PATIENTID,FIRSTNAME,LASTNAME,DOB,GENDER,EMAIL,PHONE,ADDRESS,SSN,COVIDSTATUS,INSURANCEID) values (200,'Lucas','Hernandez',to_date('16-MAR-19','DD-MON-RR'),'Male','LucasHernandez@gmail.com',9736680644,'120 Micheal Fort Apt. 762
East Patrickbury, WY 65946','444-44-4454','PartiallyVaccinated','IN279');
Insert into HOSPITAL.PATIENT (PATIENTID,FIRSTNAME,LASTNAME,DOB,GENDER,EMAIL,PHONE,ADDRESS,SSN,COVIDSTATUS,INSURANCEID) values (201,'Evelyn','Nguyen',to_date('24-DEC-82','DD-MON-RR'),'Female','EvelynNguyen@gmail.com',9736680912,'338 Graham Loaf Suite 236
East Toddton, FM 43566-4238','555-55-5555','NotVaccinated','IN280');
Insert into HOSPITAL.PATIENT (PATIENTID,FIRSTNAME,LASTNAME,DOB,GENDER,EMAIL,PHONE,ADDRESS,SSN,COVIDSTATUS,INSURANCEID) values (202,'Lydia','Tran',to_date('05-OCT-36','DD-MON-RR'),'Female','LydiaTran@gmail.com',9736686040,'2302 Joshua Park
Millerbury, WA 30239-8144','555-55-5555','PartiallyVaccinated','IN281');
Insert into HOSPITAL.PATIENT (PATIENTID,FIRSTNAME,LASTNAME,DOB,GENDER,EMAIL,PHONE,ADDRESS,SSN,COVIDSTATUS,INSURANCEID) values (203,'Michael','Nguyen',to_date('25-OCT-14','DD-MON-RR'),'Female','MichaelNguyen@gmail.com',9736686857,'70562 Gonzalez Stravenue
Elizabethland, WI 40700-9149','555-55-5555','NotVaccinated','IN282');
Insert into HOSPITAL.PATIENT (PATIENTID,FIRSTNAME,LASTNAME,DOB,GENDER,EMAIL,PHONE,ADDRESS,SSN,COVIDSTATUS,INSURANCEID) values (204,'Benjamin','Kim',to_date('10-MAY-56','DD-MON-RR'),'Female','BenjaminKim@gmail.com',9736681210,'7613 Miguel Knoll Suite 762
West Katherine, WV 19406','555-55-5555','Vaccinated','IN283');
Insert into HOSPITAL.PATIENT (PATIENTID,FIRSTNAME,LASTNAME,DOB,GENDER,EMAIL,PHONE,ADDRESS,SSN,COVIDSTATUS,INSURANCEID) values (205,'Elijah','Nguyen',to_date('01-JUL-78','DD-MON-RR'),'Female','ElijahNguyen@gmail.com',9736682203,'981 David Square
New Jacquelinetown, AK 66018-4092','555-55-5555','PartiallyVaccinated','IN284');
Insert into HOSPITAL.PATIENT (PATIENTID,FIRSTNAME,LASTNAME,DOB,GENDER,EMAIL,PHONE,ADDRESS,SSN,COVIDSTATUS,INSURANCEID) values (206,'Emily','Kim',to_date('06-JUL-58','DD-MON-RR'),'Male','EmilyKim@gmail.com',9736685053,'297 Francis Valley
South Lindsey, NY 13669-5367','555-55-5556','NotVaccinated','IN285');
Insert into HOSPITAL.PATIENT (PATIENTID,FIRSTNAME,LASTNAME,DOB,GENDER,EMAIL,PHONE,ADDRESS,SSN,COVIDSTATUS,INSURANCEID) values (207,'Emma','Hernandez',to_date('18-MAY-86','DD-MON-RR'),'Male','EmmaHernandez@gmail.com',9736686718,'Unit 4065 Box 2267
DPO AE 69180-7372','555-55-5557','PartiallyVaccinated','IN286');
Insert into HOSPITAL.PATIENT (PATIENTID,FIRSTNAME,LASTNAME,DOB,GENDER,EMAIL,PHONE,ADDRESS,SSN,COVIDSTATUS,INSURANCEID) values (208,'Benjamin','Tran',to_date('06-DEC-80','DD-MON-RR'),'Female','BenjaminTran@gmail.com',9736681706,'988 Matthew Plaza
Lake Jacobshire, AL 37889','555-55-5558','PartiallyVaccinated','IN287');
Insert into HOSPITAL.PATIENT (PATIENTID,FIRSTNAME,LASTNAME,DOB,GENDER,EMAIL,PHONE,ADDRESS,SSN,COVIDSTATUS,INSURANCEID) values (209,'Chloe','Garcia',to_date('11-JUL-61','DD-MON-RR'),'Male','ChloeGarcia@gmail.com',9736683729,'870 Dennis Throughway
Wilsonport, PW 12658','555-55-5559','NotVaccinated','IN288');
Insert into HOSPITAL.PATIENT (PATIENTID,FIRSTNAME,LASTNAME,DOB,GENDER,EMAIL,PHONE,ADDRESS,SSN,COVIDSTATUS,INSURANCEID) values (210,'David','Martinez',to_date('08-FEB-27','DD-MON-RR'),'Male','DavidMartinez@gmail.com',9736686890,'50593 Wells Roads Apt. 110
South Amy, MI 06969-2026','555-55-5555','PartiallyVaccinated','IN289');
Insert into HOSPITAL.PATIENT (PATIENTID,FIRSTNAME,LASTNAME,DOB,GENDER,EMAIL,PHONE,ADDRESS,SSN,COVIDSTATUS,INSURANCEID) values (211,'Evelyn','Hernandez',to_date('17-DEC-96','DD-MON-RR'),'Female','EvelynHernandez@gmail.com',9736683367,'15863 Harrington Glens Suite 012
Marystad, LA 50652-8210','555-55-5555','PartiallyVaccinated','IN290');
Insert into HOSPITAL.PATIENT (PATIENTID,FIRSTNAME,LASTNAME,DOB,GENDER,EMAIL,PHONE,ADDRESS,SSN,COVIDSTATUS,INSURANCEID) values (212,'George','Lopez',to_date('11-FEB-13','DD-MON-RR'),'Female','GeorgeLopez@gmail.com',9736684473,'9580 Clark Trail Suite 687
Williamsside, FM 57367','555-55-5555','PartiallyVaccinated','IN291');
Insert into HOSPITAL.PATIENT (PATIENTID,FIRSTNAME,LASTNAME,DOB,GENDER,EMAIL,PHONE,ADDRESS,SSN,COVIDSTATUS,INSURANCEID) values (213,'Jacob','Rodriguez',to_date('12-DEC-90','DD-MON-RR'),'Female','JacobRodriguez@gmail.com',9736686623,'1470 Kathleen Pass
South Christopherberg, SD 22850','555-55-5555','NotVaccinated','IN292');
Insert into HOSPITAL.PATIENT (PATIENTID,FIRSTNAME,LASTNAME,DOB,GENDER,EMAIL,PHONE,ADDRESS,SSN,COVIDSTATUS,INSURANCEID) values (214,'Jason','Kim',to_date('19-DEC-31','DD-MON-RR'),'Female','JasonKim@gmail.com',9736686066,'1995 Susan Locks Suite 760
East Cheryl, AR 37103-5176','555-55-5555','PartiallyVaccinated','IN293');
Insert into HOSPITAL.PATIENT (PATIENTID,FIRSTNAME,LASTNAME,DOB,GENDER,EMAIL,PHONE,ADDRESS,SSN,COVIDSTATUS,INSURANCEID) values (215,'.Jonathan','Martinez',to_date('25-AUG-14','DD-MON-RR'),'Male','.JonathanMartinez@gmail.com',9736681974,'20888 Erin Via
Grahamville, NH 72913-6101','555-55-5555','PartiallyVaccinated','IN294');
Insert into HOSPITAL.PATIENT (PATIENTID,FIRSTNAME,LASTNAME,DOB,GENDER,EMAIL,PHONE,ADDRESS,SSN,COVIDSTATUS,INSURANCEID) values (216,'Joseph','Garcia',to_date('14-JUN-84','DD-MON-RR'),'Female','JosephGarcia@gmail.com',9736685092,'03065 Henry Courts Suite 443
Derekstad, VT 88473','555-55-5556','NotVaccinated','IN295');
Insert into HOSPITAL.PATIENT (PATIENTID,FIRSTNAME,LASTNAME,DOB,GENDER,EMAIL,PHONE,ADDRESS,SSN,COVIDSTATUS,INSURANCEID) values (217,'Joshua','Kim',to_date('03-DEC-10','DD-MON-RR'),'Female','JoshuaKim@gmail.com',9736686987,'1416 Rachel Crescent
West Laurieside, IL 81119-7229','555-55-5557','Vaccinated','IN296');
Insert into HOSPITAL.PATIENT (PATIENTID,FIRSTNAME,LASTNAME,DOB,GENDER,EMAIL,PHONE,ADDRESS,SSN,COVIDSTATUS,INSURANCEID) values (218,'Juana','Hernandez',to_date('01-JUL-23','DD-MON-RR'),'Male','JuanaHernandez@gmail.com',9736680693,'20618 David Square
Gayland, HI 78719-9628','555-55-5558','PartiallyVaccinated','IN297');
Insert into HOSPITAL.PATIENT (PATIENTID,FIRSTNAME,LASTNAME,DOB,GENDER,EMAIL,PHONE,ADDRESS,SSN,COVIDSTATUS,INSURANCEID) values (219,'Kayla','Lopez',to_date('23-SEP-12','DD-MON-RR'),'Female','KaylaLopez@gmail.com',9736681010,'2781 Matthew Wells Apt. 569
Potterview, KS 50763-8282','555-55-5559','PartiallyVaccinated','IN298');
Insert into HOSPITAL.PATIENT (PATIENTID,FIRSTNAME,LASTNAME,DOB,GENDER,EMAIL,PHONE,ADDRESS,SSN,COVIDSTATUS,INSURANCEID) values (220,'Katherine','Martinez',to_date('24-SEP-33','DD-MON-RR'),'Female','KatherineMartinez@gmail.com',9736684582,'13044 Woods Heights
Andreamouth, ND 52317-6007','555-55-5555','PartiallyVaccinated','IN299');
Insert into HOSPITAL.PATIENT (PATIENTID,FIRSTNAME,LASTNAME,DOB,GENDER,EMAIL,PHONE,ADDRESS,SSN,COVIDSTATUS,INSURANCEID) values (221,'Kimberly','Garcia',to_date('31-AUG-73','DD-MON-RR'),'Male','KimberlyGarcia@gmail.com',9736680647,'791 Allen Trafficway Suite 776
Christopherland, DC 41460','555-55-5555','PartiallyVaccinated','IN300');
Insert into HOSPITAL.PATIENT (PATIENTID,FIRSTNAME,LASTNAME,DOB,GENDER,EMAIL,PHONE,ADDRESS,SSN,COVIDSTATUS,INSURANCEID) values (222,'Laura','Kim',to_date('13-SEP-22','DD-MON-RR'),'Male','LauraKim@gmail.com',9736689789,'36192 Ho Spring
New Michael, RI 65851-6369','555-55-5555','Vaccinated','IN301');
Insert into HOSPITAL.PATIENT (PATIENTID,FIRSTNAME,LASTNAME,DOB,GENDER,EMAIL,PHONE,ADDRESS,SSN,COVIDSTATUS,INSURANCEID) values (223,'Lucas','Hernandezz',to_date('10-NOV-92','DD-MON-RR'),'Female','LucasHernandezz@gmail.com',9736686691,'40494 Robert Park
Heatherside, IL 70364','555-55-5555','Vaccinated','IN302');
Insert into HOSPITAL.PATIENT (PATIENTID,FIRSTNAME,LASTNAME,DOB,GENDER,EMAIL,PHONE,ADDRESS,SSN,COVIDSTATUS,INSURANCEID) values (224,'Maria','Kim',to_date('19-MAR-86','DD-MON-RR'),'Male','MariaKim@gmail.com',9736680350,'446 Daniel Rest Suite 644
Port Matthewhaven, MN 89465','555-55-5555','NotVaccinated','IN303');
Insert into HOSPITAL.PATIENT (PATIENTID,FIRSTNAME,LASTNAME,DOB,GENDER,EMAIL,PHONE,ADDRESS,SSN,COVIDSTATUS,INSURANCEID) values (225,'Martinez','kia',to_date('30-NOV-26','DD-MON-RR'),'Male','Martinezkia@gmail.com',9736685518,'96393 Joshua Rapids
Jonesview, VA 58733','555-55-5555','Vaccinated','IN304');
Insert into HOSPITAL.PATIENT (PATIENTID,FIRSTNAME,LASTNAME,DOB,GENDER,EMAIL,PHONE,ADDRESS,SSN,COVIDSTATUS,INSURANCEID) values (226,'Matthew','Nguyen',to_date('07-DEC-52','DD-MON-RR'),'Male','MatthewNguyen@gmail.com',9736684679,'Unit 7032 Box 7016
DPO AE 44749-2992','555-55-5556','Vaccinated','IN305');
Insert into HOSPITAL.PATIENT (PATIENTID,FIRSTNAME,LASTNAME,DOB,GENDER,EMAIL,PHONE,ADDRESS,SSN,COVIDSTATUS,INSURANCEID) values (227,'Michelle','Hernandez',to_date('09-OCT-43','DD-MON-RR'),'Male','MichelleHernandez@gmail.com',9736682436,'4800 Ashley Spur Apt. 347
Dannyfort, GA 23352','555-55-5557','PartiallyVaccinated','IN306');
Insert into HOSPITAL.PATIENT (PATIENTID,FIRSTNAME,LASTNAME,DOB,GENDER,EMAIL,PHONE,ADDRESS,SSN,COVIDSTATUS,INSURANCEID) values (228,'Miguel','Lopez',to_date('11-AUG-31','DD-MON-RR'),'Male','MiguelLopez@gmail.com',9736685399,'13693 Cox Falls Apt. 693
Padillaview, PW 28998-0386','555-55-5558','NotVaccinated','IN307');
Insert into HOSPITAL.PATIENT (PATIENTID,FIRSTNAME,LASTNAME,DOB,GENDER,EMAIL,PHONE,ADDRESS,SSN,COVIDSTATUS,INSURANCEID) values (229,'Nathan','Kim',to_date('28-JUL-04','DD-MON-RR'),'Female','NathanKim@gmail.com',9736688861,'40288 Stephens Corner Apt. 221
West Stephanie, OK 55617-4332','555-55-5559','NotVaccinated','IN308');
Insert into HOSPITAL.PATIENT (PATIENTID,FIRSTNAME,LASTNAME,DOB,GENDER,EMAIL,PHONE,ADDRESS,SSN,COVIDSTATUS,INSURANCEID) values (230,'Nicole','Tran',to_date('20-MAY-66','DD-MON-RR'),'Female','NicoleTran@gmail.com',9736685297,'63872 Chavez Lodge
Danielton, NJ 85847','555-55-5555','PartiallyVaccinated','IN309');
Insert into HOSPITAL.PATIENT (PATIENTID,FIRSTNAME,LASTNAME,DOB,GENDER,EMAIL,PHONE,ADDRESS,SSN,COVIDSTATUS,INSURANCEID) values (231,'Olivia','Nguyen',to_date('18-JAN-38','DD-MON-RR'),'Male','OliviaNguyen@gmail.com',9736689404,'28942 Bradford Crescent
New Morganfurt, MD 77162-0478','555-55-5555','NotVaccinated','IN310');
Insert into HOSPITAL.PATIENT (PATIENTID,FIRSTNAME,LASTNAME,DOB,GENDER,EMAIL,PHONE,ADDRESS,SSN,COVIDSTATUS,INSURANCEID) values (232,'Owen','Tran',to_date('22-DEC-17','DD-MON-RR'),'Female','OwenTran@gmail.com',9736689260,'1768 Rosales Ford Apt. 793
Lake Markbury, SC 31567','555-55-5555','PartiallyVaccinated','IN311');
Insert into HOSPITAL.PATIENT (PATIENTID,FIRSTNAME,LASTNAME,DOB,GENDER,EMAIL,PHONE,ADDRESS,SSN,COVIDSTATUS,INSURANCEID) values (233,'Rachel','Kim',to_date('19-FEB-74','DD-MON-RR'),'Female','RachelKim@gmail.com',9736684959,'496 Bush Turnpike Apt. 674
Donnabury, OR 32596-0079','555-55-5555','NotVaccinated','IN312');
Insert into HOSPITAL.PATIENT (PATIENTID,FIRSTNAME,LASTNAME,DOB,GENDER,EMAIL,PHONE,ADDRESS,SSN,COVIDSTATUS,INSURANCEID) values (234,'Raymond','Hernandez',to_date('04-SEP-32','DD-MON-RR'),'Female','RaymondHernandez@gmail.com',9736683918,'981 Matthew Valley Apt. 621
Lake Tracyburgh, NM 33288-1364','555-55-5555','NotVaccinated','IN313');
Insert into HOSPITAL.PATIENT (PATIENTID,FIRSTNAME,LASTNAME,DOB,GENDER,EMAIL,PHONE,ADDRESS,SSN,COVIDSTATUS,INSURANCEID) values (235,'Ryan','Tran',to_date('08-MAR-83','DD-MON-RR'),'Male','RyanTran@gmail.com',9736685552,'2583 Mark Springs
Lake Robert, AL 40928','555-55-5555','NotVaccinated','IN314');
Insert into HOSPITAL.PATIENT (PATIENTID,FIRSTNAME,LASTNAME,DOB,GENDER,EMAIL,PHONE,ADDRESS,SSN,COVIDSTATUS,INSURANCEID) values (236,'Samantha','Kim',to_date('11-JUN-26','DD-MON-RR'),'Male','SamanthaKim@gmail.com',9736688912,'04140 Cameron Brooks Apt. 724
South Laurenberg, HI 08562','555-55-5556','PartiallyVaccinated','IN315');
Insert into HOSPITAL.PATIENT (PATIENTID,FIRSTNAME,LASTNAME,DOB,GENDER,EMAIL,PHONE,ADDRESS,SSN,COVIDSTATUS,INSURANCEID) values (237,'Sarah','Kim',to_date('04-NOV-71','DD-MON-RR'),'Female','SarahKim@gmail.com',9736688382,'2086 Lisa View
Ortegabury, MI 43544','555-55-5557','Vaccinated','IN316');
Insert into HOSPITAL.PATIENT (PATIENTID,FIRSTNAME,LASTNAME,DOB,GENDER,EMAIL,PHONE,ADDRESS,SSN,COVIDSTATUS,INSURANCEID) values (238,'Sophia','Kim',to_date('05-MAR-38','DD-MON-RR'),'Female','SophiaKim@gmail.com',9736684828,'388 Kelly Pike
West Jeffery, DE 44039-7785','555-55-5558','PartiallyVaccinated','IN317');
Insert into HOSPITAL.PATIENT (PATIENTID,FIRSTNAME,LASTNAME,DOB,GENDER,EMAIL,PHONE,ADDRESS,SSN,COVIDSTATUS,INSURANCEID) values (239,'Stephanie','Kim',to_date('25-MAR-77','DD-MON-RR'),'Male','StephanieKim@gmail.com',9736686730,'USCGC Hernandez
FPO AE 53064','555-55-5559','Vaccinated','IN318');
Insert into HOSPITAL.PATIENT (PATIENTID,FIRSTNAME,LASTNAME,DOB,GENDER,EMAIL,PHONE,ADDRESS,SSN,COVIDSTATUS,INSURANCEID) values (240,'Steven','Lopez',to_date('10-APR-50','DD-MON-RR'),'Male','StevenLopez@gmail.com',9736680115,'91425 Roy Trail
Rivaston, NE 34949-2588','555-55-5555','Vaccinated','IN319');
Insert into HOSPITAL.PATIENT (PATIENTID,FIRSTNAME,LASTNAME,DOB,GENDER,EMAIL,PHONE,ADDRESS,SSN,COVIDSTATUS,INSURANCEID) values (241,'Tyler','Tran',to_date('23-FEB-82','DD-MON-RR'),'Male','TylerTran@gmail.com',9736681136,'16763 Melissa Creek Suite 367
North Keithland, PW 29458','555-55-5555','PartiallyVaccinated','IN320');
Insert into HOSPITAL.PATIENT (PATIENTID,FIRSTNAME,LASTNAME,DOB,GENDER,EMAIL,PHONE,ADDRESS,SSN,COVIDSTATUS,INSURANCEID) values (242,'Vanessa','Martinez',to_date('04-DEC-46','DD-MON-RR'),'Female','VanessaMartinez@gmail.com',9736685217,'81814 Pratt Squares Suite 460
North Robert, GU 77741-1307','555-55-5555','NotVaccinated','IN321');
Insert into HOSPITAL.PATIENT (PATIENTID,FIRSTNAME,LASTNAME,DOB,GENDER,EMAIL,PHONE,ADDRESS,SSN,COVIDSTATUS,INSURANCEID) values (243,'William','Garcia',to_date('01-MAY-65','DD-MON-RR'),'Male','WilliamGarcia@gmail.com',9736684730,'2380 Fisher Neck Suite 233
Brianland, AZ 34453-0625','555-55-5555','NotVaccinated','IN322');
Insert into HOSPITAL.PATIENT (PATIENTID,FIRSTNAME,LASTNAME,DOB,GENDER,EMAIL,PHONE,ADDRESS,SSN,COVIDSTATUS,INSURANCEID) values (244,'Wyatt','Tran',to_date('12-FEB-90','DD-MON-RR'),'Male','WyattTran@gmail.com',9736688714,'22630 Bell Centers Suite 030
North Danielport, FM 31756','555-55-5555','Vaccinated','IN323');
Insert into HOSPITAL.PATIENT (PATIENTID,FIRSTNAME,LASTNAME,DOB,GENDER,EMAIL,PHONE,ADDRESS,SSN,COVIDSTATUS,INSURANCEID) values (245,'Zoe','Tran',to_date('13-FEB-21','DD-MON-RR'),'Female','ZoeTran@gmail.com',9736684880,'0030 Mathis Square Suite 154
South Jadehaven, AR 33997-4450','555-55-5555','NotVaccinated','IN324');
Insert into HOSPITAL.PATIENT (PATIENTID,FIRSTNAME,LASTNAME,DOB,GENDER,EMAIL,PHONE,ADDRESS,SSN,COVIDSTATUS,INSURANCEID) values (246,'Aaron','Kim',to_date('17-OCT-94','DD-MON-RR'),'Male','AaronKim@gmail.com',9736684060,'76778 Underwood Knoll
New Gregory, ID 57323','555-55-5556','PartiallyVaccinated','IN325');
Insert into HOSPITAL.PATIENT (PATIENTID,FIRSTNAME,LASTNAME,DOB,GENDER,EMAIL,PHONE,ADDRESS,SSN,COVIDSTATUS,INSURANCEID) values (247,'Abby','Tran',to_date('17-MAR-05','DD-MON-RR'),'Male','AbbyTran@gmail.com',9736680270,'61629 Johnson Underpass
New Eric, MI 92352-5044','555-55-5557','Vaccinated','IN326');
Insert into HOSPITAL.PATIENT (PATIENTID,FIRSTNAME,LASTNAME,DOB,GENDER,EMAIL,PHONE,ADDRESS,SSN,COVIDSTATUS,INSURANCEID) values (1,'John','Doen',to_date('18-FEB-67','DD-MON-RR'),'Male','JohnDoen@gmail.com',3128664145,'835 Frank Tunnel
Wrightmouth, MI 82180-9605','211-11-2111','Vaccinated','IN49');
Insert into HOSPITAL.PATIENT (PATIENTID,FIRSTNAME,LASTNAME,DOB,GENDER,EMAIL,PHONE,ADDRESS,SSN,COVIDSTATUS,INSURANCEID) values (2,'Jane','Smithh',to_date('28-NOV-82','DD-MON-RR'),'Female','JaneSmithh@gmail.com',3128661689,'4547 Archer Common
Diazchester, CA 06566-8576','211-11-2112','PartiallyVaccinated','IN50');
Insert into HOSPITAL.PATIENT (PATIENTID,FIRSTNAME,LASTNAME,DOB,GENDER,EMAIL,PHONE,ADDRESS,SSN,COVIDSTATUS,INSURANCEID) values (3,'Robert','Johnson',to_date('08-JUL-01','DD-MON-RR'),'Male','RobertJohnson@gmail.com',3128665868,'24645 Valerie Unions Suite 582
Cobbborough, DC 99414-7564','211-11-2113','Vaccinated','IN51');
Insert into HOSPITAL.PATIENT (PATIENTID,FIRSTNAME,LASTNAME,DOB,GENDER,EMAIL,PHONE,ADDRESS,SSN,COVIDSTATUS,INSURANCEID) values (4,'Mary','Williams',to_date('05-OCT-43','DD-MON-RR'),'Male','MaryWilliams@gmail.com',3128664819,'1414 David Throughway
Port Jason, OH 22070-1220','211-11-2114','PartiallyVaccinated','IN52');
Insert into HOSPITAL.PATIENT (PATIENTID,FIRSTNAME,LASTNAME,DOB,GENDER,EMAIL,PHONE,ADDRESS,SSN,COVIDSTATUS,INSURANCEID) values (5,'Christopher','Jonnes',to_date('21-OCT-01','DD-MON-RR'),'Male','ChristopherJonnes@gmail.com',3128664247,'14023 Rodriguez Passage
Port Jacobville, PR 37242-1057','211-11-2115','PartiallyVaccinated','IN53');
Insert into HOSPITAL.PATIENT (PATIENTID,FIRSTNAME,LASTNAME,DOB,GENDER,EMAIL,PHONE,ADDRESS,SSN,COVIDSTATUS,INSURANCEID) values (6,'Patricia','Brown',to_date('25-JUN-95','DD-MON-RR'),'Male','PatriciaBrown@gmail.com',3128664570,'645 Martha Park Apt. 611
Jeffreychester, MN 67218-7250','211-11-2116','Vaccinated','IN54');
Insert into HOSPITAL.PATIENT (PATIENTID,FIRSTNAME,LASTNAME,DOB,GENDER,EMAIL,PHONE,ADDRESS,SSN,COVIDSTATUS,INSURANCEID) values (7,'Kenneth','Miller',to_date('01-JUL-50','DD-MON-RR'),'Female','KennethMiller@gmail.com',3128664783,'68388 Reyes Lights Suite 692
Josephbury, WV 92213-0247','211-11-2117','PartiallyVaccinated','IN55');
Insert into HOSPITAL.PATIENT (PATIENTID,FIRSTNAME,LASTNAME,DOB,GENDER,EMAIL,PHONE,ADDRESS,SSN,COVIDSTATUS,INSURANCEID) values (8,'Susan','Davis',to_date('21-JUN-27','DD-MON-RR'),'Male','SusanDavis@gmail.com',3128663401,'Unit 6538 Box 8980
DPO AP 09026-4941','211-11-2118','PartiallyVaccinated','IN56');
Insert into HOSPITAL.PATIENT (PATIENTID,FIRSTNAME,LASTNAME,DOB,GENDER,EMAIL,PHONE,ADDRESS,SSN,COVIDSTATUS,INSURANCEID) values (9,'Donald','Moore',to_date('08-FEB-61','DD-MON-RR'),'Male','DonaldMoore@gmail.com',3128665527,'860 Lee Key
West Debra, SD 97450-0495','211-11-2119','PartiallyVaccinated','IN57');
Insert into HOSPITAL.PATIENT (PATIENTID,FIRSTNAME,LASTNAME,DOB,GENDER,EMAIL,PHONE,ADDRESS,SSN,COVIDSTATUS,INSURANCEID) values (10,'Barbara','Thompson',to_date('04-APR-48','DD-MON-RR'),'Female','BarbaraThompson@gmail.com',3128665029,'PSC 2734, Box 5255
APO AA 98456-7482','211-11-2111','Vaccinated','IN58');
Insert into HOSPITAL.PATIENT (PATIENTID,FIRSTNAME,LASTNAME,DOB,GENDER,EMAIL,PHONE,ADDRESS,SSN,COVIDSTATUS,INSURANCEID) values (11,'George','White',to_date('26-JAN-65','DD-MON-RR'),'Male','GeorgeWhite@gmail.com',3128661851,'26104 Alexander Groves
Alexandriaport, WY 28244-9149','211-11-2111','PartiallyVaccinated','IN59');
Insert into HOSPITAL.PATIENT (PATIENTID,FIRSTNAME,LASTNAME,DOB,GENDER,EMAIL,PHONE,ADDRESS,SSN,COVIDSTATUS,INSURANCEID) values (12,'Nancy','Green',to_date('07-JUL-73','DD-MON-RR'),'Male','NancyGreen@gmail.com',3128668457,'Unit 2413 Box 0347
DPO AA 07580-2652','211-11-2112','NotVaccinated','IN60');
Insert into HOSPITAL.PATIENT (PATIENTID,FIRSTNAME,LASTNAME,DOB,GENDER,EMAIL,PHONE,ADDRESS,SSN,COVIDSTATUS,INSURANCEID) values (13,'Ronald','Taylor',to_date('18-APR-21','DD-MON-RR'),'Male','RonaldTaylor@gmail.com',3128662956,'6705 Miller Orchard Suite 186
Lake Shanestad, MO 75696-5051','211-11-2113','NotVaccinated','IN61');
Insert into HOSPITAL.PATIENT (PATIENTID,FIRSTNAME,LASTNAME,DOB,GENDER,EMAIL,PHONE,ADDRESS,SSN,COVIDSTATUS,INSURANCEID) values (14,'Jennifer','Martinez',to_date('11-JUN-54','DD-MON-RR'),'Female','JenniferMartinez@gmail.com',3128663669,'05302 Dunlap Ferry
New Stephaniehaven, MP 42268','211-11-2114','NotVaccinated','IN62');
Insert into HOSPITAL.PATIENT (PATIENTID,FIRSTNAME,LASTNAME,DOB,GENDER,EMAIL,PHONE,ADDRESS,SSN,COVIDSTATUS,INSURANCEID) values (15,'Timothy','Robinson',to_date('04-MAR-57','DD-MON-RR'),'Male','TimothyRobinson@gmail.com',3128662407,'7773 Powell Springs Suite 190
Samanthaland, ND 44358','211-11-2115','PartiallyVaccinated','IN63');
Insert into HOSPITAL.PATIENT (PATIENTID,FIRSTNAME,LASTNAME,DOB,GENDER,EMAIL,PHONE,ADDRESS,SSN,COVIDSTATUS,INSURANCEID) values (16,'Jason','Walker',to_date('18-APR-51','DD-MON-RR'),'Female','JasonWalker@gmail.com',3128666757,'49558 Ramirez Road Suite 399
Phillipstad, OH 35641-3238','211-11-2116','NotVaccinated','IN64');
Insert into HOSPITAL.PATIENT (PATIENTID,FIRSTNAME,LASTNAME,DOB,GENDER,EMAIL,PHONE,ADDRESS,SSN,COVIDSTATUS,INSURANCEID) values (17,'Michelle','Clark',to_date('19-APR-07','DD-MON-RR'),'Male','MichelleClark@gmail.com',3128662193,'6362 Wilson Mountain
Johnsonfurt, GA 15169','211-11-2117','Vaccinated','IN65');
Insert into HOSPITAL.PATIENT (PATIENTID,FIRSTNAME,LASTNAME,DOB,GENDER,EMAIL,PHONE,ADDRESS,SSN,COVIDSTATUS,INSURANCEID) values (18,'Melissa','Torres',to_date('18-SEP-36','DD-MON-RR'),'Male','MelissaTorres@gmail.com',3128669859,'8982 Burton Row
Wilsonton, PW 88606','211-11-2118','Vaccinated','IN66');
Insert into HOSPITAL.PATIENT (PATIENTID,FIRSTNAME,LASTNAME,DOB,GENDER,EMAIL,PHONE,ADDRESS,SSN,COVIDSTATUS,INSURANCEID) values (19,'Ryan','Nguyen',to_date('20-MAY-28','DD-MON-RR'),'Female','RyanNguyen@gmail.com',3128669375,'64475 Andre Club Apt. 795
Port Dannytown, PW 63227','211-11-2119','NotVaccinated','IN67');
Insert into HOSPITAL.PATIENT (PATIENTID,FIRSTNAME,LASTNAME,DOB,GENDER,EMAIL,PHONE,ADDRESS,SSN,COVIDSTATUS,INSURANCEID) values (20,'Andrew','Edwards',to_date('19-SEP-33','DD-MON-RR'),'Male','AndrewEdwards@gmail.com',3128666630,'544 Alexander Heights Suite 768
North Johnview, MT 57912','211-11-2121','NotVaccinated','IN68');
Insert into HOSPITAL.PATIENT (PATIENTID,FIRSTNAME,LASTNAME,DOB,GENDER,EMAIL,PHONE,ADDRESS,SSN,COVIDSTATUS,INSURANCEID) values (21,'Stephanie','Perez',to_date('26-MAY-50','DD-MON-RR'),'Male','StephaniePerez@gmail.com',3128663271,'84426 Julia Vista
North Teresa, KY 50756','211-11-2121','Vaccinated','IN69');
Insert into HOSPITAL.PATIENT (PATIENTID,FIRSTNAME,LASTNAME,DOB,GENDER,EMAIL,PHONE,ADDRESS,SSN,COVIDSTATUS,INSURANCEID) values (22,'Gregory','Brooks',to_date('08-MAR-72','DD-MON-RR'),'Female','GregoryBrooks@gmail.com',3128669523,'PSC 2490, Box 2120
APO AE 15445-2876','211-11-2122','Vaccinated','IN70');
Insert into HOSPITAL.PATIENT (PATIENTID,FIRSTNAME,LASTNAME,DOB,GENDER,EMAIL,PHONE,ADDRESS,SSN,COVIDSTATUS,INSURANCEID) values (23,'Sarah','Flores',to_date('19-NOV-15','DD-MON-RR'),'Male','SarahFlores@gmail.com',3128667903,'PSC 5723, Box 8159
APO AA 74738','211-11-2123','NotVaccinated','IN71');
Insert into HOSPITAL.PATIENT (PATIENTID,FIRSTNAME,LASTNAME,DOB,GENDER,EMAIL,PHONE,ADDRESS,SSN,COVIDSTATUS,INSURANCEID) values (24,'Timothy','Wright',to_date('20-JAN-33','DD-MON-RR'),'Male','TimothyWright@gmail.com',3128668763,'USNS Cardenas
FPO AA 85439-9449','211-11-2124','NotVaccinated','IN72');
Insert into HOSPITAL.PATIENT (PATIENTID,FIRSTNAME,LASTNAME,DOB,GENDER,EMAIL,PHONE,ADDRESS,SSN,COVIDSTATUS,INSURANCEID) values (25,'Joshua','Bennett',to_date('02-APR-75','DD-MON-RR'),'Male','JoshuaBennett@gmail.com',3128661264,'019 Elliott Tunnel Suite 190
Nicholsbury, WV 60804-4440','211-11-2125','Vaccinated','IN73');
Insert into HOSPITAL.PATIENT (PATIENTID,FIRSTNAME,LASTNAME,DOB,GENDER,EMAIL,PHONE,ADDRESS,SSN,COVIDSTATUS,INSURANCEID) values (26,'Angela','Russell',to_date('21-OCT-70','DD-MON-RR'),'Female','AngelaRussell@gmail.com',3128664401,'9495 Mary Fall Apt. 777
Glassport, ND 17957-5596','211-11-2126','NotVaccinated','IN74');
Insert into HOSPITAL.PATIENT (PATIENTID,FIRSTNAME,LASTNAME,DOB,GENDER,EMAIL,PHONE,ADDRESS,SSN,COVIDSTATUS,INSURANCEID) values (27,'Daniela','Garcia',to_date('13-OCT-62','DD-MON-RR'),'Male','DanielaGarcia@gmail.com',3128669931,'657 Judith Crossroad
Hancockchester, VI 75658-5788','211-11-2127','PartiallyVaccinated','IN75');
Insert into HOSPITAL.PATIENT (PATIENTID,FIRSTNAME,LASTNAME,DOB,GENDER,EMAIL,PHONE,ADDRESS,SSN,COVIDSTATUS,INSURANCEID) values (28,'Jesse','Campos',to_date('14-SEP-27','DD-MON-RR'),'Male','JesseCampos@gmail.com',3128660886,'8522 Regina Port Suite 782
Port Kaitlin, TX 50501-7264','211-11-2128','PartiallyVaccinated','IN76');
Insert into HOSPITAL.PATIENT (PATIENTID,FIRSTNAME,LASTNAME,DOB,GENDER,EMAIL,PHONE,ADDRESS,SSN,COVIDSTATUS,INSURANCEID) values (29,'Thomas','Gutierrez',to_date('14-APR-77','DD-MON-RR'),'Male','ThomasGutierrez@gmail.com',3128662173,'40000 Ann Port Suite 474
Youngberg, MS 03651','211-11-2129','PartiallyVaccinated','IN77');
Insert into HOSPITAL.PATIENT (PATIENTID,FIRSTNAME,LASTNAME,DOB,GENDER,EMAIL,PHONE,ADDRESS,SSN,COVIDSTATUS,INSURANCEID) values (30,'Alan','Bradley',to_date('06-NOV-45','DD-MON-RR'),'Female','AlanBradley@gmail.com',3128668237,'9507 Robert Prairie Apt. 601
East Crystalview, SC 56814','211-11-2131','Vaccinated','IN78');
Insert into HOSPITAL.PATIENT (PATIENTID,FIRSTNAME,LASTNAME,DOB,GENDER,EMAIL,PHONE,ADDRESS,SSN,COVIDSTATUS,INSURANCEID) values (31,'Brenda','Moreno',to_date('13-DEC-22','DD-MON-RR'),'Male','BrendaMoreno@gmail.com',3128663895,'0772 Michael Isle Suite 617
Meyerstown, WA 45449-6768','211-11-2131','Vaccinated','IN79');
Insert into HOSPITAL.PATIENT (PATIENTID,FIRSTNAME,LASTNAME,DOB,GENDER,EMAIL,PHONE,ADDRESS,SSN,COVIDSTATUS,INSURANCEID) values (32,'Nicole','Alvarez',to_date('18-MAY-18','DD-MON-RR'),'Male','NicoleAlvarez@gmail.com',3128667531,'739 David Isle Suite 818
Chandlertown, DC 34587','211-11-2132','Vaccinated','IN80');
Insert into HOSPITAL.PATIENT (PATIENTID,FIRSTNAME,LASTNAME,DOB,GENDER,EMAIL,PHONE,ADDRESS,SSN,COVIDSTATUS,INSURANCEID) values (33,'Edward','Mendoza',to_date('11-JAN-61','DD-MON-RR'),'Male','EdwardMendoza@gmail.com',3128661743,'USCGC Gill
FPO AA 26496','211-11-2133','NotVaccinated','IN81');
Insert into HOSPITAL.PATIENT (PATIENTID,FIRSTNAME,LASTNAME,DOB,GENDER,EMAIL,PHONE,ADDRESS,SSN,COVIDSTATUS,INSURANCEID) values (34,'Kimberly','Medina',to_date('26-FEB-00','DD-MON-RR'),'Female','KimberlyMedina@gmail.com',3128665955,'5277 Patel Brook
East Audrey, NJ 19075','211-11-2134','PartiallyVaccinated','IN82');
Insert into HOSPITAL.PATIENT (PATIENTID,FIRSTNAME,LASTNAME,DOB,GENDER,EMAIL,PHONE,ADDRESS,SSN,COVIDSTATUS,INSURANCEID) values (35,'Craig','King',to_date('08-MAR-31','DD-MON-RR'),'Female','CraigKing@gmail.com',3128668664,'9135 Rodriguez Dam
Ramirezberg, MS 77223','211-11-2135','PartiallyVaccinated','IN83');
Insert into HOSPITAL.PATIENT (PATIENTID,FIRSTNAME,LASTNAME,DOB,GENDER,EMAIL,PHONE,ADDRESS,SSN,COVIDSTATUS,INSURANCEID) values (36,'Amy','James',to_date('25-SEP-04','DD-MON-RR'),'Male','AmyJames@gmail.com',3128669795,'24373 Mcgee Drive Apt. 990
New Mariahaven, NH 14470','211-11-2136','NotVaccinated','IN84');
Insert into HOSPITAL.PATIENT (PATIENTID,FIRSTNAME,LASTNAME,DOB,GENDER,EMAIL,PHONE,ADDRESS,SSN,COVIDSTATUS,INSURANCEID) values (37,'Justin','Long',to_date('25-JAN-54','DD-MON-RR'),'Female','JustinLong@gmail.com',3128666972,'997 Campbell Flat Suite 970
East Amanda, PW 22048','211-11-2137','PartiallyVaccinated','IN85');
Insert into HOSPITAL.PATIENT (PATIENTID,FIRSTNAME,LASTNAME,DOB,GENDER,EMAIL,PHONE,ADDRESS,SSN,COVIDSTATUS,INSURANCEID) values (38,'Brandon','Nguyen',to_date('07-APR-95','DD-MON-RR'),'Female','BrandonNguyen@gmail.com',3128666884,'7835 Rogers Roads
East Amberhaven, MI 70835-2286','211-11-2138','Vaccinated','IN86');
Insert into HOSPITAL.PATIENT (PATIENTID,FIRSTNAME,LASTNAME,DOB,GENDER,EMAIL,PHONE,ADDRESS,SSN,COVIDSTATUS,INSURANCEID) values (39,'Teresa','Brooks',to_date('01-MAR-67','DD-MON-RR'),'Female','TeresaBrooks@gmail.com',3128660699,'4589 Dan Fords
Beasleyburgh, ME 96590-8272','211-11-2139','Vaccinated','IN87');
Insert into HOSPITAL.PATIENT (PATIENTID,FIRSTNAME,LASTNAME,DOB,GENDER,EMAIL,PHONE,ADDRESS,SSN,COVIDSTATUS,INSURANCEID) values (40,'Theresa','Nguyen',to_date('13-MAY-29','DD-MON-RR'),'Male','TheresaNguyen@gmail.com',3128666265,'1958 Robert Bridge Apt. 250
Malloryland, ID 03393-5336','211-11-2141','NotVaccinated','IN88');
Insert into HOSPITAL.PATIENT (PATIENTID,FIRSTNAME,LASTNAME,DOB,GENDER,EMAIL,PHONE,ADDRESS,SSN,COVIDSTATUS,INSURANCEID) values (41,'Eric','Nguyen',to_date('20-MAR-28','DD-MON-RR'),'Male','EricNguyen@gmail.com',3128668135,'2977 Perez Row
Lake Jack, TN 45336-9436','211-11-2141','PartiallyVaccinated','IN89');
Insert into HOSPITAL.PATIENT (PATIENTID,FIRSTNAME,LASTNAME,DOB,GENDER,EMAIL,PHONE,ADDRESS,SSN,COVIDSTATUS,INSURANCEID) values (42,'Joseph','Mendoza',to_date('06-MAY-70','DD-MON-RR'),'Female','JosephMendoza@gmail.com',3128668679,'9801 Thomas Pike Suite 058
Brandishire, AK 88122-1314','211-11-2142','Vaccinated','IN90');
Insert into HOSPITAL.PATIENT (PATIENTID,FIRSTNAME,LASTNAME,DOB,GENDER,EMAIL,PHONE,ADDRESS,SSN,COVIDSTATUS,INSURANCEID) values (43,'Rebecca','Russell',to_date('28-MAY-38','DD-MON-RR'),'Female','RebeccaRussell@gmail.com',3128667701,'18372 Matthew Fork Suite 705
North Matthewmouth, KY 99737','211-11-2143','PartiallyVaccinated','IN91');
Insert into HOSPITAL.PATIENT (PATIENTID,FIRSTNAME,LASTNAME,DOB,GENDER,EMAIL,PHONE,ADDRESS,SSN,COVIDSTATUS,INSURANCEID) values (44,'Sandra','Bradley',to_date('16-SEP-68','DD-MON-RR'),'Male','SandraBradley@gmail.com',3128663155,'69403 Hernandez Knolls
Marciashire, DE 36417-5667','211-11-2144','PartiallyVaccinated','IN92');
Insert into HOSPITAL.PATIENT (PATIENTID,FIRSTNAME,LASTNAME,DOB,GENDER,EMAIL,PHONE,ADDRESS,SSN,COVIDSTATUS,INSURANCEID) values (45,'Matthew','Moreno',to_date('10-NOV-29','DD-MON-RR'),'Female','MatthewMoreno@gmail.com',3128669602,'USNV Fuller
FPO AE 32122-5711','211-11-2145','NotVaccinated','IN93');
Insert into HOSPITAL.PATIENT (PATIENTID,FIRSTNAME,LASTNAME,DOB,GENDER,EMAIL,PHONE,ADDRESS,SSN,COVIDSTATUS,INSURANCEID) values (46,'Anna','James',to_date('14-AUG-87','DD-MON-RR'),'Female','AnnaJames@gmail.com',3128665139,'448 Stewart Divide
New Ashleyfort, FM 84050','211-11-2146','PartiallyVaccinated','IN94');
Insert into HOSPITAL.PATIENT (PATIENTID,FIRSTNAME,LASTNAME,DOB,GENDER,EMAIL,PHONE,ADDRESS,SSN,COVIDSTATUS,INSURANCEID) values (47,'Kevin','Medina',to_date('09-APR-14','DD-MON-RR'),'Male','KevinMedina@gmail.com',3128662813,'70129 Darrell Spring
Thomasmouth, HI 39319-2739','211-11-2147','NotVaccinated','IN95');
Insert into HOSPITAL.PATIENT (PATIENTID,FIRSTNAME,LASTNAME,DOB,GENDER,EMAIL,PHONE,ADDRESS,SSN,COVIDSTATUS,INSURANCEID) values (48,'Jonathan','Alvarez',to_date('23-FEB-20','DD-MON-RR'),'Male','JonathanAlvarez@gmail.com',3128661546,'412 Jackson River
Kleinburgh, KS 52039-7404','211-11-2148','NotVaccinated','IN96');
Insert into HOSPITAL.PATIENT (PATIENTID,FIRSTNAME,LASTNAME,DOB,GENDER,EMAIL,PHONE,ADDRESS,SSN,COVIDSTATUS,INSURANCEID) values (49,'Jennifer','Mendoza',to_date('02-FEB-04','DD-MON-RR'),'Male','JenniferMendoza@gmail.com',3128661139,'546 Benjamin Lights Suite 421
Romerofurt, NC 43746-4501','211-11-2149','Vaccinated','IN97');
Insert into HOSPITAL.PATIENT (PATIENTID,FIRSTNAME,LASTNAME,DOB,GENDER,EMAIL,PHONE,ADDRESS,SSN,COVIDSTATUS,INSURANCEID) values (50,'Kimberly','Bradley',to_date('17-MAR-72','DD-MON-RR'),'Male','KimberlyBradley@gmail.com',3128663808,'4066 Gonzalez Dam Apt. 277
West Jessica, TN 36880','211-11-2151','Vaccinated','IN98');
Insert into HOSPITAL.PATIENT (PATIENTID,FIRSTNAME,LASTNAME,DOB,GENDER,EMAIL,PHONE,ADDRESS,SSN,COVIDSTATUS,INSURANCEID) values (51,'Johnie','Smith',to_date('05-AUG-52','DD-MON-RR'),'Male','JohnieSmith@gmail.com',3128660474,'11143 Park Squares
Samanthatown, UT 97073','222-22-2222','Vaccinated','IN115');
Insert into HOSPITAL.PATIENT (PATIENTID,FIRSTNAME,LASTNAME,DOB,GENDER,EMAIL,PHONE,ADDRESS,SSN,COVIDSTATUS,INSURANCEID) values (52,'James','Johnson',to_date('25-MAY-50','DD-MON-RR'),'Male','JamesJohnson@gmail.com',3128661719,'645 Elizabeth Pass
Williamview, MS 51544','222-22-2222','Vaccinated','IN116');
Insert into HOSPITAL.PATIENT (PATIENTID,FIRSTNAME,LASTNAME,DOB,GENDER,EMAIL,PHONE,ADDRESS,SSN,COVIDSTATUS,INSURANCEID) values (53,'Robertt','Williams',to_date('09-MAR-28','DD-MON-RR'),'Male','RoberttWilliams@gmail.com',3128666999,'861 Annette Stream Suite 771
North Miguel, CA 33824-1610','222-22-2223','Vaccinated','IN117');
Insert into HOSPITAL.PATIENT (PATIENTID,FIRSTNAME,LASTNAME,DOB,GENDER,EMAIL,PHONE,ADDRESS,SSN,COVIDSTATUS,INSURANCEID) values (54,'Christoper','Jones',to_date('30-SEP-25','DD-MON-RR'),'Male','ChristoperJones@gmail.com',3128669761,'044 Riggs Expressway
Lake Stevenchester, AL 22283','222-22-2224','PartiallyVaccinated','IN118');
Insert into HOSPITAL.PATIENT (PATIENTID,FIRSTNAME,LASTNAME,DOB,GENDER,EMAIL,PHONE,ADDRESS,SSN,COVIDSTATUS,INSURANCEID) values (55,'George','Brown',to_date('05-MAR-31','DD-MON-RR'),'Male','GeorgeBrown@gmail.com',3128661931,'PSC 4508, Box 7961
APO AA 55271-2375','222-22-2225','Vaccinated','IN119');
Insert into HOSPITAL.PATIENT (PATIENTID,FIRSTNAME,LASTNAME,DOB,GENDER,EMAIL,PHONE,ADDRESS,SSN,COVIDSTATUS,INSURANCEID) values (56,'Deborah','Miller',to_date('07-JUN-83','DD-MON-RR'),'Female','DeborahMiller@gmail.com',3128661550,'1867 Gregory Isle Suite 022
Port Tammy, LA 52305-9696','222-22-2226','Vaccinated','IN120');
Insert into HOSPITAL.PATIENT (PATIENTID,FIRSTNAME,LASTNAME,DOB,GENDER,EMAIL,PHONE,ADDRESS,SSN,COVIDSTATUS,INSURANCEID) values (57,'Karen','Wilson',to_date('17-DEC-47','DD-MON-RR'),'Male','KarenWilson@gmail.com',3128666274,'2891 Martin Plain Suite 197
Melaniestad, NE 65650-8529','222-22-2227','NotVaccinated','IN121');
Insert into HOSPITAL.PATIENT (PATIENTID,FIRSTNAME,LASTNAME,DOB,GENDER,EMAIL,PHONE,ADDRESS,SSN,COVIDSTATUS,INSURANCEID) values (58,'Kathy','Moore',to_date('03-APR-66','DD-MON-RR'),'Male','KathyMoore@gmail.com',3128662058,'9944 Trevor Expressway
Robinsonstad, OR 34630-1840','222-22-2228','PartiallyVaccinated','IN122');
Insert into HOSPITAL.PATIENT (PATIENTID,FIRSTNAME,LASTNAME,DOB,GENDER,EMAIL,PHONE,ADDRESS,SSN,COVIDSTATUS,INSURANCEID) values (59,'Lisa','Taylor',to_date('09-JUL-42','DD-MON-RR'),'Female','LisaTaylor@gmail.com',3128664667,'264 Derek Dam Apt. 680
West Danielle, SD 91517-8611','222-22-2229','NotVaccinated','IN123');
Insert into HOSPITAL.PATIENT (PATIENTID,FIRSTNAME,LASTNAME,DOB,GENDER,EMAIL,PHONE,ADDRESS,SSN,COVIDSTATUS,INSURANCEID) values (60,'Nancy','Anderson',to_date('30-JUL-97','DD-MON-RR'),'Female','NancyAnderson@gmail.com',3128665587,'USNV Reese
FPO AA 73568-0730','222-22-2222','PartiallyVaccinated','IN124');
Insert into HOSPITAL.PATIENT (PATIENTID,FIRSTNAME,LASTNAME,DOB,GENDER,EMAIL,PHONE,ADDRESS,SSN,COVIDSTATUS,INSURANCEID) values (61,'Stephanie','Carter',to_date('29-FEB-20','DD-MON-RR'),'Male','StephanieCarter@gmail.com',3128667982,'7761 Hughes Curve Apt. 880
Rodriguezberg, MN 96206-5317','222-22-2222','Vaccinated','IN125');
Insert into HOSPITAL.PATIENT (PATIENTID,FIRSTNAME,LASTNAME,DOB,GENDER,EMAIL,PHONE,ADDRESS,SSN,COVIDSTATUS,INSURANCEID) values (62,'Melissa','Edwards',to_date('15-DEC-85','DD-MON-RR'),'Female','MelissaEdwards@gmail.com',3128667018,'12612 Johnson Skyway Suite 764
Jessicaville, CT 14968-6590','222-22-2222','PartiallyVaccinated','IN126');
Insert into HOSPITAL.PATIENT (PATIENTID,FIRSTNAME,LASTNAME,DOB,GENDER,EMAIL,PHONE,ADDRESS,SSN,COVIDSTATUS,INSURANCEID) values (63,'Emily','Richards',to_date('17-JUN-06','DD-MON-RR'),'Female','EmilyRichards@gmail.com',3128660374,'5379 Rhonda Prairie Apt. 696
Brownland, WA 87027','222-22-2223','NotVaccinated','IN127');
Insert into HOSPITAL.PATIENT (PATIENTID,FIRSTNAME,LASTNAME,DOB,GENDER,EMAIL,PHONE,ADDRESS,SSN,COVIDSTATUS,INSURANCEID) values (64,'Ashley','Nelson',to_date('03-OCT-92','DD-MON-RR'),'Female','AshleyNelson@gmail.com',3128665322,'716 Bush Greens Apt. 098
Trevorton, MA 17817-8000','222-22-2224','Vaccinated','IN128');
Insert into HOSPITAL.PATIENT (PATIENTID,FIRSTNAME,LASTNAME,DOB,GENDER,EMAIL,PHONE,ADDRESS,SSN,COVIDSTATUS,INSURANCEID) values (65,'Sarah','Parker',to_date('14-JUN-01','DD-MON-RR'),'Female','SarahParker@gmail.com',3128667151,'6861 Lopez Fork Apt. 114
South Jamiechester, DE 63993','222-22-2225','NotVaccinated','IN129');
Insert into HOSPITAL.PATIENT (PATIENTID,FIRSTNAME,LASTNAME,DOB,GENDER,EMAIL,PHONE,ADDRESS,SSN,COVIDSTATUS,INSURANCEID) values (66,'Kimberly','Clark',to_date('24-OCT-87','DD-MON-RR'),'Female','KimberlyClark@gmail.com',3128667371,'223 Love Trail Suite 831
Port Jeffrey, IN 46849','222-22-2226','Vaccinated','IN130');
Insert into HOSPITAL.PATIENT (PATIENTID,FIRSTNAME,LASTNAME,DOB,GENDER,EMAIL,PHONE,ADDRESS,SSN,COVIDSTATUS,INSURANCEID) values (67,'Carolyn','Lewis',to_date('02-MAY-04','DD-MON-RR'),'Male','CarolynLewis@gmail.com',3128665296,'049 Matthew Terrace
Lake Matthew, MS 20210','222-22-2227','Vaccinated','IN131');
Insert into HOSPITAL.PATIENT (PATIENTID,FIRSTNAME,LASTNAME,DOB,GENDER,EMAIL,PHONE,ADDRESS,SSN,COVIDSTATUS,INSURANCEID) values (68,'Betty','Murray',to_date('16-SEP-97','DD-MON-RR'),'Female','BettyMurray@gmail.com',3128665720,'65407 Warner Forges Suite 071
New Lori, AZ 30132-2395','222-22-2228','Vaccinated','IN132');
Insert into HOSPITAL.PATIENT (PATIENTID,FIRSTNAME,LASTNAME,DOB,GENDER,EMAIL,PHONE,ADDRESS,SSN,COVIDSTATUS,INSURANCEID) values (69,'Dorothy','Turner',to_date('14-DEC-90','DD-MON-RR'),'Female','DorothyTurner@gmail.com',3128661596,'PSC 3408, Box 3353
APO AE 05113-1257','222-22-2229','Vaccinated','IN133');
Insert into HOSPITAL.PATIENT (PATIENTID,FIRSTNAME,LASTNAME,DOB,GENDER,EMAIL,PHONE,ADDRESS,SSN,COVIDSTATUS,INSURANCEID) values (70,'Beverly','King',to_date('08-OCT-03','DD-MON-RR'),'Male','BeverlyKing@gmail.com',3128662457,'95967 Pitts Burgs
West Sarah, MH 27817-5147','222-22-2222','Vaccinated','IN134');
Insert into HOSPITAL.PATIENT (PATIENTID,FIRSTNAME,LASTNAME,DOB,GENDER,EMAIL,PHONE,ADDRESS,SSN,COVIDSTATUS,INSURANCEID) values (71,'John','Donie',to_date('26-FEB-67','DD-MON-RR'),'Female','JohnDonie@gmail.com',3128666606,'89154 Jones Stream Suite 311
East Katie, NC 72742-1516','222-22-2222','NotVaccinated','IN135');
Insert into HOSPITAL.PATIENT (PATIENTID,FIRSTNAME,LASTNAME,DOB,GENDER,EMAIL,PHONE,ADDRESS,SSN,COVIDSTATUS,INSURANCEID) values (72,'Jane','Doe',to_date('28-MAR-31','DD-MON-RR'),'Female','JaneDoe@gmail.com',3128660108,'Unit 6174 Box 1949
DPO AP 27478','222-22-2222','NotVaccinated','IN136');
Insert into HOSPITAL.PATIENT (PATIENTID,FIRSTNAME,LASTNAME,DOB,GENDER,EMAIL,PHONE,ADDRESS,SSN,COVIDSTATUS,INSURANCEID) values (73,'John','Smit',to_date('26-JUN-79','DD-MON-RR'),'Male','JohnSmit@gmail.com',3128664877,'55436 Devon Plain
West Kendraberg, HI 18826-3623','222-22-2223','PartiallyVaccinated','IN137');
Insert into HOSPITAL.PATIENT (PATIENTID,FIRSTNAME,LASTNAME,DOB,GENDER,EMAIL,PHONE,ADDRESS,SSN,COVIDSTATUS,INSURANCEID) values (74,'Jane','Smith',to_date('10-SEP-20','DD-MON-RR'),'Female','JaneSmith@gmail.com',3128661089,'51920 Kent Junctions Apt. 352
Walkerport, NY 11257-6647','222-22-2224','PartiallyVaccinated','IN138');
Insert into HOSPITAL.PATIENT (PATIENTID,FIRSTNAME,LASTNAME,DOB,GENDER,EMAIL,PHONE,ADDRESS,SSN,COVIDSTATUS,INSURANCEID) values (75,'John','Johnson',to_date('02-APR-50','DD-MON-RR'),'Male','JohnJohnson@gmail.com',3128667676,'10022 Wilson Orchard Suite 107
Harrisstad, MH 99272','222-22-2225','NotVaccinated','IN139');
Insert into HOSPITAL.PATIENT (PATIENTID,FIRSTNAME,LASTNAME,DOB,GENDER,EMAIL,PHONE,ADDRESS,SSN,COVIDSTATUS,INSURANCEID) values (76,'Jane','Johnsonson',to_date('27-JAN-14','DD-MON-RR'),'Male','JaneJohnsonson@gmail.com',3128666432,'606 Perez Drives
Maryside, CO 94387-5877','222-22-2226','Vaccinated','IN140');
Insert into HOSPITAL.PATIENT (PATIENTID,FIRSTNAME,LASTNAME,DOB,GENDER,EMAIL,PHONE,ADDRESS,SSN,COVIDSTATUS,INSURANCEID) values (77,'John','Williams',to_date('04-DEC-06','DD-MON-RR'),'Female','JohnWilliams@gmail.com',3128661359,'967 Andrew Spurs
Mathistown, CO 28230','222-22-2227','PartiallyVaccinated','IN141');
Insert into HOSPITAL.PATIENT (PATIENTID,FIRSTNAME,LASTNAME,DOB,GENDER,EMAIL,PHONE,ADDRESS,SSN,COVIDSTATUS,INSURANCEID) values (78,'Jane','Williams',to_date('25-FEB-12','DD-MON-RR'),'Female','JaneWilliams@gmail.com',3128667918,'PSC 9698, Box 5466
APO AE 75496-3580','222-22-2228','PartiallyVaccinated','IN142');
Insert into HOSPITAL.PATIENT (PATIENTID,FIRSTNAME,LASTNAME,DOB,GENDER,EMAIL,PHONE,ADDRESS,SSN,COVIDSTATUS,INSURANCEID) values (79,'John','Jones',to_date('12-FEB-02','DD-MON-RR'),'Female','JohnJones@gmail.com',3128663007,'284 Jennifer Curve
Lake Hollyberg, IN 05228','222-22-2229','PartiallyVaccinated','IN143');
Insert into HOSPITAL.PATIENT (PATIENTID,FIRSTNAME,LASTNAME,DOB,GENDER,EMAIL,PHONE,ADDRESS,SSN,COVIDSTATUS,INSURANCEID) values (80,'Jane','Jones',to_date('12-OCT-90','DD-MON-RR'),'Female','JaneJones@gmail.com',3128665738,'71299 Jessica Shoals
East Mark, IA 48085-1070','222-22-2232','NotVaccinated','IN144');
Insert into HOSPITAL.PATIENT (PATIENTID,FIRSTNAME,LASTNAME,DOB,GENDER,EMAIL,PHONE,ADDRESS,SSN,COVIDSTATUS,INSURANCEID) values (81,'John','Brown',to_date('26-SEP-66','DD-MON-RR'),'Male','JohnBrown@gmail.com',3128662533,'873 Clay Flats Apt. 810
Lake Kyle, GU 48782','222-22-2232','Vaccinated','IN145');
Insert into HOSPITAL.PATIENT (PATIENTID,FIRSTNAME,LASTNAME,DOB,GENDER,EMAIL,PHONE,ADDRESS,SSN,COVIDSTATUS,INSURANCEID) values (82,'Jane','Brown',to_date('07-AUG-38','DD-MON-RR'),'Female','JaneBrown@gmail.com',3128669638,'565 Duarte Keys Suite 293
Traceytown, IN 17797','222-22-2232','PartiallyVaccinated','IN146');
Insert into HOSPITAL.PATIENT (PATIENTID,FIRSTNAME,LASTNAME,DOB,GENDER,EMAIL,PHONE,ADDRESS,SSN,COVIDSTATUS,INSURANCEID) values (83,'John','Davis',to_date('03-SEP-27','DD-MON-RR'),'Female','JohnDavis@gmail.com',3128664404,'19018 Christopher Neck Apt. 963
Mcintoshchester, IA 66908-2456','222-22-2233','Vaccinated','IN147');
Insert into HOSPITAL.PATIENT (PATIENTID,FIRSTNAME,LASTNAME,DOB,GENDER,EMAIL,PHONE,ADDRESS,SSN,COVIDSTATUS,INSURANCEID) values (84,'Jane','Davis',to_date('02-AUG-35','DD-MON-RR'),'Female','JaneDavis@gmail.com',3128661879,'USCGC Thomas
FPO AP 43708-2468','222-22-2234','PartiallyVaccinated','IN148');
Insert into HOSPITAL.PATIENT (PATIENTID,FIRSTNAME,LASTNAME,DOB,GENDER,EMAIL,PHONE,ADDRESS,SSN,COVIDSTATUS,INSURANCEID) values (85,'John','Miller',to_date('16-OCT-71','DD-MON-RR'),'Male','JohnMiller@gmail.com',3128660889,'5401 Holt Corner Apt. 195
Hannahstad, NC 86693-3595','222-22-2235','NotVaccinated','IN149');
Insert into HOSPITAL.PATIENT (PATIENTID,FIRSTNAME,LASTNAME,DOB,GENDER,EMAIL,PHONE,ADDRESS,SSN,COVIDSTATUS,INSURANCEID) values (86,'Jane','Miller',to_date('23-JUN-95','DD-MON-RR'),'Female','JaneMiller@gmail.com',3128667382,'4568 Jeffrey Lane Apt. 512
South Jason, WV 78116-0966','222-22-2236','PartiallyVaccinated','IN150');
Insert into HOSPITAL.PATIENT (PATIENTID,FIRSTNAME,LASTNAME,DOB,GENDER,EMAIL,PHONE,ADDRESS,SSN,COVIDSTATUS,INSURANCEID) values (87,'John','Wilson',to_date('09-JUL-40','DD-MON-RR'),'Female','JohnWilson@gmail.com',3128664343,'73469 Baker Forest Apt. 550
Allenbury, TX 63791','222-22-2237','Vaccinated','IN151');
Insert into HOSPITAL.PATIENT (PATIENTID,FIRSTNAME,LASTNAME,DOB,GENDER,EMAIL,PHONE,ADDRESS,SSN,COVIDSTATUS,INSURANCEID) values (88,'Jane','Wilson',to_date('02-NOV-80','DD-MON-RR'),'Female','JaneWilson@gmail.com',3128662663,'20711 Martin Harbors Apt. 582
New Justinborough, AK 40834-2664','222-22-2238','PartiallyVaccinated','IN152');
Insert into HOSPITAL.PATIENT (PATIENTID,FIRSTNAME,LASTNAME,DOB,GENDER,EMAIL,PHONE,ADDRESS,SSN,COVIDSTATUS,INSURANCEID) values (89,'John','Moore',to_date('12-FEB-76','DD-MON-RR'),'Female','JohnMoore@gmail.com',3128660018,'7602 Scott Plaza Apt. 158
Lake Amberland, VI 10516-3276','222-22-2239','Vaccinated','IN153');
Insert into HOSPITAL.PATIENT (PATIENTID,FIRSTNAME,LASTNAME,DOB,GENDER,EMAIL,PHONE,ADDRESS,SSN,COVIDSTATUS,INSURANCEID) values (90,'Jane','Moore',to_date('16-OCT-53','DD-MON-RR'),'Female','JaneMoore@gmail.com',3128667585,'16001 Wilkins Island Suite 852
Jonathanfort, AL 88541-7817','222-22-2242','Vaccinated','IN154');
Insert into HOSPITAL.PATIENT (PATIENTID,FIRSTNAME,LASTNAME,DOB,GENDER,EMAIL,PHONE,ADDRESS,SSN,COVIDSTATUS,INSURANCEID) values (91,'John','Taylor',to_date('26-MAR-90','DD-MON-RR'),'Female','JohnTaylor@gmail.com',3128668983,'5118 Madden Views Apt. 738
North Barryport, AS 28731-2270','222-22-2242','NotVaccinated','IN155');
Insert into HOSPITAL.PATIENT (PATIENTID,FIRSTNAME,LASTNAME,DOB,GENDER,EMAIL,PHONE,ADDRESS,SSN,COVIDSTATUS,INSURANCEID) values (92,'Jane','Taylor',to_date('09-JAN-18','DD-MON-RR'),'Male','JaneTaylor@gmail.com',3128661247,'USCGC Nicholson
FPO AE 43987-0470','222-22-2242','Vaccinated','IN156');
Insert into HOSPITAL.PATIENT (PATIENTID,FIRSTNAME,LASTNAME,DOB,GENDER,EMAIL,PHONE,ADDRESS,SSN,COVIDSTATUS,INSURANCEID) values (93,'John','Anderson',to_date('08-JUL-98','DD-MON-RR'),'Male','JohnAnderson@gmail.com',3128665747,'4522 Paul Heights Suite 851
Adamsland, RI 08981','222-22-2243','Vaccinated','IN157');
Insert into HOSPITAL.PATIENT (PATIENTID,FIRSTNAME,LASTNAME,DOB,GENDER,EMAIL,PHONE,ADDRESS,SSN,COVIDSTATUS,INSURANCEID) values (94,'Jane','Anderson',to_date('17-OCT-33','DD-MON-RR'),'Female','JaneAnderson@gmail.com',3128661108,'21918 Gail Glens
Barbershire, SD 45790-8387','222-22-2244','PartiallyVaccinated','IN158');
Insert into HOSPITAL.PATIENT (PATIENTID,FIRSTNAME,LASTNAME,DOB,GENDER,EMAIL,PHONE,ADDRESS,SSN,COVIDSTATUS,INSURANCEID) values (95,'John','Thomas',to_date('11-SEP-81','DD-MON-RR'),'Female','JohnThomas@gmail.com',3128669682,'3600 Amber Plains Suite 002
North Jamesburgh, VA 07917','222-22-2245','NotVaccinated','IN159');
Insert into HOSPITAL.PATIENT (PATIENTID,FIRSTNAME,LASTNAME,DOB,GENDER,EMAIL,PHONE,ADDRESS,SSN,COVIDSTATUS,INSURANCEID) values (96,'Jane','Thomas',to_date('04-DEC-02','DD-MON-RR'),'Female','JaneThomas@gmail.com',3128666169,'71757 David Freeway Apt. 851
West Carriefurt, NC 27106-3364','222-22-2246','Vaccinated','IN160');
Insert into HOSPITAL.PATIENT (PATIENTID,FIRSTNAME,LASTNAME,DOB,GENDER,EMAIL,PHONE,ADDRESS,SSN,COVIDSTATUS,INSURANCEID) values (97,'John','Jackson',to_date('24-AUG-90','DD-MON-RR'),'Female','JohnJackson@gmail.com',3128667850,'79139 Boone Common
Stewartstad, DE 63633-1812','222-22-2247','NotVaccinated','IN161');
Insert into HOSPITAL.PATIENT (PATIENTID,FIRSTNAME,LASTNAME,DOB,GENDER,EMAIL,PHONE,ADDRESS,SSN,COVIDSTATUS,INSURANCEID) values (98,'Jane','Jackson',to_date('10-JUL-77','DD-MON-RR'),'Male','JaneJackson@gmail.com',3128666011,'USS Johnson
FPO AE 35617-5384','222-22-2248','PartiallyVaccinated','IN162');
Insert into HOSPITAL.PATIENT (PATIENTID,FIRSTNAME,LASTNAME,DOB,GENDER,EMAIL,PHONE,ADDRESS,SSN,COVIDSTATUS,INSURANCEID) values (99,'John','Harris',to_date('18-DEC-89','DD-MON-RR'),'Male','JohnHarris@gmail.com',3128668817,'USNS Mitchell
FPO AP 92946','222-22-2249','Vaccinated','IN163');
Insert into HOSPITAL.PATIENT (PATIENTID,FIRSTNAME,LASTNAME,DOB,GENDER,EMAIL,PHONE,ADDRESS,SSN,COVIDSTATUS,INSURANCEID) values (248,'Amber','Kim',to_date('12-JUN-18','DD-MON-RR'),'Male','AmberKim@gmail.com',9736688638,'30242 Rubio Forest
Port Kyleland, VA 18339-5779','555-55-5558','NotVaccinated','IN327');
Insert into HOSPITAL.PATIENT (PATIENTID,FIRSTNAME,LASTNAME,DOB,GENDER,EMAIL,PHONE,ADDRESS,SSN,COVIDSTATUS,INSURANCEID) values (249,'Andrea','Kim',to_date('07-JAN-00','DD-MON-RR'),'Male','AndreaKim@gmail.com',9736682400,'17463 George Ports
East Julianborough, WY 68291','555-55-5559','PartiallyVaccinated','IN328');
Insert into HOSPITAL.PATIENT (PATIENTID,FIRSTNAME,LASTNAME,DOB,GENDER,EMAIL,PHONE,ADDRESS,SSN,COVIDSTATUS,INSURANCEID) values (250,'Andrew','Hernandez',to_date('31-DEC-41','DD-MON-RR'),'Male','AndrewHernandez@gmail.com',9736688547,'PSC 1634, Box 8167
APO AA 49814','555-55-5555','Vaccinated','IN329');
Insert into HOSPITAL.PATIENT (PATIENTID,FIRSTNAME,LASTNAME,DOB,GENDER,EMAIL,PHONE,ADDRESS,SSN,COVIDSTATUS,INSURANCEID) values (251,'Andy','Tran',to_date('11-AUG-75','DD-MON-RR'),'Female','AndyTran@gmail.com',9736682501,'12641 Greer Track Apt. 183
North Mitchell, IA 77991-6276','200-00-2000','PartiallyVaccinated','IN330');
Insert into HOSPITAL.PATIENT (PATIENTID,FIRSTNAME,LASTNAME,DOB,GENDER,EMAIL,PHONE,ADDRESS,SSN,COVIDSTATUS,INSURANCEID) values (252,'Angelina','Nguyen',to_date('12-MAR-90','DD-MON-RR'),'Male','AngelinaNguyen@gmail.com',9736685924,'311 Savannah Ramp Suite 245
Carlsonbury, LA 08453-6035','200-00-2002','PartiallyVaccinated','IN331');
Insert into HOSPITAL.PATIENT (PATIENTID,FIRSTNAME,LASTNAME,DOB,GENDER,EMAIL,PHONE,ADDRESS,SSN,COVIDSTATUS,INSURANCEID) values (253,'Anna','Tran',to_date('17-NOV-96','DD-MON-RR'),'Male','AnnaTran@gmail.com',9736683798,'3751 Green Loaf
New Julia, VT 20897','200-00-2000','PartiallyVaccinated','IN332');
Insert into HOSPITAL.PATIENT (PATIENTID,FIRSTNAME,LASTNAME,DOB,GENDER,EMAIL,PHONE,ADDRESS,SSN,COVIDSTATUS,INSURANCEID) values (254,'Anthony','Kim',to_date('22-APR-83','DD-MON-RR'),'Male','AnthonyKim@gmail.com',9736685534,'14889 Page Prairie
Dennisville, NV 27982-4210','200-00-2004','Vaccinated','IN333');
Insert into HOSPITAL.PATIENT (PATIENTID,FIRSTNAME,LASTNAME,DOB,GENDER,EMAIL,PHONE,ADDRESS,SSN,COVIDSTATUS,INSURANCEID) values (255,'Ashley','Kim',to_date('27-DEC-95','DD-MON-RR'),'Female','AshleyKim@gmail.com',9736684291,'193 Ashley Plaza Suite 706
Hernandezport, WV 71270-7338','200-00-2005','PartiallyVaccinated','IN334');
Insert into HOSPITAL.PATIENT (PATIENTID,FIRSTNAME,LASTNAME,DOB,GENDER,EMAIL,PHONE,ADDRESS,SSN,COVIDSTATUS,INSURANCEID) values (256,'Ayden','Garcia',to_date('25-JAN-51','DD-MON-RR'),'Female','AydenGarcia@gmail.com',9736684912,'PSC 6338, Box 7637
APO AA 22066','200-00-2006','NotVaccinated','IN335');
Insert into HOSPITAL.PATIENT (PATIENTID,FIRSTNAME,LASTNAME,DOB,GENDER,EMAIL,PHONE,ADDRESS,SSN,COVIDSTATUS,INSURANCEID) values (257,'Brandon','Hernandez',to_date('11-SEP-28','DD-MON-RR'),'Male','BrandonHernandez@gmail.com',9736686097,'360 Albert Spring
South Tylerbury, VA 92641-9077','200-00-2007','NotVaccinated','IN336');
Insert into HOSPITAL.PATIENT (PATIENTID,FIRSTNAME,LASTNAME,DOB,GENDER,EMAIL,PHONE,ADDRESS,SSN,COVIDSTATUS,INSURANCEID) values (258,'Brayden','Hernandez',to_date('28-AUG-87','DD-MON-RR'),'Male','BraydenHernandez@gmail.com',9736687932,'82537 Alice Centers
Gregland, OR 71749','200-00-2008','PartiallyVaccinated','IN337');
Insert into HOSPITAL.PATIENT (PATIENTID,FIRSTNAME,LASTNAME,DOB,GENDER,EMAIL,PHONE,ADDRESS,SSN,COVIDSTATUS,INSURANCEID) values (259,'Brianna','Kim',to_date('04-NOV-53','DD-MON-RR'),'Male','BriannaKim@gmail.com',9736684230,'295 Michael Keys Apt. 706
Ericfurt, KS 09476','200-00-2009','PartiallyVaccinated','IN338');
Insert into HOSPITAL.PATIENT (PATIENTID,FIRSTNAME,LASTNAME,DOB,GENDER,EMAIL,PHONE,ADDRESS,SSN,COVIDSTATUS,INSURANCEID) values (260,'Cameron','Hernandez',to_date('26-JUN-49','DD-MON-RR'),'Female','CameronHernandez@gmail.com',9736680839,'38528 Jerry Valleys Suite 027
Jonesstad, NY 74787-2691','200-00-2000','PartiallyVaccinated','IN339');
Insert into HOSPITAL.PATIENT (PATIENTID,FIRSTNAME,LASTNAME,DOB,GENDER,EMAIL,PHONE,ADDRESS,SSN,COVIDSTATUS,INSURANCEID) values (261,'Carla','Tran',to_date('09-MAY-76','DD-MON-RR'),'Male','CarlaTran@gmail.com',9736685770,'3286 Lynch Field
Henrychester, RI 41833-7902','200-00-2000','Vaccinated','IN340');
Insert into HOSPITAL.PATIENT (PATIENTID,FIRSTNAME,LASTNAME,DOB,GENDER,EMAIL,PHONE,ADDRESS,SSN,COVIDSTATUS,INSURANCEID) values (262,'Carlos','Tran',to_date('09-MAR-88','DD-MON-RR'),'Male','CarlosTran@gmail.com',9736682013,'450 Samantha Valleys
Collinsborough, KS 37205-9891','200-00-2002','NotVaccinated','IN341');
Insert into HOSPITAL.PATIENT (PATIENTID,FIRSTNAME,LASTNAME,DOB,GENDER,EMAIL,PHONE,ADDRESS,SSN,COVIDSTATUS,INSURANCEID) values (263,'Cayden','Tran',to_date('04-FEB-34','DD-MON-RR'),'Female','CaydenTran@gmail.com',9736686206,'601 Mitchell Estates Suite 922
Port Daniel, WV 83595','200-00-2000','NotVaccinated','IN342');
Insert into HOSPITAL.PATIENT (PATIENTID,FIRSTNAME,LASTNAME,DOB,GENDER,EMAIL,PHONE,ADDRESS,SSN,COVIDSTATUS,INSURANCEID) values (264,'Christopher','Kim',to_date('13-DEC-95','DD-MON-RR'),'Female','ChristopherKim@gmail.com',9736680320,'81830 Katie Squares
Port Austinland, FL 73522-0761','200-00-2004','NotVaccinated','IN343');
Insert into HOSPITAL.PATIENT (PATIENTID,FIRSTNAME,LASTNAME,DOB,GENDER,EMAIL,PHONE,ADDRESS,SSN,COVIDSTATUS,INSURANCEID) values (265,'Daisy','Tran',to_date('01-MAY-15','DD-MON-RR'),'Male','DaisyTran@gmail.com',9736689902,'06392 Matthew Viaduct Suite 000
Lake Ronald, NY 45787-0181','200-00-2005','Vaccinated','IN344');
Insert into HOSPITAL.PATIENT (PATIENTID,FIRSTNAME,LASTNAME,DOB,GENDER,EMAIL,PHONE,ADDRESS,SSN,COVIDSTATUS,INSURANCEID) values (266,'Daniel','Hernandez',to_date('05-FEB-80','DD-MON-RR'),'Male','DanielHernandez@gmail.com',9736680740,'634 Nancy Shoals Suite 241
South Barry, AR 52307','200-00-2006','NotVaccinated','IN345');
Insert into HOSPITAL.PATIENT (PATIENTID,FIRSTNAME,LASTNAME,DOB,GENDER,EMAIL,PHONE,ADDRESS,SSN,COVIDSTATUS,INSURANCEID) values (267,'David','Kim',to_date('19-OCT-54','DD-MON-RR'),'Female','DavidKim@gmail.com',9736682574,'90089 Eric Well
Nicoleside, MT 95918','200-00-2007','PartiallyVaccinated','IN346');
Insert into HOSPITAL.PATIENT (PATIENTID,FIRSTNAME,LASTNAME,DOB,GENDER,EMAIL,PHONE,ADDRESS,SSN,COVIDSTATUS,INSURANCEID) values (268,'Dawson','Tran',to_date('02-NOV-38','DD-MON-RR'),'Male','DawsonTran@gmail.com',9736680390,'4190 Shelton Harbors
North Christopher, RI 60962','200-00-2008','Vaccinated','IN347');
Insert into HOSPITAL.PATIENT (PATIENTID,FIRSTNAME,LASTNAME,DOB,GENDER,EMAIL,PHONE,ADDRESS,SSN,COVIDSTATUS,INSURANCEID) values (269,'Dylan','Tran',to_date('16-NOV-53','DD-MON-RR'),'Male','DylanTran@gmail.com',9736685712,'3761 Jared Mountain
Nicholasport, WY 51181','200-00-2009','NotVaccinated','IN348');
Insert into HOSPITAL.PATIENT (PATIENTID,FIRSTNAME,LASTNAME,DOB,GENDER,EMAIL,PHONE,ADDRESS,SSN,COVIDSTATUS,INSURANCEID) values (270,'Eli','Kim',to_date('12-AUG-95','DD-MON-RR'),'Female','EliKim@gmail.com',9736688855,'239 Bush Fall Apt. 906
Riveraville, KY 88906-3319','200-00-2020','PartiallyVaccinated','IN349');
Insert into HOSPITAL.PATIENT (PATIENTID,FIRSTNAME,LASTNAME,DOB,GENDER,EMAIL,PHONE,ADDRESS,SSN,COVIDSTATUS,INSURANCEID) values (271,'Elijah','Kim',to_date('03-OCT-09','DD-MON-RR'),'Male','ElijahKim@gmail.com',9736686625,'5052 Mccoy Passage Apt. 328
Teresaport, FM 97139','200-00-2020','PartiallyVaccinated','IN350');
Insert into HOSPITAL.PATIENT (PATIENTID,FIRSTNAME,LASTNAME,DOB,GENDER,EMAIL,PHONE,ADDRESS,SSN,COVIDSTATUS,INSURANCEID) values (272,'Eliza','Tran',to_date('18-SEP-61','DD-MON-RR'),'Female','ElizaTran@gmail.com',9736686486,'78787 Mitchell Lights
Matthewville, AZ 30310-0130','200-00-2022','PartiallyVaccinated','IN351');
Insert into HOSPITAL.PATIENT (PATIENTID,FIRSTNAME,LASTNAME,DOB,GENDER,EMAIL,PHONE,ADDRESS,SSN,COVIDSTATUS,INSURANCEID) values (273,'Elizabeth','Tran',to_date('02-JUN-60','DD-MON-RR'),'Male','ElizabethTran@gmail.com',9736687834,'46954 Melissa Corner
North Amanda, LA 34844','200-00-2020','PartiallyVaccinated','IN352');
Insert into HOSPITAL.PATIENT (PATIENTID,FIRSTNAME,LASTNAME,DOB,GENDER,EMAIL,PHONE,ADDRESS,SSN,COVIDSTATUS,INSURANCEID) values (274,'Ella','Tran',to_date('03-AUG-86','DD-MON-RR'),'Male','EllaTran@gmail.com',9736682961,'45442 Barber Key Apt. 882
South Jaclyn, NM 24367-3001','200-00-2024','Vaccinated','IN353');
Insert into HOSPITAL.PATIENT (PATIENTID,FIRSTNAME,LASTNAME,DOB,GENDER,EMAIL,PHONE,ADDRESS,SSN,COVIDSTATUS,INSURANCEID) values (275,'Emily','Tran',to_date('12-JUL-31','DD-MON-RR'),'Female','EmilyTran@gmail.com',9736686684,'0338 Francis Junction
Lake Alexstad, NH 14302','200-00-2025','Vaccinated','IN354');
Insert into HOSPITAL.PATIENT (PATIENTID,FIRSTNAME,LASTNAME,DOB,GENDER,EMAIL,PHONE,ADDRESS,SSN,COVIDSTATUS,INSURANCEID) values (276,'Ethan','Kim',to_date('07-JUL-87','DD-MON-RR'),'Male','EthanKim@gmail.com',9736681443,'232 John Haven Suite 456
Johnsonhaven, VT 90106-0173','200-00-2026','NotVaccinated','IN355');
Insert into HOSPITAL.PATIENT (PATIENTID,FIRSTNAME,LASTNAME,DOB,GENDER,EMAIL,PHONE,ADDRESS,SSN,COVIDSTATUS,INSURANCEID) values (277,'Eva','Tran',to_date('03-MAY-57','DD-MON-RR'),'Female','EvaTran@gmail.com',9736688279,'0859 Audrey Isle
South Zachary, AS 09138','200-00-2027','PartiallyVaccinated','IN356');
Insert into HOSPITAL.PATIENT (PATIENTID,FIRSTNAME,LASTNAME,DOB,GENDER,EMAIL,PHONE,ADDRESS,SSN,COVIDSTATUS,INSURANCEID) values (278,'Gavin','Tran',to_date('06-SEP-54','DD-MON-RR'),'Female','GavinTran@gmail.com',9736685582,'5358 Stephen Parkway Suite 894
Kimview, MN 17436-4528','200-00-2028','PartiallyVaccinated','IN357');
Insert into HOSPITAL.PATIENT (PATIENTID,FIRSTNAME,LASTNAME,DOB,GENDER,EMAIL,PHONE,ADDRESS,SSN,COVIDSTATUS,INSURANCEID) values (279,'Hayden','Tran',to_date('24-MAY-04','DD-MON-RR'),'Female','HaydenTran@gmail.com',9736680357,'721 Robert Viaduct Apt. 052
Lake Olivia, MO 93807','200-00-2029','PartiallyVaccinated','IN358');
Insert into HOSPITAL.PATIENT (PATIENTID,FIRSTNAME,LASTNAME,DOB,GENDER,EMAIL,PHONE,ADDRESS,SSN,COVIDSTATUS,INSURANCEID) values (280,'Ian','Tran',to_date('14-APR-20','DD-MON-RR'),'Female','IanTran@gmail.com',9736683158,'836 Amy Villages
Hannahside, RI 09207-2616','200-00-2000','PartiallyVaccinated','IN359');
Insert into HOSPITAL.PATIENT (PATIENTID,FIRSTNAME,LASTNAME,DOB,GENDER,EMAIL,PHONE,ADDRESS,SSN,COVIDSTATUS,INSURANCEID) values (281,'Isaac','Kim',to_date('15-NOV-11','DD-MON-RR'),'Female','IsaacKim@gmail.com',9736685451,'909 Hicks Mountains
Gabriellaport, MD 33121','200-00-2000','Vaccinated','IN360');
Insert into HOSPITAL.PATIENT (PATIENTID,FIRSTNAME,LASTNAME,DOB,GENDER,EMAIL,PHONE,ADDRESS,SSN,COVIDSTATUS,INSURANCEID) values (282,'Isaiah','Tran',to_date('17-APR-38','DD-MON-RR'),'Male','IsaiahTran@gmail.com',9736683861,'54051 Jenkins View
East Danielshire, IN 32905-7784','200-00-2002','NotVaccinated','IN361');
Insert into HOSPITAL.PATIENT (PATIENTID,FIRSTNAME,LASTNAME,DOB,GENDER,EMAIL,PHONE,ADDRESS,SSN,COVIDSTATUS,INSURANCEID) values (283,'Jacob','Tran',to_date('18-SEP-45','DD-MON-RR'),'Female','JacobTran@gmail.com',9736682272,'24458 Hudson Square
Hallside, PA 68038','200-00-2000','PartiallyVaccinated','IN362');
Insert into HOSPITAL.PATIENT (PATIENTID,FIRSTNAME,LASTNAME,DOB,GENDER,EMAIL,PHONE,ADDRESS,SSN,COVIDSTATUS,INSURANCEID) values (284,'Jacqueline','Tran',to_date('11-JUN-40','DD-MON-RR'),'Male','JacquelineTran@gmail.com',9736684576,'149 Monica Vista Apt. 908
Jasonberg, TX 19632-8886','200-00-2004','PartiallyVaccinated','IN363');
Insert into HOSPITAL.PATIENT (PATIENTID,FIRSTNAME,LASTNAME,DOB,GENDER,EMAIL,PHONE,ADDRESS,SSN,COVIDSTATUS,INSURANCEID) values (285,'Jared','Kim',to_date('04-MAR-69','DD-MON-RR'),'Male','JaredKim@gmail.com',9736689459,'99902 Scott Road
Joyton, MT 46760-7400','200-00-2005','NotVaccinated','IN364');
Insert into HOSPITAL.PATIENT (PATIENTID,FIRSTNAME,LASTNAME,DOB,GENDER,EMAIL,PHONE,ADDRESS,SSN,COVIDSTATUS,INSURANCEID) values (286,'Jason','Tran',to_date('18-AUG-54','DD-MON-RR'),'Male','JasonTran@gmail.com',9736681909,'74260 Carly Mews Suite 703
Jonesberg, OR 39594','200-00-2006','PartiallyVaccinated','IN365');
Insert into HOSPITAL.PATIENT (PATIENTID,FIRSTNAME,LASTNAME,DOB,GENDER,EMAIL,PHONE,ADDRESS,SSN,COVIDSTATUS,INSURANCEID) values (287,'Javier','Tran',to_date('03-JUL-30','DD-MON-RR'),'Male','JavierTran@gmail.com',9736681434,'3324 Branch Squares Suite 221
Riddleton, OK 34594','200-00-2007','Vaccinated','IN366');
Insert into HOSPITAL.PATIENT (PATIENTID,FIRSTNAME,LASTNAME,DOB,GENDER,EMAIL,PHONE,ADDRESS,SSN,COVIDSTATUS,INSURANCEID) values (288,'Jaxon','Tran',to_date('03-FEB-94','DD-MON-RR'),'Male','JaxonTran@gmail.com',9736689679,'66636 Jason Parkway
Kellyside, NV 67033','200-00-2008','Vaccinated','IN367');
Insert into HOSPITAL.PATIENT (PATIENTID,FIRSTNAME,LASTNAME,DOB,GENDER,EMAIL,PHONE,ADDRESS,SSN,COVIDSTATUS,INSURANCEID) values (289,'Jayden','Tran',to_date('23-MAR-21','DD-MON-RR'),'Female','JaydenTran@gmail.com',9736680042,'Unit 2079 Box 7792
DPO AP 47668','200-00-2009','Vaccinated','IN1');
Insert into HOSPITAL.PATIENT (PATIENTID,FIRSTNAME,LASTNAME,DOB,GENDER,EMAIL,PHONE,ADDRESS,SSN,COVIDSTATUS,INSURANCEID) values (290,'Jeremy','Kim',to_date('14-MAR-79','DD-MON-RR'),'Male','JeremyKim@gmail.com',9736683069,'Unit 0474 Box 0661
DPO AP 48938-3469','200-00-2040','NotVaccinated','IN2');
Insert into HOSPITAL.PATIENT (PATIENTID,FIRSTNAME,LASTNAME,DOB,GENDER,EMAIL,PHONE,ADDRESS,SSN,COVIDSTATUS,INSURANCEID) values (291,'George','Washingtonn',to_date('26-FEB-57','DD-MON-RR'),'Male','GeorgeWashingtonn@gmail.com',9736680859,'625 Andrew Locks
Madisonside, AZ 74068','200-00-2040','Vaccinated','IN3');
Insert into HOSPITAL.PATIENT (PATIENTID,FIRSTNAME,LASTNAME,DOB,GENDER,EMAIL,PHONE,ADDRESS,SSN,COVIDSTATUS,INSURANCEID) values (292,'John','Adamsmith',to_date('25-JUL-61','DD-MON-RR'),'Male','JohnAdamsmith@gmail.com',9736681870,'960 Miller Union
East Virginiastad, MS 74191-2346','200-00-2042','Vaccinated','IN4');
Insert into HOSPITAL.PATIENT (PATIENTID,FIRSTNAME,LASTNAME,DOB,GENDER,EMAIL,PHONE,ADDRESS,SSN,COVIDSTATUS,INSURANCEID) values (293,'Tom','Jefferson',to_date('18-APR-32','DD-MON-RR'),'Female','TomJefferson@gmail.com',9736684942,'4029 Gerald Cape
South Laurenborough, SC 19130-5133','200-00-2040','Vaccinated','IN5');
Insert into HOSPITAL.PATIENT (PATIENTID,FIRSTNAME,LASTNAME,DOB,GENDER,EMAIL,PHONE,ADDRESS,SSN,COVIDSTATUS,INSURANCEID) values (294,'Jack','Madison',to_date('22-NOV-37','DD-MON-RR'),'Male','JackMadison@gmail.com',9736684484,'6961 Mary Stravenue Suite 857
Hilltown, TX 52813-7703','200-00-2044','NotVaccinated','IN6');
Insert into HOSPITAL.PATIENT (PATIENTID,FIRSTNAME,LASTNAME,DOB,GENDER,EMAIL,PHONE,ADDRESS,SSN,COVIDSTATUS,INSURANCEID) values (295,'James','Monro',to_date('10-FEB-07','DD-MON-RR'),'Female','JamesMonro@gmail.com',9736683158,'93101 Shannon Common
South Destiny, ND 30379-2855','200-00-2045','NotVaccinated','IN7');
Insert into HOSPITAL.PATIENT (PATIENTID,FIRSTNAME,LASTNAME,DOB,GENDER,EMAIL,PHONE,ADDRESS,SSN,COVIDSTATUS,INSURANCEID) values (296,'John','Quinccy',to_date('07-NOV-61','DD-MON-RR'),'Male','JohnQuinccy@gmail.com',9736683482,'449 Amanda Tunnel
Joshuahaven, CO 15377','200-00-2046','PartiallyVaccinated','IN8');
Insert into HOSPITAL.PATIENT (PATIENTID,FIRSTNAME,LASTNAME,DOB,GENDER,EMAIL,PHONE,ADDRESS,SSN,COVIDSTATUS,INSURANCEID) values (297,'Andrew','Jackie',to_date('13-DEC-79','DD-MON-RR'),'Male','AndrewJackie@gmail.com',9736682831,'839 Heather Cliff
South Blake, SC 90412','200-00-2047','PartiallyVaccinated','IN9');
Insert into HOSPITAL.PATIENT (PATIENTID,FIRSTNAME,LASTNAME,DOB,GENDER,EMAIL,PHONE,ADDRESS,SSN,COVIDSTATUS,INSURANCEID) values (298,'Martin','Vannesse',to_date('30-JUN-89','DD-MON-RR'),'Female','MartinVannesse@gmail.com',9736686520,'13799 Cortez Inlet Suite 733
East Stevenshire, AL 32757','200-00-2048','PartiallyVaccinated','IN10');
Insert into HOSPITAL.PATIENT (PATIENTID,FIRSTNAME,LASTNAME,DOB,GENDER,EMAIL,PHONE,ADDRESS,SSN,COVIDSTATUS,INSURANCEID) values (299,'William','Henryson',to_date('30-MAY-85','DD-MON-RR'),'Female','WilliamHenryson@gmail.com',9736687811,'581 Gilmore Port
Heatherville, MS 20879','200-00-2049','Vaccinated','IN11');
Insert into HOSPITAL.PATIENT (PATIENTID,FIRSTNAME,LASTNAME,DOB,GENDER,EMAIL,PHONE,ADDRESS,SSN,COVIDSTATUS,INSURANCEID) values (300,'John','Tylerson',to_date('11-AUG-31','DD-MON-RR'),'Female','JohnTylerson@gmail.com',9736683476,'0001 Mack Mill
North Jennifer, NE 42021-5936','200-00-2050','PartiallyVaccinated','IN12');
Insert into HOSPITAL.PATIENT (PATIENTID,FIRSTNAME,LASTNAME,DOB,GENDER,EMAIL,PHONE,ADDRESS,SSN,COVIDSTATUS,INSURANCEID) values (301,'James','Polk',to_date('27-APR-32','DD-MON-RR'),'Female','JamesPolk@gmail.com',4703997817,'634 Robert Hill Apt. 800
Coxtown, OK 32430','222-22-2222','NotVaccinated','IN13');
Insert into HOSPITAL.PATIENT (PATIENTID,FIRSTNAME,LASTNAME,DOB,GENDER,EMAIL,PHONE,ADDRESS,SSN,COVIDSTATUS,INSURANCEID) values (302,'Zachary','Taylorson',to_date('20-OCT-54','DD-MON-RR'),'Male','ZacharyTaylorson@gmail.com',4703995511,'Unit 7029 Box 3429
DPO AE 56975','222-22-2222','NotVaccinated','IN14');
Insert into HOSPITAL.PATIENT (PATIENTID,FIRSTNAME,LASTNAME,DOB,GENDER,EMAIL,PHONE,ADDRESS,SSN,COVIDSTATUS,INSURANCEID) values (303,'Millard','Fillmorie',to_date('08-FEB-44','DD-MON-RR'),'Female','MillardFillmorie@gmail.com',4703998269,'USS Beasley
FPO AP 50556-7615','222-22-2220','PartiallyVaccinated','IN15');
Insert into HOSPITAL.PATIENT (PATIENTID,FIRSTNAME,LASTNAME,DOB,GENDER,EMAIL,PHONE,ADDRESS,SSN,COVIDSTATUS,INSURANCEID) values (304,'Franklin','Piercee',to_date('27-SEP-68','DD-MON-RR'),'Female','FranklinPiercee@gmail.com',4703997219,'109 Jessica Manor
North Patriciashire, PR 84726','222-22-2224','Vaccinated','IN16');
Insert into HOSPITAL.PATIENT (PATIENTID,FIRSTNAME,LASTNAME,DOB,GENDER,EMAIL,PHONE,ADDRESS,SSN,COVIDSTATUS,INSURANCEID) values (305,'James','Buchananson',to_date('22-MAY-94','DD-MON-RR'),'Male','JamesBuchananson@gmail.com',4703991626,'036 Mary Drive Apt. 581
Port Brandytown, FL 66143','222-22-2225','PartiallyVaccinated','IN17');
Insert into HOSPITAL.PATIENT (PATIENTID,FIRSTNAME,LASTNAME,DOB,GENDER,EMAIL,PHONE,ADDRESS,SSN,COVIDSTATUS,INSURANCEID) values (306,'Abraham','Lincolnn',to_date('27-MAY-86','DD-MON-RR'),'Female','AbrahamLincolnn@gmail.com',4703998535,'14548 Hayes Isle Apt. 436
Garciaville, IN 65366','222-22-2226','Vaccinated','IN18');
Insert into HOSPITAL.PATIENT (PATIENTID,FIRSTNAME,LASTNAME,DOB,GENDER,EMAIL,PHONE,ADDRESS,SSN,COVIDSTATUS,INSURANCEID) values (307,'Andrew','Johnsonson',to_date('09-APR-79','DD-MON-RR'),'Male','AndrewJohnsonson@gmail.com',4703993510,'08111 Barry Highway
Bentonberg, GU 13706','222-22-2227','NotVaccinated','IN19');
Insert into HOSPITAL.PATIENT (PATIENTID,FIRSTNAME,LASTNAME,DOB,GENDER,EMAIL,PHONE,ADDRESS,SSN,COVIDSTATUS,INSURANCEID) values (308,'Ulysses','Grantsomn',to_date('11-JUN-22','DD-MON-RR'),'Male','UlyssesGrantsomn@gmail.com',4703996050,'508 May Highway
Port Jacobview, MN 31932','222-22-2228','NotVaccinated','IN20');
Insert into HOSPITAL.PATIENT (PATIENTID,FIRSTNAME,LASTNAME,DOB,GENDER,EMAIL,PHONE,ADDRESS,SSN,COVIDSTATUS,INSURANCEID) values (309,'Rutherford','Hayess',to_date('16-AUG-30','DD-MON-RR'),'Female','RutherfordHayess@gmail.com',4703996772,'9781 Lopez Spurs Apt. 300
Fitzgeraldborough, MA 89035-4317','222-22-2229','NotVaccinated','IN21');
Insert into HOSPITAL.PATIENT (PATIENTID,FIRSTNAME,LASTNAME,DOB,GENDER,EMAIL,PHONE,ADDRESS,SSN,COVIDSTATUS,INSURANCEID) values (310,'James','Garfieldson',to_date('18-OCT-20','DD-MON-RR'),'Female','JamesGarfieldson@gmail.com',4703999070,'190 Kelley Burg
West Juliaport, IA 35826-8163','222-22-2222','Vaccinated','IN22');
Insert into HOSPITAL.PATIENT (PATIENTID,FIRSTNAME,LASTNAME,DOB,GENDER,EMAIL,PHONE,ADDRESS,SSN,COVIDSTATUS,INSURANCEID) values (311,'Chester','Arthurr',to_date('29-OCT-46','DD-MON-RR'),'Female','ChesterArthurr@gmail.com',4703991458,'Unit 7502 Box 8345
DPO AE 53747','222-22-2222','PartiallyVaccinated','IN23');
Insert into HOSPITAL.PATIENT (PATIENTID,FIRSTNAME,LASTNAME,DOB,GENDER,EMAIL,PHONE,ADDRESS,SSN,COVIDSTATUS,INSURANCEID) values (312,'Grover','Clevelandd',to_date('06-JUN-56','DD-MON-RR'),'Female','GroverClevelandd@gmail.com',4703998104,'49352 Avila Terrace Suite 624
Amandaland, GA 99736','222-22-2222','PartiallyVaccinated','IN24');
Insert into HOSPITAL.PATIENT (PATIENTID,FIRSTNAME,LASTNAME,DOB,GENDER,EMAIL,PHONE,ADDRESS,SSN,COVIDSTATUS,INSURANCEID) values (313,'Benjamin','Harrisson',to_date('03-MAY-76','DD-MON-RR'),'Male','BenjaminHarrisson@gmail.com',4703992116,'093 Larson Ports
West Kathryn, OK 91243','222-22-2220','PartiallyVaccinated','IN25');
Insert into HOSPITAL.PATIENT (PATIENTID,FIRSTNAME,LASTNAME,DOB,GENDER,EMAIL,PHONE,ADDRESS,SSN,COVIDSTATUS,INSURANCEID) values (314,'Grover','Clevelando',to_date('18-APR-15','DD-MON-RR'),'Female','GroverClevelando@gmail.com',4703990242,'43382 Heather Meadows
New Lisaburgh, WI 19151-0302','222-22-2224','NotVaccinated','IN26');
Insert into HOSPITAL.PATIENT (PATIENTID,FIRSTNAME,LASTNAME,DOB,GENDER,EMAIL,PHONE,ADDRESS,SSN,COVIDSTATUS,INSURANCEID) values (315,'William','McKinleyy',to_date('17-JUL-51','DD-MON-RR'),'Male','WilliamMcKinleyy@gmail.com',4703998075,'686 Baker Fords Suite 893
East John, IL 50171-9547','222-22-2225','NotVaccinated','IN27');
Insert into HOSPITAL.PATIENT (PATIENTID,FIRSTNAME,LASTNAME,DOB,GENDER,EMAIL,PHONE,ADDRESS,SSN,COVIDSTATUS,INSURANCEID) values (316,'Theodore','Roosevelt',to_date('21-MAY-84','DD-MON-RR'),'Male','TheodoreRoosevelt@gmail.com',4703993438,'456 Eric Views
North Amanda, MS 98876-3102','222-22-2226','PartiallyVaccinated','IN28');
Insert into HOSPITAL.PATIENT (PATIENTID,FIRSTNAME,LASTNAME,DOB,GENDER,EMAIL,PHONE,ADDRESS,SSN,COVIDSTATUS,INSURANCEID) values (317,'William','Howard',to_date('04-MAY-38','DD-MON-RR'),'Male','WilliamHoward@gmail.com',4703993900,'740 Marshall Squares
Davidbury, AL 94251-0846','222-22-2227','Vaccinated','IN29');
Insert into HOSPITAL.PATIENT (PATIENTID,FIRSTNAME,LASTNAME,DOB,GENDER,EMAIL,PHONE,ADDRESS,SSN,COVIDSTATUS,INSURANCEID) values (318,'Woodrow','Wilson',to_date('03-JUN-64','DD-MON-RR'),'Male','WoodrowWilson@gmail.com',4703994436,'9991 Macdonald Squares
Vasquezborough, WY 73586-4597','222-22-2228','Vaccinated','IN30');
Insert into HOSPITAL.PATIENT (PATIENTID,FIRSTNAME,LASTNAME,DOB,GENDER,EMAIL,PHONE,ADDRESS,SSN,COVIDSTATUS,INSURANCEID) values (319,'Warren','Harding',to_date('11-DEC-06','DD-MON-RR'),'Male','WarrenHarding@gmail.com',4703996200,'363 Kathleen Underpass
Ashleyside, PR 98964','222-22-2229','Vaccinated','IN31');
Insert into HOSPITAL.PATIENT (PATIENTID,FIRSTNAME,LASTNAME,DOB,GENDER,EMAIL,PHONE,ADDRESS,SSN,COVIDSTATUS,INSURANCEID) values (320,'Calvin','Coolidge',to_date('05-SEP-16','DD-MON-RR'),'Female','CalvinCoolidge@gmail.com',4703992445,'63010 Reyes Creek Apt. 569
West Catherinetown, MN 67491-6816','222-22-2222','Vaccinated','IN32');
Insert into HOSPITAL.PATIENT (PATIENTID,FIRSTNAME,LASTNAME,DOB,GENDER,EMAIL,PHONE,ADDRESS,SSN,COVIDSTATUS,INSURANCEID) values (321,'Herbert','Hoover',to_date('01-OCT-56','DD-MON-RR'),'Male','HerbertHoover@gmail.com',4703995428,'66340 Michael Lane Suite 878
West Brian, LA 69137-1147','222-22-2222','NotVaccinated','IN33');
Insert into HOSPITAL.PATIENT (PATIENTID,FIRSTNAME,LASTNAME,DOB,GENDER,EMAIL,PHONE,ADDRESS,SSN,COVIDSTATUS,INSURANCEID) values (322,'Franklin','Roosevelt',to_date('30-SEP-66','DD-MON-RR'),'Male','FranklinRoosevelt@gmail.com',4703998153,'4475 Lopez Stravenue Apt. 690
Smithchester, NV 84347','222-22-2222','Vaccinated','IN34');
Insert into HOSPITAL.PATIENT (PATIENTID,FIRSTNAME,LASTNAME,DOB,GENDER,EMAIL,PHONE,ADDRESS,SSN,COVIDSTATUS,INSURANCEID) values (323,'Harry','Truman',to_date('06-AUG-86','DD-MON-RR'),'Female','HarryTruman@gmail.com',4703995039,'229 Eric Mountains
New Caleb, PA 00396','222-22-2220','NotVaccinated','IN35');
Insert into HOSPITAL.PATIENT (PATIENTID,FIRSTNAME,LASTNAME,DOB,GENDER,EMAIL,PHONE,ADDRESS,SSN,COVIDSTATUS,INSURANCEID) values (324,'Dwight','Eisenhower',to_date('10-JAN-74','DD-MON-RR'),'Female','DwightEisenhower@gmail.com',4703990170,'3976 Tom Streets Suite 438
Port Davidtown, AL 55334-2369','222-22-2224','NotVaccinated','IN36');
Insert into HOSPITAL.PATIENT (PATIENTID,FIRSTNAME,LASTNAME,DOB,GENDER,EMAIL,PHONE,ADDRESS,SSN,COVIDSTATUS,INSURANCEID) values (325,'John','Kennedy',to_date('10-DEC-29','DD-MON-RR'),'Male','JohnKennedy@gmail.com',4703990514,'06103 Erik Fields Suite 781
Jonesmouth, GA 49931-3078','222-22-2225','Vaccinated','IN37');
Insert into HOSPITAL.PATIENT (PATIENTID,FIRSTNAME,LASTNAME,DOB,GENDER,EMAIL,PHONE,ADDRESS,SSN,COVIDSTATUS,INSURANCEID) values (326,'Lyndon','Johnson',to_date('18-DEC-27','DD-MON-RR'),'Male','LyndonJohnson@gmail.com',4703996999,'510 Michele Port
East Angela, HI 23618','222-22-2226','NotVaccinated','IN38');
Insert into HOSPITAL.PATIENT (PATIENTID,FIRSTNAME,LASTNAME,DOB,GENDER,EMAIL,PHONE,ADDRESS,SSN,COVIDSTATUS,INSURANCEID) values (327,'Richard','Nixon',to_date('10-APR-49','DD-MON-RR'),'Male','RichardNixon@gmail.com',4703990759,'2064 Poole Groves
North Chrisland, SC 78169','222-22-2227','NotVaccinated','IN39');
Insert into HOSPITAL.PATIENT (PATIENTID,FIRSTNAME,LASTNAME,DOB,GENDER,EMAIL,PHONE,ADDRESS,SSN,COVIDSTATUS,INSURANCEID) values (328,'Gerald','Ford',to_date('01-OCT-85','DD-MON-RR'),'Male','GeraldFord@gmail.com',4703991764,'57120 Frank Keys
Jerryborough, DC 81028-0939','222-22-2228','PartiallyVaccinated','IN40');
Insert into HOSPITAL.PATIENT (PATIENTID,FIRSTNAME,LASTNAME,DOB,GENDER,EMAIL,PHONE,ADDRESS,SSN,COVIDSTATUS,INSURANCEID) values (329,'Jimmy','Carter',to_date('18-JUL-59','DD-MON-RR'),'Female','JimmyCarter@gmail.com',4703999209,'6734 Perez Trafficway Suite 395
Nunezland, NC 83245','222-22-2229','NotVaccinated','IN41');
Insert into HOSPITAL.PATIENT (PATIENTID,FIRSTNAME,LASTNAME,DOB,GENDER,EMAIL,PHONE,ADDRESS,SSN,COVIDSTATUS,INSURANCEID) values (330,'Ronald','Reagan',to_date('22-NOV-99','DD-MON-RR'),'Female','RonaldReagan@gmail.com',4703992172,'649 King Extension
North April, NY 54175','222-22-2202','PartiallyVaccinated','IN42');
Insert into HOSPITAL.PATIENT (PATIENTID,FIRSTNAME,LASTNAME,DOB,GENDER,EMAIL,PHONE,ADDRESS,SSN,COVIDSTATUS,INSURANCEID) values (331,'George','Bush',to_date('03-JAN-92','DD-MON-RR'),'Male','GeorgeBush@gmail.com',4703998747,'732 Heather Place
North Michael, VT 92527','222-22-2202','PartiallyVaccinated','IN43');
Insert into HOSPITAL.PATIENT (PATIENTID,FIRSTNAME,LASTNAME,DOB,GENDER,EMAIL,PHONE,ADDRESS,SSN,COVIDSTATUS,INSURANCEID) values (332,'Bill','Clinton',to_date('05-JUN-86','DD-MON-RR'),'Male','BillClinton@gmail.com',4703997006,'8248 Parker Overpass Apt. 024
Lake Pamela, WY 44322-1735','222-22-2202','NotVaccinated','IN44');
Insert into HOSPITAL.PATIENT (PATIENTID,FIRSTNAME,LASTNAME,DOB,GENDER,EMAIL,PHONE,ADDRESS,SSN,COVIDSTATUS,INSURANCEID) values (333,'George','Hush',to_date('06-MAY-51','DD-MON-RR'),'Male','GeorgeHush@gmail.com',4703997543,'15298 Erickson Shore Apt. 056
South Patrickfort, MD 16503-3145','222-22-2200','Vaccinated','IN45');
Insert into HOSPITAL.PATIENT (PATIENTID,FIRSTNAME,LASTNAME,DOB,GENDER,EMAIL,PHONE,ADDRESS,SSN,COVIDSTATUS,INSURANCEID) values (334,'Barack','Obama',to_date('23-JAN-98','DD-MON-RR'),'Male','BarackObama@gmail.com',4703996354,'4835 Jessica Walk Suite 205
West Jacob, NH 93681','222-22-2204','Vaccinated','IN46');
Insert into HOSPITAL.PATIENT (PATIENTID,FIRSTNAME,LASTNAME,DOB,GENDER,EMAIL,PHONE,ADDRESS,SSN,COVIDSTATUS,INSURANCEID) values (335,'Donald','Trump',to_date('09-MAY-20','DD-MON-RR'),'Female','DonaldTrump@gmail.com',4703997816,'920 Anderson Extensions
Greenfurt, GA 19316-3498','222-22-2205','Vaccinated','IN47');
Insert into HOSPITAL.PATIENT (PATIENTID,FIRSTNAME,LASTNAME,DOB,GENDER,EMAIL,PHONE,ADDRESS,SSN,COVIDSTATUS,INSURANCEID) values (336,'George','Washington',to_date('22-SEP-96','DD-MON-RR'),'Male','GeorgeWashington@gmail.com',4703990966,'4301 Park Lake Apt. 158
Spencertown, SD 45934','222-22-2206','PartiallyVaccinated','IN48');
Insert into HOSPITAL.PATIENT (PATIENTID,FIRSTNAME,LASTNAME,DOB,GENDER,EMAIL,PHONE,ADDRESS,SSN,COVIDSTATUS,INSURANCEID) values (337,'John','Adams',to_date('16-JAN-98','DD-MON-RR'),'Male','JohnAdams@gmail.com',4703995275,'52326 Townsend Centers
Lake Williamburgh, NJ 70568-7463','222-22-2207','NotVaccinated','IN209');
Insert into HOSPITAL.PATIENT (PATIENTID,FIRSTNAME,LASTNAME,DOB,GENDER,EMAIL,PHONE,ADDRESS,SSN,COVIDSTATUS,INSURANCEID) values (338,'Thomas','Jefferson',to_date('05-DEC-87','DD-MON-RR'),'Female','ThomasJefferson@gmail.com',4703990297,'157 Linda Roads
New Jimmyshire, MH 51942','222-22-2208','PartiallyVaccinated','IN210');
Insert into HOSPITAL.PATIENT (PATIENTID,FIRSTNAME,LASTNAME,DOB,GENDER,EMAIL,PHONE,ADDRESS,SSN,COVIDSTATUS,INSURANCEID) values (339,'James','Madison',to_date('03-JUL-66','DD-MON-RR'),'Male','JamesMadison@gmail.com',4703998673,'3687 Sarah Ranch Suite 919
Gainesfort, AK 05665','222-22-2209','Vaccinated','IN211');
Insert into HOSPITAL.PATIENT (PATIENTID,FIRSTNAME,LASTNAME,DOB,GENDER,EMAIL,PHONE,ADDRESS,SSN,COVIDSTATUS,INSURANCEID) values (340,'James','Monroe',to_date('04-OCT-64','DD-MON-RR'),'Female','JamesMonroe@gmail.com',4703998703,'314 Kidd Run
Johnfort, KS 46546-2732','222-22-2242','NotVaccinated','IN212');
Insert into HOSPITAL.PATIENT (PATIENTID,FIRSTNAME,LASTNAME,DOB,GENDER,EMAIL,PHONE,ADDRESS,SSN,COVIDSTATUS,INSURANCEID) values (341,'John','Quincy',to_date('17-DEC-30','DD-MON-RR'),'Male','JohnQuincy@gmail.com',4703996191,'06307 Scott Spurs Suite 161
Jessicaburgh, NH 26093-5908','222-22-2242','PartiallyVaccinated','IN213');
Insert into HOSPITAL.PATIENT (PATIENTID,FIRSTNAME,LASTNAME,DOB,GENDER,EMAIL,PHONE,ADDRESS,SSN,COVIDSTATUS,INSURANCEID) values (342,'Andrew','Jackson',to_date('11-FEB-30','DD-MON-RR'),'Male','AndrewJackson@gmail.com',4703997965,'3485 Anthony Street Apt. 119
Mikeberg, FL 32602','222-22-2242','PartiallyVaccinated','IN214');
Insert into HOSPITAL.PATIENT (PATIENTID,FIRSTNAME,LASTNAME,DOB,GENDER,EMAIL,PHONE,ADDRESS,SSN,COVIDSTATUS,INSURANCEID) values (343,'Martin','Van',to_date('29-MAY-41','DD-MON-RR'),'Male','MartinVan@gmail.com',4703998231,'91542 Jessica Springs Suite 255
Thomashaven, MT 39239-3790','222-22-2240','PartiallyVaccinated','IN215');
Insert into HOSPITAL.PATIENT (PATIENTID,FIRSTNAME,LASTNAME,DOB,GENDER,EMAIL,PHONE,ADDRESS,SSN,COVIDSTATUS,INSURANCEID) values (344,'William','Henry',to_date('24-MAR-89','DD-MON-RR'),'Female','WilliamHenry@gmail.com',4703999827,'410 Gonzalez Corners Apt. 187
East Stephenport, VT 22771','222-22-2244','PartiallyVaccinated','IN216');
Insert into HOSPITAL.PATIENT (PATIENTID,FIRSTNAME,LASTNAME,DOB,GENDER,EMAIL,PHONE,ADDRESS,SSN,COVIDSTATUS,INSURANCEID) values (345,'John','Tyler',to_date('30-MAR-16','DD-MON-RR'),'Male','JohnTyler@gmail.com',4703995092,'407 Blake Ways
Port Davidland, WA 78438','222-22-2245','Vaccinated','IN217');
Insert into HOSPITAL.PATIENT (PATIENTID,FIRSTNAME,LASTNAME,DOB,GENDER,EMAIL,PHONE,ADDRESS,SSN,COVIDSTATUS,INSURANCEID) values (346,'James','K.',to_date('18-NOV-29','DD-MON-RR'),'Female','JamesK.@gmail.com',4703999885,'1583 Anderson Coves
East Rebecca, NH 27212','222-22-2246','PartiallyVaccinated','IN218');
Insert into HOSPITAL.PATIENT (PATIENTID,FIRSTNAME,LASTNAME,DOB,GENDER,EMAIL,PHONE,ADDRESS,SSN,COVIDSTATUS,INSURANCEID) values (347,'Zachary','Taylor',to_date('26-DEC-28','DD-MON-RR'),'Female','ZacharyTaylor@gmail.com',4703997561,'32303 Baldwin Causeway
South Robertside, HI 58126','222-22-2247','PartiallyVaccinated','IN219');
Insert into HOSPITAL.PATIENT (PATIENTID,FIRSTNAME,LASTNAME,DOB,GENDER,EMAIL,PHONE,ADDRESS,SSN,COVIDSTATUS,INSURANCEID) values (348,'Millard','Fillmore',to_date('24-AUG-51','DD-MON-RR'),'Male','MillardFillmore@gmail.com',4703999550,'395 Summers Courts Apt. 413
Coopermouth, IA 21205-1079','222-22-2248','PartiallyVaccinated','IN220');
Insert into HOSPITAL.PATIENT (PATIENTID,FIRSTNAME,LASTNAME,DOB,GENDER,EMAIL,PHONE,ADDRESS,SSN,COVIDSTATUS,INSURANCEID) values (349,'Franklin','Pierce',to_date('23-APR-26','DD-MON-RR'),'Female','FranklinPierce@gmail.com',4703996739,'0360 Pearson Dam Suite 263
Lake Shawn, UT 65986-4190','222-22-2249','PartiallyVaccinated','IN221');
Insert into HOSPITAL.PATIENT (PATIENTID,FIRSTNAME,LASTNAME,DOB,GENDER,EMAIL,PHONE,ADDRESS,SSN,COVIDSTATUS,INSURANCEID) values (350,'James','Buchanan',to_date('09-AUG-75','DD-MON-RR'),'Male','JamesBuchanan@gmail.com',4703998794,'74839 Michael Plains Suite 356
South Austinshire, ND 40309-1424','200-00-2000','Vaccinated','IN222');
Insert into HOSPITAL.PATIENT (PATIENTID,FIRSTNAME,LASTNAME,DOB,GENDER,EMAIL,PHONE,ADDRESS,SSN,COVIDSTATUS,INSURANCEID) values (351,'Abraham','Lincoln',to_date('03-JAN-75','DD-MON-RR'),'Female','AbrahamLincoln@gmail.com',4703993596,'27032 Michelle Forest
Morrowtown, ND 14749','200-00-2002','PartiallyVaccinated','IN223');
Insert into HOSPITAL.PATIENT (PATIENTID,FIRSTNAME,LASTNAME,DOB,GENDER,EMAIL,PHONE,ADDRESS,SSN,COVIDSTATUS,INSURANCEID) values (352,'Andrew','Johnson',to_date('31-MAR-36','DD-MON-RR'),'Male','AndrewJohnson@gmail.com',4703996595,'01512 Hendricks Rue
East Pamela, PR 46481','200-00-2000','PartiallyVaccinated','IN99');
Insert into HOSPITAL.PATIENT (PATIENTID,FIRSTNAME,LASTNAME,DOB,GENDER,EMAIL,PHONE,ADDRESS,SSN,COVIDSTATUS,INSURANCEID) values (353,'Ulysses','Grant',to_date('14-OCT-86','DD-MON-RR'),'Female','UlyssesGrant@gmail.com',4703995779,'5527 Hogan Road
South Jeffreychester, MA 28632','200-00-2004','PartiallyVaccinated','IN100');
Insert into HOSPITAL.PATIENT (PATIENTID,FIRSTNAME,LASTNAME,DOB,GENDER,EMAIL,PHONE,ADDRESS,SSN,COVIDSTATUS,INSURANCEID) values (354,'Rutherford','Hayes',to_date('18-AUG-25','DD-MON-RR'),'Female','RutherfordHayes@gmail.com',4703993134,'7346 Jennifer Green Suite 148
Wagnertown, MT 65972','200-00-2005','NotVaccinated','IN101');
Insert into HOSPITAL.PATIENT (PATIENTID,FIRSTNAME,LASTNAME,DOB,GENDER,EMAIL,PHONE,ADDRESS,SSN,COVIDSTATUS,INSURANCEID) values (355,'James','Garfield',to_date('21-APR-12','DD-MON-RR'),'Female','JamesGarfield@gmail.com',4703990808,'37216 Krista Drives
West Andrew, DE 70036','200-00-2006','Vaccinated','IN102');
Insert into HOSPITAL.PATIENT (PATIENTID,FIRSTNAME,LASTNAME,DOB,GENDER,EMAIL,PHONE,ADDRESS,SSN,COVIDSTATUS,INSURANCEID) values (356,'Chester','Arthur',to_date('13-OCT-00','DD-MON-RR'),'Male','ChesterArthur@gmail.com',4703993174,'1094 Bentley Forges
Lake Antonio, MA 29181-3664','200-00-2007','Vaccinated','IN103');
Insert into HOSPITAL.PATIENT (PATIENTID,FIRSTNAME,LASTNAME,DOB,GENDER,EMAIL,PHONE,ADDRESS,SSN,COVIDSTATUS,INSURANCEID) values (357,'Grover','Clevelanden',to_date('02-FEB-17','DD-MON-RR'),'Female','GroverClevelanden@gmail.com',4703990685,'922 Hampton Path Suite 198
Port Jasonmouth, FL 46623','200-00-2008','NotVaccinated','IN104');
Insert into HOSPITAL.PATIENT (PATIENTID,FIRSTNAME,LASTNAME,DOB,GENDER,EMAIL,PHONE,ADDRESS,SSN,COVIDSTATUS,INSURANCEID) values (358,'Benjamin','Harrison',to_date('12-DEC-89','DD-MON-RR'),'Male','BenjaminHarrison@gmail.com',4703997383,'0833 Brian Canyon Suite 566
Anthonymouth, VT 01329-7541','200-00-2009','Vaccinated','IN105');
Insert into HOSPITAL.PATIENT (PATIENTID,FIRSTNAME,LASTNAME,DOB,GENDER,EMAIL,PHONE,ADDRESS,SSN,COVIDSTATUS,INSURANCEID) values (359,'Grover','Cleveland',to_date('29-MAR-96','DD-MON-RR'),'Male','GroverCleveland@gmail.com',4703998788,'577 Peters Turnpike
Loriport, MA 60572-1669','200-00-2000','NotVaccinated','IN106');
Insert into HOSPITAL.PATIENT (PATIENTID,FIRSTNAME,LASTNAME,DOB,GENDER,EMAIL,PHONE,ADDRESS,SSN,COVIDSTATUS,INSURANCEID) values (360,'William','McKinley',to_date('19-JUN-69','DD-MON-RR'),'Female','WilliamMcKinley@gmail.com',4703994458,'0281 Dale Wells Suite 656
East Joshua, ME 73389','200-00-2000','Vaccinated','IN107');
Insert into HOSPITAL.PATIENT (PATIENTID,FIRSTNAME,LASTNAME,DOB,GENDER,EMAIL,PHONE,ADDRESS,SSN,COVIDSTATUS,INSURANCEID) values (361,'Theodore','Roosevelton',to_date('12-SEP-09','DD-MON-RR'),'Female','TheodoreRoosevelton@gmail.com',4703994235,'13164 Miller Camp
South Deannaberg, ID 85433','200-00-2002','NotVaccinated','IN108');
Insert into HOSPITAL.PATIENT (PATIENTID,FIRSTNAME,LASTNAME,DOB,GENDER,EMAIL,PHONE,ADDRESS,SSN,COVIDSTATUS,INSURANCEID) values (362,'William','Howardson',to_date('19-SEP-66','DD-MON-RR'),'Male','WilliamHowardson@gmail.com',4703995698,'389 Joshua Stravenue Apt. 983
Martinezland, MN 29049','200-00-2000','NotVaccinated','IN109');
Insert into HOSPITAL.PATIENT (PATIENTID,FIRSTNAME,LASTNAME,DOB,GENDER,EMAIL,PHONE,ADDRESS,SSN,COVIDSTATUS,INSURANCEID) values (363,'Woodrow','Wilsonnie',to_date('29-SEP-00','DD-MON-RR'),'Male','WoodrowWilsonnie@gmail.com',4703990123,'497 Julian Brook Suite 872
Hillberg, FM 87927-5760','200-00-2004','Vaccinated','IN110');
Insert into HOSPITAL.PATIENT (PATIENTID,FIRSTNAME,LASTNAME,DOB,GENDER,EMAIL,PHONE,ADDRESS,SSN,COVIDSTATUS,INSURANCEID) values (364,'Warren','G.',to_date('02-SEP-03','DD-MON-RR'),'Female','WarrenG.@gmail.com',4703999558,'78297 Brown Street Apt. 786
East Taylorfurt, AK 97246','200-00-2005','PartiallyVaccinated','IN111');
Insert into HOSPITAL.PATIENT (PATIENTID,FIRSTNAME,LASTNAME,DOB,GENDER,EMAIL,PHONE,ADDRESS,SSN,COVIDSTATUS,INSURANCEID) values (365,'Calvin','Coolidgo',to_date('12-APR-99','DD-MON-RR'),'Female','CalvinCoolidgo@gmail.com',4703997446,'2595 James Creek Apt. 571
Millerberg, HI 82236','200-00-2006','NotVaccinated','IN112');
Insert into HOSPITAL.PATIENT (PATIENTID,FIRSTNAME,LASTNAME,DOB,GENDER,EMAIL,PHONE,ADDRESS,SSN,COVIDSTATUS,INSURANCEID) values (366,'Herbert','Hooverd',to_date('05-MAR-67','DD-MON-RR'),'Female','HerbertHooverd@gmail.com',4703998217,'97686 Robertson Cape Suite 607
Port Veronicaside, NE 47293','200-00-2007','PartiallyVaccinated','IN113');
Insert into HOSPITAL.PATIENT (PATIENTID,FIRSTNAME,LASTNAME,DOB,GENDER,EMAIL,PHONE,ADDRESS,SSN,COVIDSTATUS,INSURANCEID) values (367,'Franklin','D.',to_date('07-JUL-01','DD-MON-RR'),'Female','FranklinD.@gmail.com',4703998277,'9863 Dawn Court Suite 429
Lake Connie, MI 12238','200-00-2008','PartiallyVaccinated','IN114');
Insert into HOSPITAL.PATIENT (PATIENTID,FIRSTNAME,LASTNAME,DOB,GENDER,EMAIL,PHONE,ADDRESS,SSN,COVIDSTATUS,INSURANCEID) values (368,'Harry','S.',to_date('01-JAN-81','DD-MON-RR'),'Male','HarryS.@gmail.com',4703995980,'51173 Curtis Cliff Apt. 727
Ramoston, DE 32714-4579','200-00-2009','PartiallyVaccinated','IN460');
Insert into HOSPITAL.PATIENT (PATIENTID,FIRSTNAME,LASTNAME,DOB,GENDER,EMAIL,PHONE,ADDRESS,SSN,COVIDSTATUS,INSURANCEID) values (369,'Dwight','D.',to_date('04-NOV-04','DD-MON-RR'),'Male','DwightD.@gmail.com',4703997058,'939 Watson Run
Staceyberg, VT 58376-0454','200-00-2020','Vaccinated','IN461');
Insert into HOSPITAL.PATIENT (PATIENTID,FIRSTNAME,LASTNAME,DOB,GENDER,EMAIL,PHONE,ADDRESS,SSN,COVIDSTATUS,INSURANCEID) values (370,'John','F.',to_date('05-JUN-09','DD-MON-RR'),'Female','JohnF.@gmail.com',4703990843,'368 Morris Ports Apt. 735
New Lisaville, GA 34271-8632','200-00-2020','NotVaccinated','IN462');
Insert into HOSPITAL.PATIENT (PATIENTID,FIRSTNAME,LASTNAME,DOB,GENDER,EMAIL,PHONE,ADDRESS,SSN,COVIDSTATUS,INSURANCEID) values (371,'Lyndon','B.',to_date('20-DEC-87','DD-MON-RR'),'Male','LyndonB.@gmail.com',4703991912,'16338 Scott Corner Suite 727
West Alexandra, AR 54429','200-00-2022','Vaccinated','IN463');
Insert into HOSPITAL.PATIENT (PATIENTID,FIRSTNAME,LASTNAME,DOB,GENDER,EMAIL,PHONE,ADDRESS,SSN,COVIDSTATUS,INSURANCEID) values (372,'Richard','Nixonn',to_date('20-NOV-58','DD-MON-RR'),'Female','RichardNixonn@gmail.com',4703999819,'Unit 1609 Box 3480
DPO AA 95185','200-00-2020','NotVaccinated','IN464');
Insert into HOSPITAL.PATIENT (PATIENTID,FIRSTNAME,LASTNAME,DOB,GENDER,EMAIL,PHONE,ADDRESS,SSN,COVIDSTATUS,INSURANCEID) values (373,'Gerald','Fordd',to_date('12-JUL-85','DD-MON-RR'),'Male','GeraldFordd@gmail.com',4703992168,'486 Adams Hills
North Walter, MS 18124','200-00-2024','Vaccinated','IN465');
Insert into HOSPITAL.PATIENT (PATIENTID,FIRSTNAME,LASTNAME,DOB,GENDER,EMAIL,PHONE,ADDRESS,SSN,COVIDSTATUS,INSURANCEID) values (374,'Jimmy','Carterson',to_date('09-NOV-13','DD-MON-RR'),'Female','JimmyCarterson@gmail.com',4703997858,'69279 Stewart Mountains
South Pamela, KS 22541-3414','200-00-2025','NotVaccinated','IN466');
Insert into HOSPITAL.PATIENT (PATIENTID,FIRSTNAME,LASTNAME,DOB,GENDER,EMAIL,PHONE,ADDRESS,SSN,COVIDSTATUS,INSURANCEID) values (375,'Ronald','Reaganor',to_date('15-NOV-01','DD-MON-RR'),'Male','RonaldReaganor@gmail.com',4703993819,'0128 Sampson Loop Suite 943
Hoffmanton, MO 02122','200-00-2026','PartiallyVaccinated','IN467');
Insert into HOSPITAL.PATIENT (PATIENTID,FIRSTNAME,LASTNAME,DOB,GENDER,EMAIL,PHONE,ADDRESS,SSN,COVIDSTATUS,INSURANCEID) values (376,'George','H.',to_date('04-MAR-16','DD-MON-RR'),'Female','GeorgeH.@gmail.com',4703999175,'89301 Kylie Crossroad
Petersonberg, MH 23834','200-00-2027','Vaccinated','IN468');
Insert into HOSPITAL.PATIENT (PATIENTID,FIRSTNAME,LASTNAME,DOB,GENDER,EMAIL,PHONE,ADDRESS,SSN,COVIDSTATUS,INSURANCEID) values (377,'Bill','Clintonn',to_date('13-JUN-62','DD-MON-RR'),'Male','BillClintonn@gmail.com',4703999446,'0554 Powers Curve
Nathanchester, FL 06878-6336','200-00-2028','PartiallyVaccinated','IN469');
Insert into HOSPITAL.PATIENT (PATIENTID,FIRSTNAME,LASTNAME,DOB,GENDER,EMAIL,PHONE,ADDRESS,SSN,COVIDSTATUS,INSURANCEID) values (378,'George','W.',to_date('08-JAN-28','DD-MON-RR'),'Male','GeorgeW.@gmail.com',4703998409,'770 Katie Walk Apt. 585
Port David, MN 52850','200-00-2029','Vaccinated','IN470');
Insert into HOSPITAL.PATIENT (PATIENTID,FIRSTNAME,LASTNAME,DOB,GENDER,EMAIL,PHONE,ADDRESS,SSN,COVIDSTATUS,INSURANCEID) values (379,'Barack','Odama',to_date('01-JUN-26','DD-MON-RR'),'Male','BarackOdama@gmail.com',4703996998,'0506 Pitts Forks
Woodsbury, AL 98082-8186','200-00-2000','NotVaccinated','IN471');
Insert into HOSPITAL.PATIENT (PATIENTID,FIRSTNAME,LASTNAME,DOB,GENDER,EMAIL,PHONE,ADDRESS,SSN,COVIDSTATUS,INSURANCEID) values (380,'Donald','Trumpp',to_date('07-APR-65','DD-MON-RR'),'Female','DonaldTrumpp@gmail.com',4703996736,'92028 Thomas Mountains Suite 044
New Matthew, MI 02429-0994','200-00-2000','Vaccinated','IN472');
Insert into HOSPITAL.PATIENT (PATIENTID,FIRSTNAME,LASTNAME,DOB,GENDER,EMAIL,PHONE,ADDRESS,SSN,COVIDSTATUS,INSURANCEID) values (381,'George','Washinmachine',to_date('04-APR-54','DD-MON-RR'),'Female','GeorgeWashinmachine@gmail.com',4703998856,'8456 Joseph Locks Suite 926
Christopherport, TN 57784','200-00-2002','Vaccinated','IN473');
Insert into HOSPITAL.PATIENT (PATIENTID,FIRSTNAME,LASTNAME,DOB,GENDER,EMAIL,PHONE,ADDRESS,SSN,COVIDSTATUS,INSURANCEID) values (382,'John','Adamson',to_date('11-JAN-99','DD-MON-RR'),'Male','JohnAdamson@gmail.com',4703991830,'64460 Morris Fords
Gonzalesmouth, MI 40832','200-00-2000','Vaccinated','IN474');
Insert into HOSPITAL.PATIENT (PATIENTID,FIRSTNAME,LASTNAME,DOB,GENDER,EMAIL,PHONE,ADDRESS,SSN,COVIDSTATUS,INSURANCEID) values (383,'Thomas','Jefferton',to_date('12-DEC-94','DD-MON-RR'),'Male','ThomasJefferton@gmail.com',4703993406,'3933 Brooke Point
Johnsonburgh, DE 22659-3488','200-00-2004','PartiallyVaccinated','IN475');
Insert into HOSPITAL.PATIENT (PATIENTID,FIRSTNAME,LASTNAME,DOB,GENDER,EMAIL,PHONE,ADDRESS,SSN,COVIDSTATUS,INSURANCEID) values (384,'James','Madisonnn',to_date('16-SEP-35','DD-MON-RR'),'Male','JamesMadisonnn@gmail.com',4703992350,'313 Lisa Loop Apt. 543
North Jenniferchester, MN 58819','200-00-2005','PartiallyVaccinated','IN476');
Insert into HOSPITAL.PATIENT (PATIENTID,FIRSTNAME,LASTNAME,DOB,GENDER,EMAIL,PHONE,ADDRESS,SSN,COVIDSTATUS,INSURANCEID) values (385,'James','Monish',to_date('15-OCT-34','DD-MON-RR'),'Female','JamesMonish@gmail.com',4703997874,'62106 Nathan Mountain Suite 505
North Matthewborough, AZ 32092-6122','200-00-2006','PartiallyVaccinated','IN477');
Insert into HOSPITAL.PATIENT (PATIENTID,FIRSTNAME,LASTNAME,DOB,GENDER,EMAIL,PHONE,ADDRESS,SSN,COVIDSTATUS,INSURANCEID) values (386,'John','Quincyy',to_date('24-MAR-49','DD-MON-RR'),'Male','JohnQuincyy@gmail.com',4703995645,'39209 Cooper Neck Apt. 541
Tylermouth, ME 94450','200-00-2007','PartiallyVaccinated','IN478');
Insert into HOSPITAL.PATIENT (PATIENTID,FIRSTNAME,LASTNAME,DOB,GENDER,EMAIL,PHONE,ADDRESS,SSN,COVIDSTATUS,INSURANCEID) values (387,'Andrew','Jacksone',to_date('23-JUL-54','DD-MON-RR'),'Male','AndrewJacksone@gmail.com',4703999568,'87270 Garrett Cliffs Suite 361
Brooksberg, MO 26555-2502','200-00-2008','NotVaccinated','IN479');
Insert into HOSPITAL.PATIENT (PATIENTID,FIRSTNAME,LASTNAME,DOB,GENDER,EMAIL,PHONE,ADDRESS,SSN,COVIDSTATUS,INSURANCEID) values (388,'Martin','Vane',to_date('10-AUG-35','DD-MON-RR'),'Male','MartinVane@gmail.com',4703995673,'309 Singleton Hollow
Matthewhaven, NJ 68776-7477','200-00-2009','NotVaccinated','IN480');
Insert into HOSPITAL.PATIENT (PATIENTID,FIRSTNAME,LASTNAME,DOB,GENDER,EMAIL,PHONE,ADDRESS,SSN,COVIDSTATUS,INSURANCEID) values (389,'William','Henryy',to_date('19-SEP-17','DD-MON-RR'),'Male','WilliamHenryy@gmail.com',4703996601,'186 Anthony Route
Gordonview, AS 78120-4633','200-00-2040','Vaccinated','IN481');
Insert into HOSPITAL.PATIENT (PATIENTID,FIRSTNAME,LASTNAME,DOB,GENDER,EMAIL,PHONE,ADDRESS,SSN,COVIDSTATUS,INSURANCEID) values (390,'John','Tailor',to_date('16-JAN-46','DD-MON-RR'),'Male','JohnTailor@gmail.com',4703994411,'00615 Tracy Islands
New Marcfort, MO 87297-7431','200-00-2040','Vaccinated','IN482');
Insert into HOSPITAL.PATIENT (PATIENTID,FIRSTNAME,LASTNAME,DOB,GENDER,EMAIL,PHONE,ADDRESS,SSN,COVIDSTATUS,INSURANCEID) values (391,'William','Johnson',to_date('09-AUG-66','DD-MON-RR'),'Female','WilliamJohnson@gmail.com',4703997048,'96480 White Lane Suite 521
Pattersonhaven, OR 39409-4561','200-00-2042','NotVaccinated','IN483');
Insert into HOSPITAL.PATIENT (PATIENTID,FIRSTNAME,LASTNAME,DOB,GENDER,EMAIL,PHONE,ADDRESS,SSN,COVIDSTATUS,INSURANCEID) values (392,'John','Smith',to_date('27-OCT-65','DD-MON-RR'),'Male','JohnSmith@gmail.com',4703997126,'14064 Frazier Hills Apt. 176
Amyborough, MP 77858-0018','200-00-2040','NotVaccinated','IN484');
Insert into HOSPITAL.PATIENT (PATIENTID,FIRSTNAME,LASTNAME,DOB,GENDER,EMAIL,PHONE,ADDRESS,SSN,COVIDSTATUS,INSURANCEID) values (393,'Robert','Williams',to_date('07-NOV-93','DD-MON-RR'),'Female','RobertWilliams@gmail.com',4703995753,'02136 White Grove Suite 418
Marytown, DE 70033','200-00-2044','NotVaccinated','IN485');
Insert into HOSPITAL.PATIENT (PATIENTID,FIRSTNAME,LASTNAME,DOB,GENDER,EMAIL,PHONE,ADDRESS,SSN,COVIDSTATUS,INSURANCEID) values (394,'Christopher','Jones',to_date('18-SEP-24','DD-MON-RR'),'Female','ChristopherJones@gmail.com',4703994914,'6586 Reginald Crest Apt. 061
North Josephfort, NM 55275','200-00-2045','Vaccinated','IN486');
Insert into HOSPITAL.PATIENT (PATIENTID,FIRSTNAME,LASTNAME,DOB,GENDER,EMAIL,PHONE,ADDRESS,SSN,COVIDSTATUS,INSURANCEID) values (395,'Joseph','Brown',to_date('31-DEC-02','DD-MON-RR'),'Male','JosephBrown@gmail.com',4703996042,'2749 Cunningham Flat Apt. 838
Derekberg, OH 45288','200-00-2046','NotVaccinated','IN487');
Insert into HOSPITAL.PATIENT (PATIENTID,FIRSTNAME,LASTNAME,DOB,GENDER,EMAIL,PHONE,ADDRESS,SSN,COVIDSTATUS,INSURANCEID) values (396,'Timothy','Davis',to_date('12-JUL-56','DD-MON-RR'),'Female','TimothyDavis@gmail.com',4703993585,'33940 Craig Throughway Apt. 334
Martinview, IL 62015-0314','200-00-2047','PartiallyVaccinated','IN488');
Insert into HOSPITAL.PATIENT (PATIENTID,FIRSTNAME,LASTNAME,DOB,GENDER,EMAIL,PHONE,ADDRESS,SSN,COVIDSTATUS,INSURANCEID) values (397,'Benjamin','Miller',to_date('13-FEB-14','DD-MON-RR'),'Female','BenjaminMiller@gmail.com',4703991476,'355 Villegas Isle Apt. 070
West Jenniferview, NM 26775-4339','200-00-2048','PartiallyVaccinated','IN489');
Insert into HOSPITAL.PATIENT (PATIENTID,FIRSTNAME,LASTNAME,DOB,GENDER,EMAIL,PHONE,ADDRESS,SSN,COVIDSTATUS,INSURANCEID) values (398,'George','Thompson',to_date('09-MAY-24','DD-MON-RR'),'Male','GeorgeThompson@gmail.com',4703992574,'439 Todd Summit Apt. 478
Mooreland, AR 31655','200-00-2049','NotVaccinated','IN490');
Insert into HOSPITAL.PATIENT (PATIENTID,FIRSTNAME,LASTNAME,DOB,GENDER,EMAIL,PHONE,ADDRESS,SSN,COVIDSTATUS,INSURANCEID) values (399,'Ronald','Moore',to_date('28-APR-09','DD-MON-RR'),'Female','RonaldMoore@gmail.com',4703997855,'30700 Justin Ports
Port David, PA 52171-5921','200-00-2050','Vaccinated','IN491');
Insert into HOSPITAL.PATIENT (PATIENTID,FIRSTNAME,LASTNAME,DOB,GENDER,EMAIL,PHONE,ADDRESS,SSN,COVIDSTATUS,INSURANCEID) values (400,'Larry','Anderson',to_date('05-MAR-90','DD-MON-RR'),'Male','LarryAnderson@gmail.com',4703991538,'291 Stephen Glens Apt. 532
Jacquelineton, NJ 53606-5656','222-22-2222','PartiallyVaccinated','IN492');
Insert into HOSPITAL.PATIENT (PATIENTID,FIRSTNAME,LASTNAME,DOB,GENDER,EMAIL,PHONE,ADDRESS,SSN,COVIDSTATUS,INSURANCEID) values (401,'Jeffrey','Clark',to_date('28-NOV-21','DD-MON-RR'),'Female','JeffreyClark@gmail.com',4703994438,'04290 Barron Square
Laurenmouth, AS 79917-9544','222-22-2222','Vaccinated','IN493');
Insert into HOSPITAL.PATIENT (PATIENTID,FIRSTNAME,LASTNAME,DOB,GENDER,EMAIL,PHONE,ADDRESS,SSN,COVIDSTATUS,INSURANCEID) values (402,'Bryan','White',to_date('29-NOV-83','DD-MON-RR'),'Male','BryanWhite@gmail.com',4703992315,'0013 Andre Field
Whitebury, AZ 68447-6306','222-22-2220','Vaccinated','IN494');
Insert into HOSPITAL.PATIENT (PATIENTID,FIRSTNAME,LASTNAME,DOB,GENDER,EMAIL,PHONE,ADDRESS,SSN,COVIDSTATUS,INSURANCEID) values (403,'Aaron','Scott',to_date('23-MAR-43','DD-MON-RR'),'Female','AaronScott@gmail.com',4703993937,'50718 Timothy Light
Garciaport, SC 60266-6696','222-22-2224','NotVaccinated','IN495');
Insert into HOSPITAL.PATIENT (PATIENTID,FIRSTNAME,LASTNAME,DOB,GENDER,EMAIL,PHONE,ADDRESS,SSN,COVIDSTATUS,INSURANCEID) values (404,'Kenneth','Harris',to_date('07-AUG-37','DD-MON-RR'),'Male','KennethHarris@gmail.com',4703996963,'53964 Weaver Brook Suite 861
Stevensonshire, NY 18128','222-22-2225','Vaccinated','IN496');
Insert into HOSPITAL.PATIENT (PATIENTID,FIRSTNAME,LASTNAME,DOB,GENDER,EMAIL,PHONE,ADDRESS,SSN,COVIDSTATUS,INSURANCEID) values (405,'Anthony','Taylor',to_date('14-FEB-20','DD-MON-RR'),'Male','AnthonyTaylor@gmail.com',4703993901,'506 Allison Cove Apt. 766
Weeksstad, AS 71308','222-22-2226','PartiallyVaccinated','IN497');
Insert into HOSPITAL.PATIENT (PATIENTID,FIRSTNAME,LASTNAME,DOB,GENDER,EMAIL,PHONE,ADDRESS,SSN,COVIDSTATUS,INSURANCEID) values (406,'Gregory','Jackson',to_date('04-SEP-98','DD-MON-RR'),'Female','GregoryJackson@gmail.com',4703992633,'2559 Harris Pines Apt. 514
Michaelshire, ME 21753-8834','222-22-2227','Vaccinated','IN498');
Insert into HOSPITAL.PATIENT (PATIENTID,FIRSTNAME,LASTNAME,DOB,GENDER,EMAIL,PHONE,ADDRESS,SSN,COVIDSTATUS,INSURANCEID) values (407,'Charles','Edwards',to_date('25-APR-01','DD-MON-RR'),'Female','CharlesEdwards@gmail.com',4703996003,'3802 Veronica Causeway
East Patrickfurt, DC 84522','222-22-2228','PartiallyVaccinated','IN499');
Insert into HOSPITAL.PATIENT (PATIENTID,FIRSTNAME,LASTNAME,DOB,GENDER,EMAIL,PHONE,ADDRESS,SSN,COVIDSTATUS,INSURANCEID) values (408,'Daniel','Lewis',to_date('28-FEB-48','DD-MON-RR'),'Male','DanielLewis@gmail.com',4703993615,'592 Villanueva Village
Woodsstad, AK 20530','222-22-2229','NotVaccinated','IN500');
Insert into HOSPITAL.PATIENT (PATIENTID,FIRSTNAME,LASTNAME,DOB,GENDER,EMAIL,PHONE,ADDRESS,SSN,COVIDSTATUS,INSURANCEID) values (409,'Brian','Walker',to_date('23-FEB-06','DD-MON-RR'),'Male','BrianWalker@gmail.com',4703993637,'PSC 4427, Box 6116
APO AP 87584-5187','222-22-2222','NotVaccinated','IN389');
Insert into HOSPITAL.PATIENT (PATIENTID,FIRSTNAME,LASTNAME,DOB,GENDER,EMAIL,PHONE,ADDRESS,SSN,COVIDSTATUS,INSURANCEID) values (410,'Edward','Hall',to_date('06-DEC-42','DD-MON-RR'),'Female','EdwardHall@gmail.com',4703992336,'19270 Velasquez Coves
Boylechester, AZ 51480','222-22-2222','Vaccinated','IN390');
Insert into HOSPITAL.PATIENT (PATIENTID,FIRSTNAME,LASTNAME,DOB,GENDER,EMAIL,PHONE,ADDRESS,SSN,COVIDSTATUS,INSURANCEID) values (411,'Ronald','Nelson',to_date('28-SEP-11','DD-MON-RR'),'Male','RonaldNelson@gmail.com',4703999157,'USNS Jacobs
FPO AE 71507-1312','222-22-2222','PartiallyVaccinated','IN391');
Insert into HOSPITAL.PATIENT (PATIENTID,FIRSTNAME,LASTNAME,DOB,GENDER,EMAIL,PHONE,ADDRESS,SSN,COVIDSTATUS,INSURANCEID) values (412,'Phillip','Adams',to_date('27-FEB-53','DD-MON-RR'),'Male','PhillipAdams@gmail.com',4703993589,'001 Estrada Union
Lewismouth, TN 47360','222-22-2220','PartiallyVaccinated','IN392');
Insert into HOSPITAL.PATIENT (PATIENTID,FIRSTNAME,LASTNAME,DOB,GENDER,EMAIL,PHONE,ADDRESS,SSN,COVIDSTATUS,INSURANCEID) values (413,'Jesse','Ortiz',to_date('21-OCT-53','DD-MON-RR'),'Female','JesseOrtiz@gmail.com',4703993055,'86268 Davis Corner
North Danielview, CT 59551-9382','222-22-2224','NotVaccinated','IN393');
Insert into HOSPITAL.PATIENT (PATIENTID,FIRSTNAME,LASTNAME,DOB,GENDER,EMAIL,PHONE,ADDRESS,SSN,COVIDSTATUS,INSURANCEID) values (414,'Keith','Powell',to_date('09-JAN-10','DD-MON-RR'),'Female','KeithPowell@gmail.com',4703997088,'209 Andrew Viaduct
Port Anna, OR 01627-8037','222-22-2225','NotVaccinated','IN394');
Insert into HOSPITAL.PATIENT (PATIENTID,FIRSTNAME,LASTNAME,DOB,GENDER,EMAIL,PHONE,ADDRESS,SSN,COVIDSTATUS,INSURANCEID) values (415,'Albert','Flores',to_date('09-SEP-96','DD-MON-RR'),'Female','AlbertFlores@gmail.com',4703993985,'19704 Kaitlin Flat
West Andrewtown, VI 38642','222-22-2226','PartiallyVaccinated','IN395');
Insert into HOSPITAL.PATIENT (PATIENTID,FIRSTNAME,LASTNAME,DOB,GENDER,EMAIL,PHONE,ADDRESS,SSN,COVIDSTATUS,INSURANCEID) values (416,'Richard','Sims',to_date('07-AUG-03','DD-MON-RR'),'Male','RichardSims@gmail.com',4703991588,'0508 Terrance Cliff
Rebekahtown, NC 48724-8308','222-22-2227','NotVaccinated','IN396');
Insert into HOSPITAL.PATIENT (PATIENTID,FIRSTNAME,LASTNAME,DOB,GENDER,EMAIL,PHONE,ADDRESS,SSN,COVIDSTATUS,INSURANCEID) values (417,'Harold','Mendez',to_date('05-JUN-58','DD-MON-RR'),'Female','HaroldMendez@gmail.com',4703996135,'2082 Christopher Place Apt. 081
Cynthiahaven, HI 99393-8910','222-22-2228','Vaccinated','IN397');
Insert into HOSPITAL.PATIENT (PATIENTID,FIRSTNAME,LASTNAME,DOB,GENDER,EMAIL,PHONE,ADDRESS,SSN,COVIDSTATUS,INSURANCEID) values (418,'Donald','Price',to_date('20-JUN-90','DD-MON-RR'),'Male','DonaldPrice@gmail.com',4703998540,'584 Patterson Falls
West Alicia, DE 45751','222-22-2229','Vaccinated','IN398');
Insert into HOSPITAL.PATIENT (PATIENTID,FIRSTNAME,LASTNAME,DOB,GENDER,EMAIL,PHONE,ADDRESS,SSN,COVIDSTATUS,INSURANCEID) values (419,'Matthew','Kelley',to_date('01-FEB-53','DD-MON-RR'),'Female','MatthewKelley@gmail.com',4703998601,'11430 Meza Green Suite 037
Martinezborough, FL 40624-8726','222-22-2222','NotVaccinated','IN399');
Insert into HOSPITAL.PATIENT (PATIENTID,FIRSTNAME,LASTNAME,DOB,GENDER,EMAIL,PHONE,ADDRESS,SSN,COVIDSTATUS,INSURANCEID) values (420,'Benjamin','Burke',to_date('08-JUN-54','DD-MON-RR'),'Female','BenjaminBurke@gmail.com',4703997807,'210 Johnson Street Suite 717
New Bethanyborough, MO 84817','222-22-2222','Vaccinated','IN400');
Insert into HOSPITAL.PATIENT (PATIENTID,FIRSTNAME,LASTNAME,DOB,GENDER,EMAIL,PHONE,ADDRESS,SSN,COVIDSTATUS,INSURANCEID) values (421,'Raymond','Griffin',to_date('04-NOV-41','DD-MON-RR'),'Male','RaymondGriffin@gmail.com',4703992418,'2971 Angela Island
Lake Timothychester, NE 48734-6685','222-22-2222','PartiallyVaccinated','IN401');
Insert into HOSPITAL.PATIENT (PATIENTID,FIRSTNAME,LASTNAME,DOB,GENDER,EMAIL,PHONE,ADDRESS,SSN,COVIDSTATUS,INSURANCEID) values (422,'Anthony','Russell',to_date('05-MAY-14','DD-MON-RR'),'Male','AnthonyRussell@gmail.com',4703990929,'994 Joel Highway Suite 216
New Jessicafort, UT 14179','222-22-2220','PartiallyVaccinated','IN402');
Insert into HOSPITAL.PATIENT (PATIENTID,FIRSTNAME,LASTNAME,DOB,GENDER,EMAIL,PHONE,ADDRESS,SSN,COVIDSTATUS,INSURANCEID) values (423,'Patrick','Murphy',to_date('16-JUL-60','DD-MON-RR'),'Male','PatrickMurphy@gmail.com',4703991657,'928 Bailey Road
East Mary, DE 11678-5634','222-22-2224','PartiallyVaccinated','IN403');
Insert into HOSPITAL.PATIENT (PATIENTID,FIRSTNAME,LASTNAME,DOB,GENDER,EMAIL,PHONE,ADDRESS,SSN,COVIDSTATUS,INSURANCEID) values (424,'Howard','Bell',to_date('20-NOV-04','DD-MON-RR'),'Male','HowardBell@gmail.com',4703991179,'31927 Jill Mountain
South Jessica, MN 63418','222-22-2225','Vaccinated','IN404');
Insert into HOSPITAL.PATIENT (PATIENTID,FIRSTNAME,LASTNAME,DOB,GENDER,EMAIL,PHONE,ADDRESS,SSN,COVIDSTATUS,INSURANCEID) values (425,'Gregory','Shaw',to_date('04-APR-27','DD-MON-RR'),'Female','GregoryShaw@gmail.com',4703993521,'1549 Walker Passage Apt. 463
West Calvin, AZ 03144','222-22-2226','PartiallyVaccinated','IN430');
Insert into HOSPITAL.PATIENT (PATIENTID,FIRSTNAME,LASTNAME,DOB,GENDER,EMAIL,PHONE,ADDRESS,SSN,COVIDSTATUS,INSURANCEID) values (426,'Dale','Green',to_date('08-JUL-52','DD-MON-RR'),'Female','DaleGreen@gmail.com',4703998615,'4547 Stafford Throughway Apt. 178
North Patrick, MD 60768-4837','222-22-2227','Vaccinated','IN431');
Insert into HOSPITAL.PATIENT (PATIENTID,FIRSTNAME,LASTNAME,DOB,GENDER,EMAIL,PHONE,ADDRESS,SSN,COVIDSTATUS,INSURANCEID) values (427,'Peter','West',to_date('22-JUL-00','DD-MON-RR'),'Female','PeterWest@gmail.com',4703994875,'54560 Thompson Creek Apt. 029
New Brianville, FL 84430-8588','222-22-2228','PartiallyVaccinated','IN432');
Insert into HOSPITAL.PATIENT (PATIENTID,FIRSTNAME,LASTNAME,DOB,GENDER,EMAIL,PHONE,ADDRESS,SSN,COVIDSTATUS,INSURANCEID) values (428,'Jerome','Coleman',to_date('06-JAN-33','DD-MON-RR'),'Female','JeromeColeman@gmail.com',4703998422,'5086 Morales Islands Apt. 099
New Patricia, IL 78823','222-22-2229','PartiallyVaccinated','IN433');
Insert into HOSPITAL.PATIENT (PATIENTID,FIRSTNAME,LASTNAME,DOB,GENDER,EMAIL,PHONE,ADDRESS,SSN,COVIDSTATUS,INSURANCEID) values (429,'Alvin','Ray',to_date('12-MAY-22','DD-MON-RR'),'Female','AlvinRay@gmail.com',4703996024,'02393 Baker Falls
New Georgeport, ND 36338-5110','222-22-2202','PartiallyVaccinated','IN434');
Insert into HOSPITAL.PATIENT (PATIENTID,FIRSTNAME,LASTNAME,DOB,GENDER,EMAIL,PHONE,ADDRESS,SSN,COVIDSTATUS,INSURANCEID) values (430,'Francisco','Cruz',to_date('28-MAY-18','DD-MON-RR'),'Male','FranciscoCruz@gmail.com',4703992864,'1693 Gary Mission Suite 479
Lake Kelly, MO 68205','222-22-2202','Vaccinated','IN435');
Insert into HOSPITAL.PATIENT (PATIENTID,FIRSTNAME,LASTNAME,DOB,GENDER,EMAIL,PHONE,ADDRESS,SSN,COVIDSTATUS,INSURANCEID) values (431,'Benjamin','Bennett',to_date('30-NOV-78','DD-MON-RR'),'Female','BenjaminBennett@gmail.com',4703997760,'4929 Michelle Grove
Lake Alexis, MT 92147-1660','222-22-2202','Vaccinated','IN436');
Insert into HOSPITAL.PATIENT (PATIENTID,FIRSTNAME,LASTNAME,DOB,GENDER,EMAIL,PHONE,ADDRESS,SSN,COVIDSTATUS,INSURANCEID) values (432,'Jesse','Washington',to_date('14-APR-10','DD-MON-RR'),'Female','JesseWashington@gmail.com',4703997980,'983 Ross Glen
West Jessica, NJ 42860-5757','222-22-2200','PartiallyVaccinated','IN437');
Insert into HOSPITAL.PATIENT (PATIENTID,FIRSTNAME,LASTNAME,DOB,GENDER,EMAIL,PHONE,ADDRESS,SSN,COVIDSTATUS,INSURANCEID) values (433,'Harold','Jenkins',to_date('16-DEC-18','DD-MON-RR'),'Female','HaroldJenkins@gmail.com',4703998103,'685 Sexton Ranch Suite 125
Lake Robertshire, NE 04469-3024','222-22-2204','Vaccinated','IN438');
Insert into HOSPITAL.PATIENT (PATIENTID,FIRSTNAME,LASTNAME,DOB,GENDER,EMAIL,PHONE,ADDRESS,SSN,COVIDSTATUS,INSURANCEID) values (434,'Johnny','Griffin',to_date('17-NOV-39','DD-MON-RR'),'Male','JohnnyGriffin@gmail.com',4703991380,'4968 Bennett Manors
Rogerschester, IL 81579-8333','222-22-2205','PartiallyVaccinated','IN439');
Insert into HOSPITAL.PATIENT (PATIENTID,FIRSTNAME,LASTNAME,DOB,GENDER,EMAIL,PHONE,ADDRESS,SSN,COVIDSTATUS,INSURANCEID) values (435,'Gregory','Johnson',to_date('27-OCT-36','DD-MON-RR'),'Female','GregoryJohnson@gmail.com',4703997454,'61502 Parker Vista Apt. 363
Jonesshire, GU 33532','222-22-2206','NotVaccinated','IN440');
Insert into HOSPITAL.PATIENT (PATIENTID,FIRSTNAME,LASTNAME,DOB,GENDER,EMAIL,PHONE,ADDRESS,SSN,COVIDSTATUS,INSURANCEID) values (436,'Jeffrey','Long',to_date('07-SEP-69','DD-MON-RR'),'Male','JeffreyLong@gmail.com',4703991719,'257 Hunt Manors
South Charlottefort, CT 15033','222-22-2207','PartiallyVaccinated','IN441');
Insert into HOSPITAL.PATIENT (PATIENTID,FIRSTNAME,LASTNAME,DOB,GENDER,EMAIL,PHONE,ADDRESS,SSN,COVIDSTATUS,INSURANCEID) values (437,'Edward','James',to_date('22-OCT-02','DD-MON-RR'),'Male','EdwardJames@gmail.com',4703992306,'83995 Owens Course Apt. 747
South Jennifer, NJ 29942','222-22-2208','Vaccinated','IN442');
Insert into HOSPITAL.PATIENT (PATIENTID,FIRSTNAME,LASTNAME,DOB,GENDER,EMAIL,PHONE,ADDRESS,SSN,COVIDSTATUS,INSURANCEID) values (438,'Raymond','Mills',to_date('19-AUG-01','DD-MON-RR'),'Female','RaymondMills@gmail.com',4703999619,'8055 Robinson Brooks Apt. 657
Walterview, KY 83019','222-22-2209','NotVaccinated','IN443');
Insert into HOSPITAL.PATIENT (PATIENTID,FIRSTNAME,LASTNAME,DOB,GENDER,EMAIL,PHONE,ADDRESS,SSN,COVIDSTATUS,INSURANCEID) values (439,'Dale','Tucker',to_date('01-MAY-68','DD-MON-RR'),'Male','DaleTucker@gmail.com',4703995063,'Unit 1475 Box 4215
DPO AE 39546-5591','222-22-2242','NotVaccinated','IN444');
Insert into HOSPITAL.PATIENT (PATIENTID,FIRSTNAME,LASTNAME,DOB,GENDER,EMAIL,PHONE,ADDRESS,SSN,COVIDSTATUS,INSURANCEID) values (440,'Todd','Sanders',to_date('09-AUG-33','DD-MON-RR'),'Female','ToddSanders@gmail.com',4703992155,'Unit 5934 Box 9748
DPO AA 37361-3043','222-22-2242','PartiallyVaccinated','IN445');
Insert into HOSPITAL.PATIENT (PATIENTID,FIRSTNAME,LASTNAME,DOB,GENDER,EMAIL,PHONE,ADDRESS,SSN,COVIDSTATUS,INSURANCEID) values (441,'Patrick','Kelly',to_date('21-MAR-91','DD-MON-RR'),'Male','PatrickKelly@gmail.com',4703992991,'31309 Stacey Keys Apt. 979
South Jason, KS 35357','222-22-2242','PartiallyVaccinated','IN446');
Insert into HOSPITAL.PATIENT (PATIENTID,FIRSTNAME,LASTNAME,DOB,GENDER,EMAIL,PHONE,ADDRESS,SSN,COVIDSTATUS,INSURANCEID) values (442,'Phillip','Nguyen',to_date('21-APR-50','DD-MON-RR'),'Male','PhillipNguyen@gmail.com',4703995792,'1812 Sandra Shoal Apt. 350
Amandamouth, SC 87794-1628','222-22-2240','PartiallyVaccinated','IN447');
Insert into HOSPITAL.PATIENT (PATIENTID,FIRSTNAME,LASTNAME,DOB,GENDER,EMAIL,PHONE,ADDRESS,SSN,COVIDSTATUS,INSURANCEID) values (443,'Albert','Edwards',to_date('07-JUN-83','DD-MON-RR'),'Female','AlbertEdwards@gmail.com',4703993702,'PSC 1893, Box 7023
APO AA 73445','222-22-2244','PartiallyVaccinated','IN448');
Insert into HOSPITAL.PATIENT (PATIENTID,FIRSTNAME,LASTNAME,DOB,GENDER,EMAIL,PHONE,ADDRESS,SSN,COVIDSTATUS,INSURANCEID) values (444,'Jesse','Howard',to_date('19-DEC-83','DD-MON-RR'),'Male','JesseHoward@gmail.com',4703994341,'381 Ashley Locks Suite 366
North Migueltown, TX 09795-0494','222-22-2245','PartiallyVaccinated','IN449');
Insert into HOSPITAL.PATIENT (PATIENTID,FIRSTNAME,LASTNAME,DOB,GENDER,EMAIL,PHONE,ADDRESS,SSN,COVIDSTATUS,INSURANCEID) values (445,'Matthew','Perez',to_date('30-MAR-41','DD-MON-RR'),'Male','MatthewPerez@gmail.com',4703994060,'189 Crawford Hill Apt. 746
New Madison, WV 14108-4333','222-22-2246','Vaccinated','IN450');
Insert into HOSPITAL.PATIENT (PATIENTID,FIRSTNAME,LASTNAME,DOB,GENDER,EMAIL,PHONE,ADDRESS,SSN,COVIDSTATUS,INSURANCEID) values (446,'Antonio','Powell',to_date('20-APR-63','DD-MON-RR'),'Female','AntonioPowell@gmail.com',4703998840,'Unit 1743 Box 8085
DPO AE 47693-8164','222-22-2247','PartiallyVaccinated','IN451');
Insert into HOSPITAL.PATIENT (PATIENTID,FIRSTNAME,LASTNAME,DOB,GENDER,EMAIL,PHONE,ADDRESS,SSN,COVIDSTATUS,INSURANCEID) values (447,'Kenneth','Nguyen',to_date('08-AUG-85','DD-MON-RR'),'Male','KennethNguyen@gmail.com',4703994405,'57993 Jennifer Unions Suite 685
Emilyville, OK 53366-2375','222-22-2248','Vaccinated','IN452');
Insert into HOSPITAL.PATIENT (PATIENTID,FIRSTNAME,LASTNAME,DOB,GENDER,EMAIL,PHONE,ADDRESS,SSN,COVIDSTATUS,INSURANCEID) values (448,'Harold','Romero',to_date('06-JAN-15','DD-MON-RR'),'Female','HaroldRomero@gmail.com',4703995308,'73098 Ronald Port
Cliffordborough, MO 37479-9244','222-22-2249','Vaccinated','IN453');
Insert into HOSPITAL.PATIENT (PATIENTID,FIRSTNAME,LASTNAME,DOB,GENDER,EMAIL,PHONE,ADDRESS,SSN,COVIDSTATUS,INSURANCEID) values (449,'Gregory','Lawrence',to_date('24-SEP-00','DD-MON-RR'),'Female','GregoryLawrence@gmail.com',4703995133,'5292 Melanie Crescent Apt. 064
Fischerborough, NV 85721-5045','600-00-6000','NotVaccinated','IN454');
Insert into HOSPITAL.PATIENT (PATIENTID,FIRSTNAME,LASTNAME,DOB,GENDER,EMAIL,PHONE,ADDRESS,SSN,COVIDSTATUS,INSURANCEID) values (450,'Jesse','Lopez',to_date('22-FEB-20','DD-MON-RR'),'Male','JesseLopez@gmail.com',4703992613,'24725 Neal Lock
Cynthiaville, NY 51578','600-00-6006','PartiallyVaccinated','IN455');
Insert into HOSPITAL.PATIENT (PATIENTID,FIRSTNAME,LASTNAME,DOB,GENDER,EMAIL,PHONE,ADDRESS,SSN,COVIDSTATUS,INSURANCEID) values (451,'Bryan','King',to_date('06-MAY-13','DD-MON-RR'),'Male','BryanKing@gmail.com',4703995611,'1502 Gonzalez Throughway
Kathrynchester, FM 86014-7194','600-00-6000','PartiallyVaccinated','IN456');
Insert into HOSPITAL.PATIENT (PATIENTID,FIRSTNAME,LASTNAME,DOB,GENDER,EMAIL,PHONE,ADDRESS,SSN,COVIDSTATUS,INSURANCEID) values (452,'Todd','Cook',to_date('25-JAN-54','DD-MON-RR'),'Female','ToddCook@gmail.com',4703998346,'35466 Tommy Stream
Port Daniellemouth, KS 68863-6330','600-00-6004','Vaccinated','IN457');
Insert into HOSPITAL.PATIENT (PATIENTID,FIRSTNAME,LASTNAME,DOB,GENDER,EMAIL,PHONE,ADDRESS,SSN,COVIDSTATUS,INSURANCEID) values (453,'Jesse','Ramirez',to_date('23-JUL-39','DD-MON-RR'),'Male','JesseRamirez@gmail.com',4703990658,'76666 Kathy Locks
Port Susan, ME 64335','600-00-6005','PartiallyVaccinated','IN458');
Insert into HOSPITAL.PATIENT (PATIENTID,FIRSTNAME,LASTNAME,DOB,GENDER,EMAIL,PHONE,ADDRESS,SSN,COVIDSTATUS,INSURANCEID) values (454,'Matthew','Mendez',to_date('23-FEB-98','DD-MON-RR'),'Male','MatthewMendez@gmail.com',4703996195,'33213 Tanner Knolls Apt. 519
Whiteborough, OR 37119-7790','600-00-6006','PartiallyVaccinated','IN459');
Insert into HOSPITAL.PATIENT (PATIENTID,FIRSTNAME,LASTNAME,DOB,GENDER,EMAIL,PHONE,ADDRESS,SSN,COVIDSTATUS,INSURANCEID) values (455,'Phillip','Holmes',to_date('03-JUN-57','DD-MON-RR'),'Female','PhillipHolmes@gmail.com',4703999363,'Unit 3998 Box 4348
DPO AA 37629','600-00-6007','PartiallyVaccinated','IN368');
Insert into HOSPITAL.PATIENT (PATIENTID,FIRSTNAME,LASTNAME,DOB,GENDER,EMAIL,PHONE,ADDRESS,SSN,COVIDSTATUS,INSURANCEID) values (456,'Daniel','Nguyen',to_date('14-NOV-43','DD-MON-RR'),'Male','DanielNguyen@gmail.com',4703991368,'2100 Austin Camp Apt. 943
Anthonymouth, WV 24243-3781','600-00-6008','NotVaccinated','IN369');
Insert into HOSPITAL.PATIENT (PATIENTID,FIRSTNAME,LASTNAME,DOB,GENDER,EMAIL,PHONE,ADDRESS,SSN,COVIDSTATUS,INSURANCEID) values (457,'Albert','James',to_date('08-OCT-54','DD-MON-RR'),'Male','AlbertJames@gmail.com',4703991953,'967 Chloe Springs Suite 554
Lake Ashley, GA 03230','600-00-6009','PartiallyVaccinated','IN370');
Insert into HOSPITAL.PATIENT (PATIENTID,FIRSTNAME,LASTNAME,DOB,GENDER,EMAIL,PHONE,ADDRESS,SSN,COVIDSTATUS,INSURANCEID) values (458,'Raymond','Nguyen',to_date('23-SEP-63','DD-MON-RR'),'Female','RaymondNguyen@gmail.com',4703991907,'42644 Helen Keys Apt. 103
Jessicahaven, KS 89406-1960','600-00-6000','NotVaccinated','IN371');
Insert into HOSPITAL.PATIENT (PATIENTID,FIRSTNAME,LASTNAME,DOB,GENDER,EMAIL,PHONE,ADDRESS,SSN,COVIDSTATUS,INSURANCEID) values (459,'Matthew','Martinez',to_date('27-SEP-07','DD-MON-RR'),'Female','MatthewMartinez@gmail.com',4703994222,'02342 Melissa Islands
Smithhaven, KS 68335','600-00-6000','PartiallyVaccinated','IN372');
Insert into HOSPITAL.PATIENT (PATIENTID,FIRSTNAME,LASTNAME,DOB,GENDER,EMAIL,PHONE,ADDRESS,SSN,COVIDSTATUS,INSURANCEID) values (460,'Jesse','Wilson',to_date('11-OCT-05','DD-MON-RR'),'Male','JesseWilson@gmail.com',4703990654,'97262 Brian Skyway
Lake Marissa, GU 96859','600-00-6006','Vaccinated','IN373');
Insert into HOSPITAL.PATIENT (PATIENTID,FIRSTNAME,LASTNAME,DOB,GENDER,EMAIL,PHONE,ADDRESS,SSN,COVIDSTATUS,INSURANCEID) values (461,'Thomas','Wilson',to_date('01-JUN-05','DD-MON-RR'),'Female','ThomasWilson@gmail.com',4703997709,'7875 Landry Road Apt. 947
Brownshire, NC 10074-7735','600-00-6000','PartiallyVaccinated','IN374');
Insert into HOSPITAL.PATIENT (PATIENTID,FIRSTNAME,LASTNAME,DOB,GENDER,EMAIL,PHONE,ADDRESS,SSN,COVIDSTATUS,INSURANCEID) values (462,'Jesse','Mitchell',to_date('15-NOV-95','DD-MON-RR'),'Male','JesseMitchell@gmail.com',4703995045,'949 Tapia Viaduct
Martinezfurt, CT 79271-8205','600-00-6004','PartiallyVaccinated','IN375');
Insert into HOSPITAL.PATIENT (PATIENTID,FIRSTNAME,LASTNAME,DOB,GENDER,EMAIL,PHONE,ADDRESS,SSN,COVIDSTATUS,INSURANCEID) values (463,'Jesse','Rivera',to_date('30-JAN-73','DD-MON-RR'),'Male','JesseRivera@gmail.com',4703992851,'50639 Sarah Isle Apt. 268
Yangmouth, MO 05540','600-00-6005','Vaccinated','IN376');
Insert into HOSPITAL.PATIENT (PATIENTID,FIRSTNAME,LASTNAME,DOB,GENDER,EMAIL,PHONE,ADDRESS,SSN,COVIDSTATUS,INSURANCEID) values (464,'Bryan','Nguyen',to_date('15-NOV-33','DD-MON-RR'),'Female','BryanNguyen@gmail.com',4703991457,'51173 Burton Wall Apt. 417
Prestonville, NY 37002','600-00-6006','PartiallyVaccinated','IN377');
Insert into HOSPITAL.PATIENT (PATIENTID,FIRSTNAME,LASTNAME,DOB,GENDER,EMAIL,PHONE,ADDRESS,SSN,COVIDSTATUS,INSURANCEID) values (465,'Albert','Nguyen',to_date('11-OCT-55','DD-MON-RR'),'Female','AlbertNguyen@gmail.com',4703995592,'426 Scott Radial Apt. 065
Abigailstad, MS 16590-2222','600-00-6007','Vaccinated','IN378');
Insert into HOSPITAL.PATIENT (PATIENTID,FIRSTNAME,LASTNAME,DOB,GENDER,EMAIL,PHONE,ADDRESS,SSN,COVIDSTATUS,INSURANCEID) values (466,'Thomas','Nguyen',to_date('15-MAR-42','DD-MON-RR'),'Female','ThomasNguyen@gmail.com',4703990180,'3874 Harper Plaza
North Nancy, ME 96802-9462','600-00-6008','NotVaccinated','IN379');
Insert into HOSPITAL.PATIENT (PATIENTID,FIRSTNAME,LASTNAME,DOB,GENDER,EMAIL,PHONE,ADDRESS,SSN,COVIDSTATUS,INSURANCEID) values (467,'Matthew','Anderson',to_date('25-JAN-98','DD-MON-RR'),'Male','MatthewAnderson@gmail.com',4703997643,'Unit 4742 Box 9517
DPO AE 67219-3123','600-00-6009','NotVaccinated','IN380');
Insert into HOSPITAL.PATIENT (PATIENTID,FIRSTNAME,LASTNAME,DOB,GENDER,EMAIL,PHONE,ADDRESS,SSN,COVIDSTATUS,INSURANCEID) values (468,'Jesse','Garcia',to_date('18-MAY-28','DD-MON-RR'),'Male','JesseGarcia@gmail.com',4703992538,'845 Colleen Ways
Lake Matthewview, VT 65340-3159','600-00-6060','Vaccinated','IN381');
Insert into HOSPITAL.PATIENT (PATIENTID,FIRSTNAME,LASTNAME,DOB,GENDER,EMAIL,PHONE,ADDRESS,SSN,COVIDSTATUS,INSURANCEID) values (469,'Harold','Lopez',to_date('04-FEB-88','DD-MON-RR'),'Male','HaroldLopez@gmail.com',4703996384,'Unit 0373 Box 8981
DPO AA 89902','600-00-6060','Vaccinated','IN382');
Insert into HOSPITAL.PATIENT (PATIENTID,FIRSTNAME,LASTNAME,DOB,GENDER,EMAIL,PHONE,ADDRESS,SSN,COVIDSTATUS,INSURANCEID) values (470,'Jesse','Young',to_date('18-JUL-16','DD-MON-RR'),'Female','JesseYoung@gmail.com',4703996935,'PSC 4856, Box 1297
APO AA 17032-7944','600-00-6066','Vaccinated','IN383');
Insert into HOSPITAL.PATIENT (PATIENTID,FIRSTNAME,LASTNAME,DOB,GENDER,EMAIL,PHONE,ADDRESS,SSN,COVIDSTATUS,INSURANCEID) values (471,'Jesse','Wright',to_date('16-DEC-33','DD-MON-RR'),'Female','JesseWright@gmail.com',4703992111,'272 Frederick Lodge
East Andrew, FL 07414','600-00-6060','PartiallyVaccinated','IN384');
Insert into HOSPITAL.PATIENT (PATIENTID,FIRSTNAME,LASTNAME,DOB,GENDER,EMAIL,PHONE,ADDRESS,SSN,COVIDSTATUS,INSURANCEID) values (472,'Jesse','Kim',to_date('20-JAN-15','DD-MON-RR'),'Male','JesseKim@gmail.com',4703995376,'9985 Wolf Pass
Brandimouth, CA 63346','600-00-6064','Vaccinated','IN385');
Insert into HOSPITAL.PATIENT (PATIENTID,FIRSTNAME,LASTNAME,DOB,GENDER,EMAIL,PHONE,ADDRESS,SSN,COVIDSTATUS,INSURANCEID) values (473,'Jesse','Wong',to_date('30-JAN-47','DD-MON-RR'),'Female','JesseWong@gmail.com',4703998411,'PSC 1790, Box 8872
APO AE 01821-4769','600-00-6065','Vaccinated','IN386');
Insert into HOSPITAL.PATIENT (PATIENTID,FIRSTNAME,LASTNAME,DOB,GENDER,EMAIL,PHONE,ADDRESS,SSN,COVIDSTATUS,INSURANCEID) values (474,'Bryan','Wright',to_date('11-NOV-95','DD-MON-RR'),'Female','BryanWright@gmail.com',4703993268,'4502 Jennifer Prairie Suite 029
Lake Jesse, LA 02328-3633','600-00-6066','Vaccinated','IN387');
Insert into HOSPITAL.PATIENT (PATIENTID,FIRSTNAME,LASTNAME,DOB,GENDER,EMAIL,PHONE,ADDRESS,SSN,COVIDSTATUS,INSURANCEID) values (475,'Jesse','Adams',to_date('27-SEP-86','DD-MON-RR'),'Female','JesseAdams@gmail.com',4703999580,'4307 Nicholas Drive Apt. 259
Ramirezberg, AS 59832','600-00-6067','NotVaccinated','IN388');
Insert into HOSPITAL.PATIENT (PATIENTID,FIRSTNAME,LASTNAME,DOB,GENDER,EMAIL,PHONE,ADDRESS,SSN,COVIDSTATUS,INSURANCEID) values (476,'Jesse','Nelson',to_date('25-JUN-35','DD-MON-RR'),'Female','JesseNelson@gmail.com',4703997370,'5855 Gross Burgs Suite 169
Ballland, AS 98525','600-00-6068','NotVaccinated','IN405');
Insert into HOSPITAL.PATIENT (PATIENTID,FIRSTNAME,LASTNAME,DOB,GENDER,EMAIL,PHONE,ADDRESS,SSN,COVIDSTATUS,INSURANCEID) values (477,'Jessie','Lopez',to_date('01-JUN-70','DD-MON-RR'),'Female','JessieLopez@gmail.com',4703996718,'80500 Mary Corners Apt. 225
Wallsville, ME 80526','600-00-6069','Vaccinated','IN406');
Insert into HOSPITAL.PATIENT (PATIENTID,FIRSTNAME,LASTNAME,DOB,GENDER,EMAIL,PHONE,ADDRESS,SSN,COVIDSTATUS,INSURANCEID) values (478,'Jesse','Campbell',to_date('19-DEC-87','DD-MON-RR'),'Male','JesseCampbell@gmail.com',4703994117,'344 Jessica Stravenue
New Brian, MA 04730-6761','600-00-6000','PartiallyVaccinated','IN407');
Insert into HOSPITAL.PATIENT (PATIENTID,FIRSTNAME,LASTNAME,DOB,GENDER,EMAIL,PHONE,ADDRESS,SSN,COVIDSTATUS,INSURANCEID) values (479,'Harold','Sanchez',to_date('18-JUN-88','DD-MON-RR'),'Female','HaroldSanchez@gmail.com',4703992822,'85181 Christian Courts Suite 758
Larryfurt, MS 38722-6766','600-00-6000','PartiallyVaccinated','IN408');
Insert into HOSPITAL.PATIENT (PATIENTID,FIRSTNAME,LASTNAME,DOB,GENDER,EMAIL,PHONE,ADDRESS,SSN,COVIDSTATUS,INSURANCEID) values (480,'Jesse','Miller',to_date('21-MAY-22','DD-MON-RR'),'Male','JesseMiller@gmail.com',4703994485,'543 Reynolds Burg
Melindaberg, KY 46631','600-00-6006','NotVaccinated','IN409');
Insert into HOSPITAL.PATIENT (PATIENTID,FIRSTNAME,LASTNAME,DOB,GENDER,EMAIL,PHONE,ADDRESS,SSN,COVIDSTATUS,INSURANCEID) values (481,'Harold','Garcia',to_date('23-DEC-13','DD-MON-RR'),'Male','HaroldGarcia@gmail.com',4703993002,'549 Anna Avenue
Port Laura, CA 76209-9339','600-00-6000','NotVaccinated','IN410');
Insert into HOSPITAL.PATIENT (PATIENTID,FIRSTNAME,LASTNAME,DOB,GENDER,EMAIL,PHONE,ADDRESS,SSN,COVIDSTATUS,INSURANCEID) values (482,'Bryan','Robinson',to_date('18-JUN-01','DD-MON-RR'),'Female','BryanRobinson@gmail.com',4703999154,'214 Obrien Lakes Suite 572
South Jeremy, KS 52867-7617','600-00-6004','NotVaccinated','IN411');
Insert into HOSPITAL.PATIENT (PATIENTID,FIRSTNAME,LASTNAME,DOB,GENDER,EMAIL,PHONE,ADDRESS,SSN,COVIDSTATUS,INSURANCEID) values (483,'Bryan','Martin',to_date('24-SEP-26','DD-MON-RR'),'Male','BryanMartin@gmail.com',4703993769,'5661 Grant Centers
Stevensfurt, CT 53959','600-00-6005','Vaccinated','IN412');
Insert into HOSPITAL.PATIENT (PATIENTID,FIRSTNAME,LASTNAME,DOB,GENDER,EMAIL,PHONE,ADDRESS,SSN,COVIDSTATUS,INSURANCEID) values (484,'Bryan','Kelly',to_date('03-OCT-91','DD-MON-RR'),'Female','BryanKelly@gmail.com',4703990197,'768 Riley Pine Apt. 624
Kellymouth, OK 98992-3108','600-00-6006','PartiallyVaccinated','IN413');
Insert into HOSPITAL.PATIENT (PATIENTID,FIRSTNAME,LASTNAME,DOB,GENDER,EMAIL,PHONE,ADDRESS,SSN,COVIDSTATUS,INSURANCEID) values (485,'Bryan','Cook',to_date('27-FEB-49','DD-MON-RR'),'Female','BryanCook@gmail.com',4703996564,'503 Adams Pines Apt. 638
North Ashleyside, AZ 34687-6128','600-00-6007','NotVaccinated','IN414');
Insert into HOSPITAL.PATIENT (PATIENTID,FIRSTNAME,LASTNAME,DOB,GENDER,EMAIL,PHONE,ADDRESS,SSN,COVIDSTATUS,INSURANCEID) values (486,'Bryan','Shaw',to_date('20-JUN-59','DD-MON-RR'),'Male','BryanShaw@gmail.com',4703992861,'07813 Randy Point
Lake Thomasberg, MO 06013-9920','600-00-6008','NotVaccinated','IN415');
Insert into HOSPITAL.PATIENT (PATIENTID,FIRSTNAME,LASTNAME,DOB,GENDER,EMAIL,PHONE,ADDRESS,SSN,COVIDSTATUS,INSURANCEID) values (487,'Bryan','Sanders',to_date('23-AUG-94','DD-MON-RR'),'Female','BryanSanders@gmail.com',4703999111,'38678 Sean Drive Suite 293
Karentown, IA 78306-2717','600-00-6009','NotVaccinated','IN416');
Insert into HOSPITAL.PATIENT (PATIENTID,FIRSTNAME,LASTNAME,DOB,GENDER,EMAIL,PHONE,ADDRESS,SSN,COVIDSTATUS,INSURANCEID) values (488,'Harold','Lee',to_date('05-NOV-84','DD-MON-RR'),'Female','HaroldLee@gmail.com',4703992306,'6820 Erica Vista Apt. 418
Brightside, IA 50639','600-00-6040','PartiallyVaccinated','IN417');
Insert into HOSPITAL.PATIENT (PATIENTID,FIRSTNAME,LASTNAME,DOB,GENDER,EMAIL,PHONE,ADDRESS,SSN,COVIDSTATUS,INSURANCEID) values (489,'Harold','Green',to_date('06-OCT-13','DD-MON-RR'),'Female','HaroldGreen@gmail.com',4703996170,'9909 Hoffman Ranch Suite 195
Scotthaven, SC 53575','600-00-6040','NotVaccinated','IN418');
Insert into HOSPITAL.PATIENT (PATIENTID,FIRSTNAME,LASTNAME,DOB,GENDER,EMAIL,PHONE,ADDRESS,SSN,COVIDSTATUS,INSURANCEID) values (490,'Harold','Wilson',to_date('29-NOV-57','DD-MON-RR'),'Male','HaroldWilson@gmail.com',4703995709,'513 Moore Crescent Apt. 416
Amandaberg, GU 03655-2219','600-00-6046','PartiallyVaccinated','IN419');
Insert into HOSPITAL.PATIENT (PATIENTID,FIRSTNAME,LASTNAME,DOB,GENDER,EMAIL,PHONE,ADDRESS,SSN,COVIDSTATUS,INSURANCEID) values (491,'William','Surname',to_date('13-JUL-16','DD-MON-RR'),'Male','WilliamSurname@gmail.com',4703997731,'7446 Mary Ferry
Lake Sherryfurt, GA 49066-0207','600-00-6040','NotVaccinated','IN420');
Insert into HOSPITAL.PATIENT (PATIENTID,FIRSTNAME,LASTNAME,DOB,GENDER,EMAIL,PHONE,ADDRESS,SSN,COVIDSTATUS,INSURANCEID) values (492,'Benjamin','Surname',to_date('29-DEC-63','DD-MON-RR'),'Male','BenjaminSurname@gmail.com',4703997861,'64147 Alexander Station Apt. 474
East Jasonview, MN 83788','600-00-6044','NotVaccinated','IN421');
Insert into HOSPITAL.PATIENT (PATIENTID,FIRSTNAME,LASTNAME,DOB,GENDER,EMAIL,PHONE,ADDRESS,SSN,COVIDSTATUS,INSURANCEID) values (493,'George','Surname',to_date('04-MAY-10','DD-MON-RR'),'Male','GeorgeSurname@gmail.com',4703999714,'70128 Zimmerman Overpass
Robertsshire, VA 59860','600-00-6045','PartiallyVaccinated','IN422');
Insert into HOSPITAL.PATIENT (PATIENTID,FIRSTNAME,LASTNAME,DOB,GENDER,EMAIL,PHONE,ADDRESS,SSN,COVIDSTATUS,INSURANCEID) values (494,'John','Surname',to_date('07-MAY-77','DD-MON-RR'),'Female','JohnSurname@gmail.com',4703995200,'01242 Stephanie Ways Suite 003
Churchville, MO 35617','600-00-6046','Vaccinated','IN423');
Insert into HOSPITAL.PATIENT (PATIENTID,FIRSTNAME,LASTNAME,DOB,GENDER,EMAIL,PHONE,ADDRESS,SSN,COVIDSTATUS,INSURANCEID) values (495,'Christopher','Surname',to_date('08-JUL-20','DD-MON-RR'),'Female','ChristopherSurname@gmail.com',4703994939,'354 Sanchez Wall Suite 884
Juliabury, VI 39735','600-00-6047','PartiallyVaccinated','IN424');
Insert into HOSPITAL.PATIENT (PATIENTID,FIRSTNAME,LASTNAME,DOB,GENDER,EMAIL,PHONE,ADDRESS,SSN,COVIDSTATUS,INSURANCEID) values (496,'Lucas','Surname',to_date('02-JUN-63','DD-MON-RR'),'Male','LucasSurname@gmail.com',4703999145,'4483 Jones Motorway Suite 872
Lake Jamiefurt, UT 75292','600-00-6048','PartiallyVaccinated','IN425');
Insert into HOSPITAL.PATIENT (PATIENTID,FIRSTNAME,LASTNAME,DOB,GENDER,EMAIL,PHONE,ADDRESS,SSN,COVIDSTATUS,INSURANCEID) values (497,'Matthew','Surname',to_date('14-MAR-20','DD-MON-RR'),'Male','MatthewSurname@gmail.com',4703999245,'172 Owen Divide Suite 497
West Richard, CA 19320','600-00-6049','PartiallyVaccinated','IN426');
Insert into HOSPITAL.PATIENT (PATIENTID,FIRSTNAME,LASTNAME,DOB,GENDER,EMAIL,PHONE,ADDRESS,SSN,COVIDSTATUS,INSURANCEID) values (498,'Owen','Surname',to_date('24-MAR-05','DD-MON-RR'),'Male','OwenSurname@gmail.com',4703993990,'0787 Andrews Ranch Apt. 633
South Chadburgh, TN 56128','600-00-6050','PartiallyVaccinated','IN427');
Insert into HOSPITAL.PATIENT (PATIENTID,FIRSTNAME,LASTNAME,DOB,GENDER,EMAIL,PHONE,ADDRESS,SSN,COVIDSTATUS,INSURANCEID) values (499,'Aidan','Surname',to_date('08-MAY-88','DD-MON-RR'),'Male','AidanSurname@gmail.com',4703990615,'680 Jennifer Lodge Apt. 808
Brendachester, TX 05000-5873','600-00-6051','Vaccinated','IN428');
Insert into HOSPITAL.PATIENT (PATIENTID,FIRSTNAME,LASTNAME,DOB,GENDER,EMAIL,PHONE,ADDRESS,SSN,COVIDSTATUS,INSURANCEID) values (500,'Liam','Surname',to_date('02-JAN-43','DD-MON-RR'),'Female','LiamSurname@gmail.com',4703992091,'49791 Rachel Heights Apt. 898
East Drewborough, OR 55919-9528','600-00-6052','NotVaccinated','IN429');
REM INSERTING into HOSPITAL.PATIENTPROCEDURE
SET DEFINE OFF;
Insert into HOSPITAL.PATIENTPROCEDURE (PATIENTID,PROCEDUREID) values (1,50);
Insert into HOSPITAL.PATIENTPROCEDURE (PATIENTID,PROCEDUREID) values (2,17);
Insert into HOSPITAL.PATIENTPROCEDURE (PATIENTID,PROCEDUREID) values (3,86);
Insert into HOSPITAL.PATIENTPROCEDURE (PATIENTID,PROCEDUREID) values (4,96);
Insert into HOSPITAL.PATIENTPROCEDURE (PATIENTID,PROCEDUREID) values (5,19);
Insert into HOSPITAL.PATIENTPROCEDURE (PATIENTID,PROCEDUREID) values (6,50);
Insert into HOSPITAL.PATIENTPROCEDURE (PATIENTID,PROCEDUREID) values (7,46);
Insert into HOSPITAL.PATIENTPROCEDURE (PATIENTID,PROCEDUREID) values (8,59);
Insert into HOSPITAL.PATIENTPROCEDURE (PATIENTID,PROCEDUREID) values (9,95);
Insert into HOSPITAL.PATIENTPROCEDURE (PATIENTID,PROCEDUREID) values (10,30);
Insert into HOSPITAL.PATIENTPROCEDURE (PATIENTID,PROCEDUREID) values (11,79);
Insert into HOSPITAL.PATIENTPROCEDURE (PATIENTID,PROCEDUREID) values (12,76);
Insert into HOSPITAL.PATIENTPROCEDURE (PATIENTID,PROCEDUREID) values (13,52);
Insert into HOSPITAL.PATIENTPROCEDURE (PATIENTID,PROCEDUREID) values (14,23);
Insert into HOSPITAL.PATIENTPROCEDURE (PATIENTID,PROCEDUREID) values (15,78);
Insert into HOSPITAL.PATIENTPROCEDURE (PATIENTID,PROCEDUREID) values (16,62);
Insert into HOSPITAL.PATIENTPROCEDURE (PATIENTID,PROCEDUREID) values (17,32);
Insert into HOSPITAL.PATIENTPROCEDURE (PATIENTID,PROCEDUREID) values (18,19);
Insert into HOSPITAL.PATIENTPROCEDURE (PATIENTID,PROCEDUREID) values (19,98);
Insert into HOSPITAL.PATIENTPROCEDURE (PATIENTID,PROCEDUREID) values (20,33);
Insert into HOSPITAL.PATIENTPROCEDURE (PATIENTID,PROCEDUREID) values (21,98);
Insert into HOSPITAL.PATIENTPROCEDURE (PATIENTID,PROCEDUREID) values (22,96);
Insert into HOSPITAL.PATIENTPROCEDURE (PATIENTID,PROCEDUREID) values (23,82);
Insert into HOSPITAL.PATIENTPROCEDURE (PATIENTID,PROCEDUREID) values (24,22);
Insert into HOSPITAL.PATIENTPROCEDURE (PATIENTID,PROCEDUREID) values (25,95);
Insert into HOSPITAL.PATIENTPROCEDURE (PATIENTID,PROCEDUREID) values (26,14);
Insert into HOSPITAL.PATIENTPROCEDURE (PATIENTID,PROCEDUREID) values (27,51);
Insert into HOSPITAL.PATIENTPROCEDURE (PATIENTID,PROCEDUREID) values (28,54);
Insert into HOSPITAL.PATIENTPROCEDURE (PATIENTID,PROCEDUREID) values (29,96);
Insert into HOSPITAL.PATIENTPROCEDURE (PATIENTID,PROCEDUREID) values (30,57);
Insert into HOSPITAL.PATIENTPROCEDURE (PATIENTID,PROCEDUREID) values (31,42);
Insert into HOSPITAL.PATIENTPROCEDURE (PATIENTID,PROCEDUREID) values (32,70);
Insert into HOSPITAL.PATIENTPROCEDURE (PATIENTID,PROCEDUREID) values (33,16);
Insert into HOSPITAL.PATIENTPROCEDURE (PATIENTID,PROCEDUREID) values (34,89);
Insert into HOSPITAL.PATIENTPROCEDURE (PATIENTID,PROCEDUREID) values (35,59);
Insert into HOSPITAL.PATIENTPROCEDURE (PATIENTID,PROCEDUREID) values (36,65);
Insert into HOSPITAL.PATIENTPROCEDURE (PATIENTID,PROCEDUREID) values (37,75);
Insert into HOSPITAL.PATIENTPROCEDURE (PATIENTID,PROCEDUREID) values (38,31);
Insert into HOSPITAL.PATIENTPROCEDURE (PATIENTID,PROCEDUREID) values (39,39);
Insert into HOSPITAL.PATIENTPROCEDURE (PATIENTID,PROCEDUREID) values (40,25);
Insert into HOSPITAL.PATIENTPROCEDURE (PATIENTID,PROCEDUREID) values (41,16);
Insert into HOSPITAL.PATIENTPROCEDURE (PATIENTID,PROCEDUREID) values (42,78);
Insert into HOSPITAL.PATIENTPROCEDURE (PATIENTID,PROCEDUREID) values (43,18);
Insert into HOSPITAL.PATIENTPROCEDURE (PATIENTID,PROCEDUREID) values (44,11);
Insert into HOSPITAL.PATIENTPROCEDURE (PATIENTID,PROCEDUREID) values (45,2);
Insert into HOSPITAL.PATIENTPROCEDURE (PATIENTID,PROCEDUREID) values (46,72);
Insert into HOSPITAL.PATIENTPROCEDURE (PATIENTID,PROCEDUREID) values (47,100);
Insert into HOSPITAL.PATIENTPROCEDURE (PATIENTID,PROCEDUREID) values (48,37);
Insert into HOSPITAL.PATIENTPROCEDURE (PATIENTID,PROCEDUREID) values (49,65);
Insert into HOSPITAL.PATIENTPROCEDURE (PATIENTID,PROCEDUREID) values (50,16);
Insert into HOSPITAL.PATIENTPROCEDURE (PATIENTID,PROCEDUREID) values (51,27);
Insert into HOSPITAL.PATIENTPROCEDURE (PATIENTID,PROCEDUREID) values (52,50);
Insert into HOSPITAL.PATIENTPROCEDURE (PATIENTID,PROCEDUREID) values (53,95);
Insert into HOSPITAL.PATIENTPROCEDURE (PATIENTID,PROCEDUREID) values (54,48);
Insert into HOSPITAL.PATIENTPROCEDURE (PATIENTID,PROCEDUREID) values (55,45);
Insert into HOSPITAL.PATIENTPROCEDURE (PATIENTID,PROCEDUREID) values (56,57);
Insert into HOSPITAL.PATIENTPROCEDURE (PATIENTID,PROCEDUREID) values (57,48);
Insert into HOSPITAL.PATIENTPROCEDURE (PATIENTID,PROCEDUREID) values (58,51);
Insert into HOSPITAL.PATIENTPROCEDURE (PATIENTID,PROCEDUREID) values (59,92);
Insert into HOSPITAL.PATIENTPROCEDURE (PATIENTID,PROCEDUREID) values (60,56);
Insert into HOSPITAL.PATIENTPROCEDURE (PATIENTID,PROCEDUREID) values (61,80);
Insert into HOSPITAL.PATIENTPROCEDURE (PATIENTID,PROCEDUREID) values (62,56);
Insert into HOSPITAL.PATIENTPROCEDURE (PATIENTID,PROCEDUREID) values (63,8);
Insert into HOSPITAL.PATIENTPROCEDURE (PATIENTID,PROCEDUREID) values (64,54);
Insert into HOSPITAL.PATIENTPROCEDURE (PATIENTID,PROCEDUREID) values (65,9);
Insert into HOSPITAL.PATIENTPROCEDURE (PATIENTID,PROCEDUREID) values (66,65);
Insert into HOSPITAL.PATIENTPROCEDURE (PATIENTID,PROCEDUREID) values (67,20);
Insert into HOSPITAL.PATIENTPROCEDURE (PATIENTID,PROCEDUREID) values (68,97);
Insert into HOSPITAL.PATIENTPROCEDURE (PATIENTID,PROCEDUREID) values (69,74);
Insert into HOSPITAL.PATIENTPROCEDURE (PATIENTID,PROCEDUREID) values (70,43);
Insert into HOSPITAL.PATIENTPROCEDURE (PATIENTID,PROCEDUREID) values (71,58);
Insert into HOSPITAL.PATIENTPROCEDURE (PATIENTID,PROCEDUREID) values (72,63);
Insert into HOSPITAL.PATIENTPROCEDURE (PATIENTID,PROCEDUREID) values (73,62);
Insert into HOSPITAL.PATIENTPROCEDURE (PATIENTID,PROCEDUREID) values (74,8);
Insert into HOSPITAL.PATIENTPROCEDURE (PATIENTID,PROCEDUREID) values (75,18);
Insert into HOSPITAL.PATIENTPROCEDURE (PATIENTID,PROCEDUREID) values (76,83);
Insert into HOSPITAL.PATIENTPROCEDURE (PATIENTID,PROCEDUREID) values (77,88);
Insert into HOSPITAL.PATIENTPROCEDURE (PATIENTID,PROCEDUREID) values (78,78);
Insert into HOSPITAL.PATIENTPROCEDURE (PATIENTID,PROCEDUREID) values (79,14);
Insert into HOSPITAL.PATIENTPROCEDURE (PATIENTID,PROCEDUREID) values (80,97);
Insert into HOSPITAL.PATIENTPROCEDURE (PATIENTID,PROCEDUREID) values (81,5);
Insert into HOSPITAL.PATIENTPROCEDURE (PATIENTID,PROCEDUREID) values (82,55);
Insert into HOSPITAL.PATIENTPROCEDURE (PATIENTID,PROCEDUREID) values (83,26);
Insert into HOSPITAL.PATIENTPROCEDURE (PATIENTID,PROCEDUREID) values (84,20);
Insert into HOSPITAL.PATIENTPROCEDURE (PATIENTID,PROCEDUREID) values (85,29);
Insert into HOSPITAL.PATIENTPROCEDURE (PATIENTID,PROCEDUREID) values (86,6);
Insert into HOSPITAL.PATIENTPROCEDURE (PATIENTID,PROCEDUREID) values (87,71);
Insert into HOSPITAL.PATIENTPROCEDURE (PATIENTID,PROCEDUREID) values (88,54);
Insert into HOSPITAL.PATIENTPROCEDURE (PATIENTID,PROCEDUREID) values (89,96);
Insert into HOSPITAL.PATIENTPROCEDURE (PATIENTID,PROCEDUREID) values (90,87);
Insert into HOSPITAL.PATIENTPROCEDURE (PATIENTID,PROCEDUREID) values (91,28);
Insert into HOSPITAL.PATIENTPROCEDURE (PATIENTID,PROCEDUREID) values (92,81);
Insert into HOSPITAL.PATIENTPROCEDURE (PATIENTID,PROCEDUREID) values (93,22);
Insert into HOSPITAL.PATIENTPROCEDURE (PATIENTID,PROCEDUREID) values (94,58);
Insert into HOSPITAL.PATIENTPROCEDURE (PATIENTID,PROCEDUREID) values (95,57);
Insert into HOSPITAL.PATIENTPROCEDURE (PATIENTID,PROCEDUREID) values (96,4);
Insert into HOSPITAL.PATIENTPROCEDURE (PATIENTID,PROCEDUREID) values (97,56);
Insert into HOSPITAL.PATIENTPROCEDURE (PATIENTID,PROCEDUREID) values (98,17);
Insert into HOSPITAL.PATIENTPROCEDURE (PATIENTID,PROCEDUREID) values (99,45);
Insert into HOSPITAL.PATIENTPROCEDURE (PATIENTID,PROCEDUREID) values (100,34);
Insert into HOSPITAL.PATIENTPROCEDURE (PATIENTID,PROCEDUREID) values (101,90);
Insert into HOSPITAL.PATIENTPROCEDURE (PATIENTID,PROCEDUREID) values (102,41);
Insert into HOSPITAL.PATIENTPROCEDURE (PATIENTID,PROCEDUREID) values (103,25);
Insert into HOSPITAL.PATIENTPROCEDURE (PATIENTID,PROCEDUREID) values (104,19);
Insert into HOSPITAL.PATIENTPROCEDURE (PATIENTID,PROCEDUREID) values (105,50);
Insert into HOSPITAL.PATIENTPROCEDURE (PATIENTID,PROCEDUREID) values (106,47);
Insert into HOSPITAL.PATIENTPROCEDURE (PATIENTID,PROCEDUREID) values (107,20);
Insert into HOSPITAL.PATIENTPROCEDURE (PATIENTID,PROCEDUREID) values (108,46);
Insert into HOSPITAL.PATIENTPROCEDURE (PATIENTID,PROCEDUREID) values (109,11);
Insert into HOSPITAL.PATIENTPROCEDURE (PATIENTID,PROCEDUREID) values (110,13);
Insert into HOSPITAL.PATIENTPROCEDURE (PATIENTID,PROCEDUREID) values (111,26);
Insert into HOSPITAL.PATIENTPROCEDURE (PATIENTID,PROCEDUREID) values (112,26);
Insert into HOSPITAL.PATIENTPROCEDURE (PATIENTID,PROCEDUREID) values (113,19);
Insert into HOSPITAL.PATIENTPROCEDURE (PATIENTID,PROCEDUREID) values (114,86);
Insert into HOSPITAL.PATIENTPROCEDURE (PATIENTID,PROCEDUREID) values (115,54);
Insert into HOSPITAL.PATIENTPROCEDURE (PATIENTID,PROCEDUREID) values (116,31);
Insert into HOSPITAL.PATIENTPROCEDURE (PATIENTID,PROCEDUREID) values (117,2);
Insert into HOSPITAL.PATIENTPROCEDURE (PATIENTID,PROCEDUREID) values (118,14);
Insert into HOSPITAL.PATIENTPROCEDURE (PATIENTID,PROCEDUREID) values (119,51);
Insert into HOSPITAL.PATIENTPROCEDURE (PATIENTID,PROCEDUREID) values (120,93);
Insert into HOSPITAL.PATIENTPROCEDURE (PATIENTID,PROCEDUREID) values (121,8);
Insert into HOSPITAL.PATIENTPROCEDURE (PATIENTID,PROCEDUREID) values (122,79);
Insert into HOSPITAL.PATIENTPROCEDURE (PATIENTID,PROCEDUREID) values (123,92);
Insert into HOSPITAL.PATIENTPROCEDURE (PATIENTID,PROCEDUREID) values (124,17);
Insert into HOSPITAL.PATIENTPROCEDURE (PATIENTID,PROCEDUREID) values (125,70);
Insert into HOSPITAL.PATIENTPROCEDURE (PATIENTID,PROCEDUREID) values (126,52);
Insert into HOSPITAL.PATIENTPROCEDURE (PATIENTID,PROCEDUREID) values (127,45);
Insert into HOSPITAL.PATIENTPROCEDURE (PATIENTID,PROCEDUREID) values (128,93);
Insert into HOSPITAL.PATIENTPROCEDURE (PATIENTID,PROCEDUREID) values (129,9);
Insert into HOSPITAL.PATIENTPROCEDURE (PATIENTID,PROCEDUREID) values (130,10);
Insert into HOSPITAL.PATIENTPROCEDURE (PATIENTID,PROCEDUREID) values (131,95);
Insert into HOSPITAL.PATIENTPROCEDURE (PATIENTID,PROCEDUREID) values (132,99);
Insert into HOSPITAL.PATIENTPROCEDURE (PATIENTID,PROCEDUREID) values (133,7);
Insert into HOSPITAL.PATIENTPROCEDURE (PATIENTID,PROCEDUREID) values (134,20);
Insert into HOSPITAL.PATIENTPROCEDURE (PATIENTID,PROCEDUREID) values (135,37);
Insert into HOSPITAL.PATIENTPROCEDURE (PATIENTID,PROCEDUREID) values (136,87);
Insert into HOSPITAL.PATIENTPROCEDURE (PATIENTID,PROCEDUREID) values (137,57);
Insert into HOSPITAL.PATIENTPROCEDURE (PATIENTID,PROCEDUREID) values (138,23);
Insert into HOSPITAL.PATIENTPROCEDURE (PATIENTID,PROCEDUREID) values (139,89);
Insert into HOSPITAL.PATIENTPROCEDURE (PATIENTID,PROCEDUREID) values (140,10);
Insert into HOSPITAL.PATIENTPROCEDURE (PATIENTID,PROCEDUREID) values (141,93);
Insert into HOSPITAL.PATIENTPROCEDURE (PATIENTID,PROCEDUREID) values (142,55);
Insert into HOSPITAL.PATIENTPROCEDURE (PATIENTID,PROCEDUREID) values (143,100);
Insert into HOSPITAL.PATIENTPROCEDURE (PATIENTID,PROCEDUREID) values (144,5);
Insert into HOSPITAL.PATIENTPROCEDURE (PATIENTID,PROCEDUREID) values (145,71);
Insert into HOSPITAL.PATIENTPROCEDURE (PATIENTID,PROCEDUREID) values (146,52);
Insert into HOSPITAL.PATIENTPROCEDURE (PATIENTID,PROCEDUREID) values (147,38);
Insert into HOSPITAL.PATIENTPROCEDURE (PATIENTID,PROCEDUREID) values (148,14);
Insert into HOSPITAL.PATIENTPROCEDURE (PATIENTID,PROCEDUREID) values (149,54);
Insert into HOSPITAL.PATIENTPROCEDURE (PATIENTID,PROCEDUREID) values (150,59);
Insert into HOSPITAL.PATIENTPROCEDURE (PATIENTID,PROCEDUREID) values (151,43);
Insert into HOSPITAL.PATIENTPROCEDURE (PATIENTID,PROCEDUREID) values (152,78);
Insert into HOSPITAL.PATIENTPROCEDURE (PATIENTID,PROCEDUREID) values (153,39);
Insert into HOSPITAL.PATIENTPROCEDURE (PATIENTID,PROCEDUREID) values (154,20);
Insert into HOSPITAL.PATIENTPROCEDURE (PATIENTID,PROCEDUREID) values (155,95);
Insert into HOSPITAL.PATIENTPROCEDURE (PATIENTID,PROCEDUREID) values (156,52);
Insert into HOSPITAL.PATIENTPROCEDURE (PATIENTID,PROCEDUREID) values (157,35);
Insert into HOSPITAL.PATIENTPROCEDURE (PATIENTID,PROCEDUREID) values (158,54);
Insert into HOSPITAL.PATIENTPROCEDURE (PATIENTID,PROCEDUREID) values (159,57);
Insert into HOSPITAL.PATIENTPROCEDURE (PATIENTID,PROCEDUREID) values (160,100);
Insert into HOSPITAL.PATIENTPROCEDURE (PATIENTID,PROCEDUREID) values (161,13);
Insert into HOSPITAL.PATIENTPROCEDURE (PATIENTID,PROCEDUREID) values (162,35);
Insert into HOSPITAL.PATIENTPROCEDURE (PATIENTID,PROCEDUREID) values (163,17);
Insert into HOSPITAL.PATIENTPROCEDURE (PATIENTID,PROCEDUREID) values (164,71);
Insert into HOSPITAL.PATIENTPROCEDURE (PATIENTID,PROCEDUREID) values (165,72);
Insert into HOSPITAL.PATIENTPROCEDURE (PATIENTID,PROCEDUREID) values (166,44);
Insert into HOSPITAL.PATIENTPROCEDURE (PATIENTID,PROCEDUREID) values (167,29);
Insert into HOSPITAL.PATIENTPROCEDURE (PATIENTID,PROCEDUREID) values (168,18);
Insert into HOSPITAL.PATIENTPROCEDURE (PATIENTID,PROCEDUREID) values (169,95);
Insert into HOSPITAL.PATIENTPROCEDURE (PATIENTID,PROCEDUREID) values (170,29);
Insert into HOSPITAL.PATIENTPROCEDURE (PATIENTID,PROCEDUREID) values (171,73);
Insert into HOSPITAL.PATIENTPROCEDURE (PATIENTID,PROCEDUREID) values (172,43);
Insert into HOSPITAL.PATIENTPROCEDURE (PATIENTID,PROCEDUREID) values (173,69);
Insert into HOSPITAL.PATIENTPROCEDURE (PATIENTID,PROCEDUREID) values (174,10);
Insert into HOSPITAL.PATIENTPROCEDURE (PATIENTID,PROCEDUREID) values (175,86);
Insert into HOSPITAL.PATIENTPROCEDURE (PATIENTID,PROCEDUREID) values (176,94);
Insert into HOSPITAL.PATIENTPROCEDURE (PATIENTID,PROCEDUREID) values (177,25);
Insert into HOSPITAL.PATIENTPROCEDURE (PATIENTID,PROCEDUREID) values (178,9);
Insert into HOSPITAL.PATIENTPROCEDURE (PATIENTID,PROCEDUREID) values (179,52);
Insert into HOSPITAL.PATIENTPROCEDURE (PATIENTID,PROCEDUREID) values (180,74);
Insert into HOSPITAL.PATIENTPROCEDURE (PATIENTID,PROCEDUREID) values (181,93);
Insert into HOSPITAL.PATIENTPROCEDURE (PATIENTID,PROCEDUREID) values (182,69);
Insert into HOSPITAL.PATIENTPROCEDURE (PATIENTID,PROCEDUREID) values (183,53);
Insert into HOSPITAL.PATIENTPROCEDURE (PATIENTID,PROCEDUREID) values (184,4);
Insert into HOSPITAL.PATIENTPROCEDURE (PATIENTID,PROCEDUREID) values (185,40);
Insert into HOSPITAL.PATIENTPROCEDURE (PATIENTID,PROCEDUREID) values (186,41);
Insert into HOSPITAL.PATIENTPROCEDURE (PATIENTID,PROCEDUREID) values (187,62);
Insert into HOSPITAL.PATIENTPROCEDURE (PATIENTID,PROCEDUREID) values (188,10);
Insert into HOSPITAL.PATIENTPROCEDURE (PATIENTID,PROCEDUREID) values (189,89);
Insert into HOSPITAL.PATIENTPROCEDURE (PATIENTID,PROCEDUREID) values (190,97);
Insert into HOSPITAL.PATIENTPROCEDURE (PATIENTID,PROCEDUREID) values (191,50);
Insert into HOSPITAL.PATIENTPROCEDURE (PATIENTID,PROCEDUREID) values (192,34);
Insert into HOSPITAL.PATIENTPROCEDURE (PATIENTID,PROCEDUREID) values (193,4);
Insert into HOSPITAL.PATIENTPROCEDURE (PATIENTID,PROCEDUREID) values (194,62);
Insert into HOSPITAL.PATIENTPROCEDURE (PATIENTID,PROCEDUREID) values (195,21);
Insert into HOSPITAL.PATIENTPROCEDURE (PATIENTID,PROCEDUREID) values (196,81);
Insert into HOSPITAL.PATIENTPROCEDURE (PATIENTID,PROCEDUREID) values (197,93);
Insert into HOSPITAL.PATIENTPROCEDURE (PATIENTID,PROCEDUREID) values (198,89);
Insert into HOSPITAL.PATIENTPROCEDURE (PATIENTID,PROCEDUREID) values (199,78);
Insert into HOSPITAL.PATIENTPROCEDURE (PATIENTID,PROCEDUREID) values (200,62);
Insert into HOSPITAL.PATIENTPROCEDURE (PATIENTID,PROCEDUREID) values (201,7);
Insert into HOSPITAL.PATIENTPROCEDURE (PATIENTID,PROCEDUREID) values (202,45);
Insert into HOSPITAL.PATIENTPROCEDURE (PATIENTID,PROCEDUREID) values (203,30);
Insert into HOSPITAL.PATIENTPROCEDURE (PATIENTID,PROCEDUREID) values (204,24);
Insert into HOSPITAL.PATIENTPROCEDURE (PATIENTID,PROCEDUREID) values (205,34);
Insert into HOSPITAL.PATIENTPROCEDURE (PATIENTID,PROCEDUREID) values (206,60);
Insert into HOSPITAL.PATIENTPROCEDURE (PATIENTID,PROCEDUREID) values (207,13);
Insert into HOSPITAL.PATIENTPROCEDURE (PATIENTID,PROCEDUREID) values (208,42);
Insert into HOSPITAL.PATIENTPROCEDURE (PATIENTID,PROCEDUREID) values (209,82);
Insert into HOSPITAL.PATIENTPROCEDURE (PATIENTID,PROCEDUREID) values (210,65);
Insert into HOSPITAL.PATIENTPROCEDURE (PATIENTID,PROCEDUREID) values (211,3);
Insert into HOSPITAL.PATIENTPROCEDURE (PATIENTID,PROCEDUREID) values (212,79);
Insert into HOSPITAL.PATIENTPROCEDURE (PATIENTID,PROCEDUREID) values (213,75);
Insert into HOSPITAL.PATIENTPROCEDURE (PATIENTID,PROCEDUREID) values (214,63);
Insert into HOSPITAL.PATIENTPROCEDURE (PATIENTID,PROCEDUREID) values (215,72);
Insert into HOSPITAL.PATIENTPROCEDURE (PATIENTID,PROCEDUREID) values (216,2);
Insert into HOSPITAL.PATIENTPROCEDURE (PATIENTID,PROCEDUREID) values (217,28);
Insert into HOSPITAL.PATIENTPROCEDURE (PATIENTID,PROCEDUREID) values (218,63);
Insert into HOSPITAL.PATIENTPROCEDURE (PATIENTID,PROCEDUREID) values (219,57);
Insert into HOSPITAL.PATIENTPROCEDURE (PATIENTID,PROCEDUREID) values (220,13);
Insert into HOSPITAL.PATIENTPROCEDURE (PATIENTID,PROCEDUREID) values (221,9);
Insert into HOSPITAL.PATIENTPROCEDURE (PATIENTID,PROCEDUREID) values (222,76);
Insert into HOSPITAL.PATIENTPROCEDURE (PATIENTID,PROCEDUREID) values (223,42);
Insert into HOSPITAL.PATIENTPROCEDURE (PATIENTID,PROCEDUREID) values (224,39);
Insert into HOSPITAL.PATIENTPROCEDURE (PATIENTID,PROCEDUREID) values (225,59);
Insert into HOSPITAL.PATIENTPROCEDURE (PATIENTID,PROCEDUREID) values (226,28);
Insert into HOSPITAL.PATIENTPROCEDURE (PATIENTID,PROCEDUREID) values (227,19);
Insert into HOSPITAL.PATIENTPROCEDURE (PATIENTID,PROCEDUREID) values (228,82);
Insert into HOSPITAL.PATIENTPROCEDURE (PATIENTID,PROCEDUREID) values (229,100);
Insert into HOSPITAL.PATIENTPROCEDURE (PATIENTID,PROCEDUREID) values (230,39);
Insert into HOSPITAL.PATIENTPROCEDURE (PATIENTID,PROCEDUREID) values (231,7);
Insert into HOSPITAL.PATIENTPROCEDURE (PATIENTID,PROCEDUREID) values (232,27);
Insert into HOSPITAL.PATIENTPROCEDURE (PATIENTID,PROCEDUREID) values (233,47);
Insert into HOSPITAL.PATIENTPROCEDURE (PATIENTID,PROCEDUREID) values (234,59);
Insert into HOSPITAL.PATIENTPROCEDURE (PATIENTID,PROCEDUREID) values (235,86);
Insert into HOSPITAL.PATIENTPROCEDURE (PATIENTID,PROCEDUREID) values (236,55);
Insert into HOSPITAL.PATIENTPROCEDURE (PATIENTID,PROCEDUREID) values (237,28);
Insert into HOSPITAL.PATIENTPROCEDURE (PATIENTID,PROCEDUREID) values (238,37);
Insert into HOSPITAL.PATIENTPROCEDURE (PATIENTID,PROCEDUREID) values (239,81);
Insert into HOSPITAL.PATIENTPROCEDURE (PATIENTID,PROCEDUREID) values (240,99);
Insert into HOSPITAL.PATIENTPROCEDURE (PATIENTID,PROCEDUREID) values (241,65);
Insert into HOSPITAL.PATIENTPROCEDURE (PATIENTID,PROCEDUREID) values (242,93);
Insert into HOSPITAL.PATIENTPROCEDURE (PATIENTID,PROCEDUREID) values (243,67);
Insert into HOSPITAL.PATIENTPROCEDURE (PATIENTID,PROCEDUREID) values (244,2);
Insert into HOSPITAL.PATIENTPROCEDURE (PATIENTID,PROCEDUREID) values (245,68);
Insert into HOSPITAL.PATIENTPROCEDURE (PATIENTID,PROCEDUREID) values (246,81);
Insert into HOSPITAL.PATIENTPROCEDURE (PATIENTID,PROCEDUREID) values (247,86);
Insert into HOSPITAL.PATIENTPROCEDURE (PATIENTID,PROCEDUREID) values (248,85);
Insert into HOSPITAL.PATIENTPROCEDURE (PATIENTID,PROCEDUREID) values (249,80);
Insert into HOSPITAL.PATIENTPROCEDURE (PATIENTID,PROCEDUREID) values (250,91);
Insert into HOSPITAL.PATIENTPROCEDURE (PATIENTID,PROCEDUREID) values (251,90);
Insert into HOSPITAL.PATIENTPROCEDURE (PATIENTID,PROCEDUREID) values (252,92);
Insert into HOSPITAL.PATIENTPROCEDURE (PATIENTID,PROCEDUREID) values (253,16);
Insert into HOSPITAL.PATIENTPROCEDURE (PATIENTID,PROCEDUREID) values (254,81);
Insert into HOSPITAL.PATIENTPROCEDURE (PATIENTID,PROCEDUREID) values (255,83);
Insert into HOSPITAL.PATIENTPROCEDURE (PATIENTID,PROCEDUREID) values (256,58);
Insert into HOSPITAL.PATIENTPROCEDURE (PATIENTID,PROCEDUREID) values (257,98);
Insert into HOSPITAL.PATIENTPROCEDURE (PATIENTID,PROCEDUREID) values (258,93);
Insert into HOSPITAL.PATIENTPROCEDURE (PATIENTID,PROCEDUREID) values (259,89);
Insert into HOSPITAL.PATIENTPROCEDURE (PATIENTID,PROCEDUREID) values (260,58);
Insert into HOSPITAL.PATIENTPROCEDURE (PATIENTID,PROCEDUREID) values (261,57);
Insert into HOSPITAL.PATIENTPROCEDURE (PATIENTID,PROCEDUREID) values (262,84);
Insert into HOSPITAL.PATIENTPROCEDURE (PATIENTID,PROCEDUREID) values (263,80);
Insert into HOSPITAL.PATIENTPROCEDURE (PATIENTID,PROCEDUREID) values (264,15);
Insert into HOSPITAL.PATIENTPROCEDURE (PATIENTID,PROCEDUREID) values (265,95);
Insert into HOSPITAL.PATIENTPROCEDURE (PATIENTID,PROCEDUREID) values (266,53);
Insert into HOSPITAL.PATIENTPROCEDURE (PATIENTID,PROCEDUREID) values (267,98);
Insert into HOSPITAL.PATIENTPROCEDURE (PATIENTID,PROCEDUREID) values (268,36);
Insert into HOSPITAL.PATIENTPROCEDURE (PATIENTID,PROCEDUREID) values (269,71);
Insert into HOSPITAL.PATIENTPROCEDURE (PATIENTID,PROCEDUREID) values (270,20);
Insert into HOSPITAL.PATIENTPROCEDURE (PATIENTID,PROCEDUREID) values (271,44);
Insert into HOSPITAL.PATIENTPROCEDURE (PATIENTID,PROCEDUREID) values (272,14);
Insert into HOSPITAL.PATIENTPROCEDURE (PATIENTID,PROCEDUREID) values (273,88);
Insert into HOSPITAL.PATIENTPROCEDURE (PATIENTID,PROCEDUREID) values (274,66);
Insert into HOSPITAL.PATIENTPROCEDURE (PATIENTID,PROCEDUREID) values (275,15);
Insert into HOSPITAL.PATIENTPROCEDURE (PATIENTID,PROCEDUREID) values (276,62);
Insert into HOSPITAL.PATIENTPROCEDURE (PATIENTID,PROCEDUREID) values (277,94);
Insert into HOSPITAL.PATIENTPROCEDURE (PATIENTID,PROCEDUREID) values (278,32);
Insert into HOSPITAL.PATIENTPROCEDURE (PATIENTID,PROCEDUREID) values (279,32);
Insert into HOSPITAL.PATIENTPROCEDURE (PATIENTID,PROCEDUREID) values (280,83);
Insert into HOSPITAL.PATIENTPROCEDURE (PATIENTID,PROCEDUREID) values (281,85);
Insert into HOSPITAL.PATIENTPROCEDURE (PATIENTID,PROCEDUREID) values (282,78);
Insert into HOSPITAL.PATIENTPROCEDURE (PATIENTID,PROCEDUREID) values (283,54);
Insert into HOSPITAL.PATIENTPROCEDURE (PATIENTID,PROCEDUREID) values (284,60);
Insert into HOSPITAL.PATIENTPROCEDURE (PATIENTID,PROCEDUREID) values (285,68);
Insert into HOSPITAL.PATIENTPROCEDURE (PATIENTID,PROCEDUREID) values (286,93);
Insert into HOSPITAL.PATIENTPROCEDURE (PATIENTID,PROCEDUREID) values (287,68);
Insert into HOSPITAL.PATIENTPROCEDURE (PATIENTID,PROCEDUREID) values (288,50);
Insert into HOSPITAL.PATIENTPROCEDURE (PATIENTID,PROCEDUREID) values (289,1);
Insert into HOSPITAL.PATIENTPROCEDURE (PATIENTID,PROCEDUREID) values (290,98);
Insert into HOSPITAL.PATIENTPROCEDURE (PATIENTID,PROCEDUREID) values (291,53);
Insert into HOSPITAL.PATIENTPROCEDURE (PATIENTID,PROCEDUREID) values (292,86);
Insert into HOSPITAL.PATIENTPROCEDURE (PATIENTID,PROCEDUREID) values (293,60);
Insert into HOSPITAL.PATIENTPROCEDURE (PATIENTID,PROCEDUREID) values (294,54);
Insert into HOSPITAL.PATIENTPROCEDURE (PATIENTID,PROCEDUREID) values (295,92);
Insert into HOSPITAL.PATIENTPROCEDURE (PATIENTID,PROCEDUREID) values (296,94);
Insert into HOSPITAL.PATIENTPROCEDURE (PATIENTID,PROCEDUREID) values (297,25);
Insert into HOSPITAL.PATIENTPROCEDURE (PATIENTID,PROCEDUREID) values (298,76);
Insert into HOSPITAL.PATIENTPROCEDURE (PATIENTID,PROCEDUREID) values (299,98);
Insert into HOSPITAL.PATIENTPROCEDURE (PATIENTID,PROCEDUREID) values (300,13);
Insert into HOSPITAL.PATIENTPROCEDURE (PATIENTID,PROCEDUREID) values (301,95);
Insert into HOSPITAL.PATIENTPROCEDURE (PATIENTID,PROCEDUREID) values (302,26);
Insert into HOSPITAL.PATIENTPROCEDURE (PATIENTID,PROCEDUREID) values (303,6);
Insert into HOSPITAL.PATIENTPROCEDURE (PATIENTID,PROCEDUREID) values (304,7);
Insert into HOSPITAL.PATIENTPROCEDURE (PATIENTID,PROCEDUREID) values (305,87);
Insert into HOSPITAL.PATIENTPROCEDURE (PATIENTID,PROCEDUREID) values (306,8);
Insert into HOSPITAL.PATIENTPROCEDURE (PATIENTID,PROCEDUREID) values (307,85);
Insert into HOSPITAL.PATIENTPROCEDURE (PATIENTID,PROCEDUREID) values (308,73);
Insert into HOSPITAL.PATIENTPROCEDURE (PATIENTID,PROCEDUREID) values (309,91);
Insert into HOSPITAL.PATIENTPROCEDURE (PATIENTID,PROCEDUREID) values (310,76);
Insert into HOSPITAL.PATIENTPROCEDURE (PATIENTID,PROCEDUREID) values (311,21);
Insert into HOSPITAL.PATIENTPROCEDURE (PATIENTID,PROCEDUREID) values (312,10);
Insert into HOSPITAL.PATIENTPROCEDURE (PATIENTID,PROCEDUREID) values (313,7);
Insert into HOSPITAL.PATIENTPROCEDURE (PATIENTID,PROCEDUREID) values (314,30);
Insert into HOSPITAL.PATIENTPROCEDURE (PATIENTID,PROCEDUREID) values (315,18);
Insert into HOSPITAL.PATIENTPROCEDURE (PATIENTID,PROCEDUREID) values (316,75);
Insert into HOSPITAL.PATIENTPROCEDURE (PATIENTID,PROCEDUREID) values (317,39);
Insert into HOSPITAL.PATIENTPROCEDURE (PATIENTID,PROCEDUREID) values (318,37);
Insert into HOSPITAL.PATIENTPROCEDURE (PATIENTID,PROCEDUREID) values (319,33);
Insert into HOSPITAL.PATIENTPROCEDURE (PATIENTID,PROCEDUREID) values (320,39);
Insert into HOSPITAL.PATIENTPROCEDURE (PATIENTID,PROCEDUREID) values (321,45);
Insert into HOSPITAL.PATIENTPROCEDURE (PATIENTID,PROCEDUREID) values (322,75);
Insert into HOSPITAL.PATIENTPROCEDURE (PATIENTID,PROCEDUREID) values (323,40);
Insert into HOSPITAL.PATIENTPROCEDURE (PATIENTID,PROCEDUREID) values (324,93);
Insert into HOSPITAL.PATIENTPROCEDURE (PATIENTID,PROCEDUREID) values (325,58);
Insert into HOSPITAL.PATIENTPROCEDURE (PATIENTID,PROCEDUREID) values (326,85);
Insert into HOSPITAL.PATIENTPROCEDURE (PATIENTID,PROCEDUREID) values (327,15);
Insert into HOSPITAL.PATIENTPROCEDURE (PATIENTID,PROCEDUREID) values (328,52);
Insert into HOSPITAL.PATIENTPROCEDURE (PATIENTID,PROCEDUREID) values (329,43);
Insert into HOSPITAL.PATIENTPROCEDURE (PATIENTID,PROCEDUREID) values (330,7);
Insert into HOSPITAL.PATIENTPROCEDURE (PATIENTID,PROCEDUREID) values (331,55);
Insert into HOSPITAL.PATIENTPROCEDURE (PATIENTID,PROCEDUREID) values (332,83);
Insert into HOSPITAL.PATIENTPROCEDURE (PATIENTID,PROCEDUREID) values (333,70);
Insert into HOSPITAL.PATIENTPROCEDURE (PATIENTID,PROCEDUREID) values (334,78);
Insert into HOSPITAL.PATIENTPROCEDURE (PATIENTID,PROCEDUREID) values (335,44);
Insert into HOSPITAL.PATIENTPROCEDURE (PATIENTID,PROCEDUREID) values (336,25);
Insert into HOSPITAL.PATIENTPROCEDURE (PATIENTID,PROCEDUREID) values (337,56);
Insert into HOSPITAL.PATIENTPROCEDURE (PATIENTID,PROCEDUREID) values (338,46);
Insert into HOSPITAL.PATIENTPROCEDURE (PATIENTID,PROCEDUREID) values (339,48);
Insert into HOSPITAL.PATIENTPROCEDURE (PATIENTID,PROCEDUREID) values (340,71);
Insert into HOSPITAL.PATIENTPROCEDURE (PATIENTID,PROCEDUREID) values (341,41);
Insert into HOSPITAL.PATIENTPROCEDURE (PATIENTID,PROCEDUREID) values (342,26);
Insert into HOSPITAL.PATIENTPROCEDURE (PATIENTID,PROCEDUREID) values (343,2);
Insert into HOSPITAL.PATIENTPROCEDURE (PATIENTID,PROCEDUREID) values (344,81);
Insert into HOSPITAL.PATIENTPROCEDURE (PATIENTID,PROCEDUREID) values (345,17);
Insert into HOSPITAL.PATIENTPROCEDURE (PATIENTID,PROCEDUREID) values (346,94);
Insert into HOSPITAL.PATIENTPROCEDURE (PATIENTID,PROCEDUREID) values (347,53);
Insert into HOSPITAL.PATIENTPROCEDURE (PATIENTID,PROCEDUREID) values (348,59);
Insert into HOSPITAL.PATIENTPROCEDURE (PATIENTID,PROCEDUREID) values (349,33);
Insert into HOSPITAL.PATIENTPROCEDURE (PATIENTID,PROCEDUREID) values (350,32);
Insert into HOSPITAL.PATIENTPROCEDURE (PATIENTID,PROCEDUREID) values (351,91);
Insert into HOSPITAL.PATIENTPROCEDURE (PATIENTID,PROCEDUREID) values (352,21);
Insert into HOSPITAL.PATIENTPROCEDURE (PATIENTID,PROCEDUREID) values (353,24);
Insert into HOSPITAL.PATIENTPROCEDURE (PATIENTID,PROCEDUREID) values (354,47);
Insert into HOSPITAL.PATIENTPROCEDURE (PATIENTID,PROCEDUREID) values (355,22);
Insert into HOSPITAL.PATIENTPROCEDURE (PATIENTID,PROCEDUREID) values (356,42);
Insert into HOSPITAL.PATIENTPROCEDURE (PATIENTID,PROCEDUREID) values (357,6);
Insert into HOSPITAL.PATIENTPROCEDURE (PATIENTID,PROCEDUREID) values (358,40);
Insert into HOSPITAL.PATIENTPROCEDURE (PATIENTID,PROCEDUREID) values (359,24);
Insert into HOSPITAL.PATIENTPROCEDURE (PATIENTID,PROCEDUREID) values (360,10);
Insert into HOSPITAL.PATIENTPROCEDURE (PATIENTID,PROCEDUREID) values (361,19);
Insert into HOSPITAL.PATIENTPROCEDURE (PATIENTID,PROCEDUREID) values (362,90);
Insert into HOSPITAL.PATIENTPROCEDURE (PATIENTID,PROCEDUREID) values (363,21);
Insert into HOSPITAL.PATIENTPROCEDURE (PATIENTID,PROCEDUREID) values (364,35);
Insert into HOSPITAL.PATIENTPROCEDURE (PATIENTID,PROCEDUREID) values (365,34);
Insert into HOSPITAL.PATIENTPROCEDURE (PATIENTID,PROCEDUREID) values (366,70);
Insert into HOSPITAL.PATIENTPROCEDURE (PATIENTID,PROCEDUREID) values (367,5);
Insert into HOSPITAL.PATIENTPROCEDURE (PATIENTID,PROCEDUREID) values (368,97);
Insert into HOSPITAL.PATIENTPROCEDURE (PATIENTID,PROCEDUREID) values (369,61);
Insert into HOSPITAL.PATIENTPROCEDURE (PATIENTID,PROCEDUREID) values (370,62);
Insert into HOSPITAL.PATIENTPROCEDURE (PATIENTID,PROCEDUREID) values (371,16);
Insert into HOSPITAL.PATIENTPROCEDURE (PATIENTID,PROCEDUREID) values (372,84);
Insert into HOSPITAL.PATIENTPROCEDURE (PATIENTID,PROCEDUREID) values (373,27);
Insert into HOSPITAL.PATIENTPROCEDURE (PATIENTID,PROCEDUREID) values (374,28);
Insert into HOSPITAL.PATIENTPROCEDURE (PATIENTID,PROCEDUREID) values (375,59);
Insert into HOSPITAL.PATIENTPROCEDURE (PATIENTID,PROCEDUREID) values (376,35);
Insert into HOSPITAL.PATIENTPROCEDURE (PATIENTID,PROCEDUREID) values (377,65);
Insert into HOSPITAL.PATIENTPROCEDURE (PATIENTID,PROCEDUREID) values (378,44);
Insert into HOSPITAL.PATIENTPROCEDURE (PATIENTID,PROCEDUREID) values (379,25);
Insert into HOSPITAL.PATIENTPROCEDURE (PATIENTID,PROCEDUREID) values (380,36);
Insert into HOSPITAL.PATIENTPROCEDURE (PATIENTID,PROCEDUREID) values (381,99);
Insert into HOSPITAL.PATIENTPROCEDURE (PATIENTID,PROCEDUREID) values (382,32);
Insert into HOSPITAL.PATIENTPROCEDURE (PATIENTID,PROCEDUREID) values (383,85);
Insert into HOSPITAL.PATIENTPROCEDURE (PATIENTID,PROCEDUREID) values (384,11);
Insert into HOSPITAL.PATIENTPROCEDURE (PATIENTID,PROCEDUREID) values (385,67);
Insert into HOSPITAL.PATIENTPROCEDURE (PATIENTID,PROCEDUREID) values (386,13);
Insert into HOSPITAL.PATIENTPROCEDURE (PATIENTID,PROCEDUREID) values (387,51);
Insert into HOSPITAL.PATIENTPROCEDURE (PATIENTID,PROCEDUREID) values (388,46);
Insert into HOSPITAL.PATIENTPROCEDURE (PATIENTID,PROCEDUREID) values (389,42);
Insert into HOSPITAL.PATIENTPROCEDURE (PATIENTID,PROCEDUREID) values (390,81);
Insert into HOSPITAL.PATIENTPROCEDURE (PATIENTID,PROCEDUREID) values (391,66);
Insert into HOSPITAL.PATIENTPROCEDURE (PATIENTID,PROCEDUREID) values (392,34);
Insert into HOSPITAL.PATIENTPROCEDURE (PATIENTID,PROCEDUREID) values (393,71);
Insert into HOSPITAL.PATIENTPROCEDURE (PATIENTID,PROCEDUREID) values (394,46);
Insert into HOSPITAL.PATIENTPROCEDURE (PATIENTID,PROCEDUREID) values (395,55);
Insert into HOSPITAL.PATIENTPROCEDURE (PATIENTID,PROCEDUREID) values (396,19);
Insert into HOSPITAL.PATIENTPROCEDURE (PATIENTID,PROCEDUREID) values (397,26);
Insert into HOSPITAL.PATIENTPROCEDURE (PATIENTID,PROCEDUREID) values (398,53);
Insert into HOSPITAL.PATIENTPROCEDURE (PATIENTID,PROCEDUREID) values (399,2);
Insert into HOSPITAL.PATIENTPROCEDURE (PATIENTID,PROCEDUREID) values (400,29);
REM INSERTING into HOSPITAL.PROCEDURE
SET DEFINE OFF;
Insert into HOSPITAL.PROCEDURE (PROCEDUREID,PNAME,NURSEID,ROOMID,STARTDATE_TIME,ENDDATE_TIME) values (1,'Bypass surgery',1,'E001',to_timestamp('16-OCT-20 04.29.11.000000000 AM','DD-MON-RR HH.MI.SSXFF AM'),to_timestamp('16-JAN-21 06.32.32.000000000 AM','DD-MON-RR HH.MI.SSXFF AM'));
Insert into HOSPITAL.PROCEDURE (PROCEDUREID,PNAME,NURSEID,ROOMID,STARTDATE_TIME,ENDDATE_TIME) values (2,'Breast implantation',2,'O001',to_timestamp('16-JAN-21 02.48.03.000000000 AM','DD-MON-RR HH.MI.SSXFF AM'),to_timestamp('09-FEB-21 10.59.06.000000000 PM','DD-MON-RR HH.MI.SSXFF AM'));
Insert into HOSPITAL.PROCEDURE (PROCEDUREID,PNAME,NURSEID,ROOMID,STARTDATE_TIME,ENDDATE_TIME) values (3,'Face plastic surgery',3,'I001',to_timestamp('02-OCT-20 07.39.28.000000000 AM','DD-MON-RR HH.MI.SSXFF AM'),to_timestamp('02-OCT-20 11.45.10.000000000 AM','DD-MON-RR HH.MI.SSXFF AM'));
Insert into HOSPITAL.PROCEDURE (PROCEDUREID,PNAME,NURSEID,ROOMID,STARTDATE_TIME,ENDDATE_TIME) values (4,'gallbladder surgery',4,'E002',to_timestamp('15-NOV-20 12.42.54.000000000 AM','DD-MON-RR HH.MI.SSXFF AM'),to_timestamp('15-NOV-20 04.53.27.000000000 AM','DD-MON-RR HH.MI.SSXFF AM'));
Insert into HOSPITAL.PROCEDURE (PROCEDUREID,PNAME,NURSEID,ROOMID,STARTDATE_TIME,ENDDATE_TIME) values (5,'Accident treatment',5,'O102',to_timestamp('20-DEC-20 07.55.20.000000000 AM','DD-MON-RR HH.MI.SSXFF AM'),to_timestamp('20-DEC-20 11.48.11.000000000 AM','DD-MON-RR HH.MI.SSXFF AM'));
Insert into HOSPITAL.PROCEDURE (PROCEDUREID,PNAME,NURSEID,ROOMID,STARTDATE_TIME,ENDDATE_TIME) values (6,'hemorrhoid removal',6,'I002',to_timestamp('11-NOV-20 04.15.14.000000000 PM','DD-MON-RR HH.MI.SSXFF AM'),to_timestamp('11-NOV-20 07.58.46.000000000 PM','DD-MON-RR HH.MI.SSXFF AM'));
Insert into HOSPITAL.PROCEDURE (PROCEDUREID,PNAME,NURSEID,ROOMID,STARTDATE_TIME,ENDDATE_TIME) values (7,'emergency Room',7,'E003',to_timestamp('04-NOV-20 11.29.40.000000000 AM','DD-MON-RR HH.MI.SSXFF AM'),to_timestamp('04-NOV-20 03.27.58.000000000 PM','DD-MON-RR HH.MI.SSXFF AM'));
Insert into HOSPITAL.PROCEDURE (PROCEDUREID,PNAME,NURSEID,ROOMID,STARTDATE_TIME,ENDDATE_TIME) values (8,'colon cancer removal',8,'O103',to_timestamp('27-DEC-20 12.48.11.000000000 PM','DD-MON-RR HH.MI.SSXFF AM'),to_timestamp('27-DEC-20 04.33.25.000000000 PM','DD-MON-RR HH.MI.SSXFF AM'));
Insert into HOSPITAL.PROCEDURE (PROCEDUREID,PNAME,NURSEID,ROOMID,STARTDATE_TIME,ENDDATE_TIME) values (9,'eye transplant',9,'I103',to_timestamp('30-JAN-21 11.43.25.000000000 PM','DD-MON-RR HH.MI.SSXFF AM'),to_timestamp('31-JAN-21 03.30.02.000000000 AM','DD-MON-RR HH.MI.SSXFF AM'));
Insert into HOSPITAL.PROCEDURE (PROCEDUREID,PNAME,NURSEID,ROOMID,STARTDATE_TIME,ENDDATE_TIME) values (10,'Knee surgery',10,'E001',to_timestamp('25-NOV-20 10.24.40.000000000 AM','DD-MON-RR HH.MI.SSXFF AM'),to_timestamp('25-NOV-20 01.59.29.000000000 PM','DD-MON-RR HH.MI.SSXFF AM'));
Insert into HOSPITAL.PROCEDURE (PROCEDUREID,PNAME,NURSEID,ROOMID,STARTDATE_TIME,ENDDATE_TIME) values (11,'hair transplant',11,'O104',to_timestamp('07-JAN-21 12.38.04.000000000 PM','DD-MON-RR HH.MI.SSXFF AM'),to_timestamp('07-JAN-21 04.12.37.000000000 PM','DD-MON-RR HH.MI.SSXFF AM'));
Insert into HOSPITAL.PROCEDURE (PROCEDUREID,PNAME,NURSEID,ROOMID,STARTDATE_TIME,ENDDATE_TIME) values (12,'Open heart surgery',12,'I104',to_timestamp('20-NOV-20 10.58.06.000000000 PM','DD-MON-RR HH.MI.SSXFF AM'),to_timestamp('21-NOV-20 02.55.21.000000000 AM','DD-MON-RR HH.MI.SSXFF AM'));
Insert into HOSPITAL.PROCEDURE (PROCEDUREID,PNAME,NURSEID,ROOMID,STARTDATE_TIME,ENDDATE_TIME) values (13,'Accident treatement',13,'E002',to_timestamp('10-NOV-20 04.43.49.000000000 AM','DD-MON-RR HH.MI.SSXFF AM'),to_timestamp('10-NOV-20 08.22.51.000000000 AM','DD-MON-RR HH.MI.SSXFF AM'));
Insert into HOSPITAL.PROCEDURE (PROCEDUREID,PNAME,NURSEID,ROOMID,STARTDATE_TIME,ENDDATE_TIME) values (14,'Lazer Hair removal',14,'O001',to_timestamp('30-NOV-20 10.45.11.000000000 PM','DD-MON-RR HH.MI.SSXFF AM'),to_timestamp('30-NOV-20 02.39.35.000000000 AM','DD-MON-RR HH.MI.SSXFF AM'));
Insert into HOSPITAL.PROCEDURE (PROCEDUREID,PNAME,NURSEID,ROOMID,STARTDATE_TIME,ENDDATE_TIME) values (15,'Nose surgery',15,'I205',to_timestamp('03-OCT-20 07.24.17.000000000 PM','DD-MON-RR HH.MI.SSXFF AM'),to_timestamp('03-OCT-20 10.55.21.000000000 PM','DD-MON-RR HH.MI.SSXFF AM'));
Insert into HOSPITAL.PROCEDURE (PROCEDUREID,PNAME,NURSEID,ROOMID,STARTDATE_TIME,ENDDATE_TIME) values (16,'Child Delivery',16,'E003',to_timestamp('27-JAN-21 06.48.16.000000000 PM','DD-MON-RR HH.MI.SSXFF AM'),to_timestamp('27-JAN-21 10.26.41.000000000 PM','DD-MON-RR HH.MI.SSXFF AM'));
Insert into HOSPITAL.PROCEDURE (PROCEDUREID,PNAME,NURSEID,ROOMID,STARTDATE_TIME,ENDDATE_TIME) values (17,'Root Canal',17,'O102',to_timestamp('24-DEC-20 09.40.40.000000000 AM','DD-MON-RR HH.MI.SSXFF AM'),to_timestamp('24-DEC-20 01.13.17.000000000 PM','DD-MON-RR HH.MI.SSXFF AM'));
Insert into HOSPITAL.PROCEDURE (PROCEDUREID,PNAME,NURSEID,ROOMID,STARTDATE_TIME,ENDDATE_TIME) values (18,'bypass surgery',18,'I001',to_timestamp('05-NOV-20 09.54.11.000000000 AM','DD-MON-RR HH.MI.SSXFF AM'),to_timestamp('05-NOV-20 01.27.22.000000000 PM','DD-MON-RR HH.MI.SSXFF AM'));
Insert into HOSPITAL.PROCEDURE (PROCEDUREID,PNAME,NURSEID,ROOMID,STARTDATE_TIME,ENDDATE_TIME) values (19,'Child Delivery',19,'E001',to_timestamp('09-FEB-21 04.06.11.000000000 PM','DD-MON-RR HH.MI.SSXFF AM'),to_timestamp('09-FEB-21 08.02.37.000000000 PM','DD-MON-RR HH.MI.SSXFF AM'));
Insert into HOSPITAL.PROCEDURE (PROCEDUREID,PNAME,NURSEID,ROOMID,STARTDATE_TIME,ENDDATE_TIME) values (20,'Thyroid surgery',20,'O103',to_timestamp('24-DEC-20 02.02.26.000000000 PM','DD-MON-RR HH.MI.SSXFF AM'),to_timestamp('24-DEC-20 05.25.00.000000000 PM','DD-MON-RR HH.MI.SSXFF AM'));
Insert into HOSPITAL.PROCEDURE (PROCEDUREID,PNAME,NURSEID,ROOMID,STARTDATE_TIME,ENDDATE_TIME) values (21,'Bypass surgery',21,'I002',to_timestamp('17-JAN-21 06.47.01.000000000 AM','DD-MON-RR HH.MI.SSXFF AM'),to_timestamp('17-JAN-21 10.27.46.000000000 AM','DD-MON-RR HH.MI.SSXFF AM'));
Insert into HOSPITAL.PROCEDURE (PROCEDUREID,PNAME,NURSEID,ROOMID,STARTDATE_TIME,ENDDATE_TIME) values (22,'Breast implantation',22,'E002',to_timestamp('04-JAN-21 05.43.11.000000000 PM','DD-MON-RR HH.MI.SSXFF AM'),to_timestamp('04-JAN-21 09.06.20.000000000 PM','DD-MON-RR HH.MI.SSXFF AM'));
Insert into HOSPITAL.PROCEDURE (PROCEDUREID,PNAME,NURSEID,ROOMID,STARTDATE_TIME,ENDDATE_TIME) values (23,'Face plastic surgery',23,'O104',to_timestamp('01-FEB-21 11.59.41.000000000 PM','DD-MON-RR HH.MI.SSXFF AM'),to_timestamp('02-FEB-21 03.43.34.000000000 AM','DD-MON-RR HH.MI.SSXFF AM'));
Insert into HOSPITAL.PROCEDURE (PROCEDUREID,PNAME,NURSEID,ROOMID,STARTDATE_TIME,ENDDATE_TIME) values (24,'gallbladder surgery',24,'I103',to_timestamp('03-FEB-21 04.58.10.000000000 PM','DD-MON-RR HH.MI.SSXFF AM'),to_timestamp('03-FEB-21 08.44.19.000000000 PM','DD-MON-RR HH.MI.SSXFF AM'));
Insert into HOSPITAL.PROCEDURE (PROCEDUREID,PNAME,NURSEID,ROOMID,STARTDATE_TIME,ENDDATE_TIME) values (25,'Accident treatment',1,'E003',to_timestamp('05-OCT-20 11.20.55.000000000 PM','DD-MON-RR HH.MI.SSXFF AM'),to_timestamp('06-OCT-20 03.13.04.000000000 AM','DD-MON-RR HH.MI.SSXFF AM'));
Insert into HOSPITAL.PROCEDURE (PROCEDUREID,PNAME,NURSEID,ROOMID,STARTDATE_TIME,ENDDATE_TIME) values (26,'hemorrhoid removal',2,'O001',to_timestamp('07-OCT-20 03.59.58.000000000 AM','DD-MON-RR HH.MI.SSXFF AM'),to_timestamp('07-OCT-20 08.03.03.000000000 AM','DD-MON-RR HH.MI.SSXFF AM'));
Insert into HOSPITAL.PROCEDURE (PROCEDUREID,PNAME,NURSEID,ROOMID,STARTDATE_TIME,ENDDATE_TIME) values (27,'emergency Room',3,'I104',to_timestamp('17-NOV-20 02.52.03.000000000 PM','DD-MON-RR HH.MI.SSXFF AM'),to_timestamp('17-NOV-20 06.37.56.000000000 PM','DD-MON-RR HH.MI.SSXFF AM'));
Insert into HOSPITAL.PROCEDURE (PROCEDUREID,PNAME,NURSEID,ROOMID,STARTDATE_TIME,ENDDATE_TIME) values (28,'colon cancer removal',4,'E001',to_timestamp('09-JAN-21 10.25.16.000000000 PM','DD-MON-RR HH.MI.SSXFF AM'),to_timestamp('10-JAN-21 02.06.10.000000000 AM','DD-MON-RR HH.MI.SSXFF AM'));
Insert into HOSPITAL.PROCEDURE (PROCEDUREID,PNAME,NURSEID,ROOMID,STARTDATE_TIME,ENDDATE_TIME) values (29,'eye transplant',5,'O102',to_timestamp('03-OCT-20 02.21.02.000000000 PM','DD-MON-RR HH.MI.SSXFF AM'),to_timestamp('03-OCT-20 05.54.42.000000000 PM','DD-MON-RR HH.MI.SSXFF AM'));
Insert into HOSPITAL.PROCEDURE (PROCEDUREID,PNAME,NURSEID,ROOMID,STARTDATE_TIME,ENDDATE_TIME) values (30,'Knee surgery',6,'I205',to_timestamp('01-DEC-20 10.48.00.000000000 AM','DD-MON-RR HH.MI.SSXFF AM'),to_timestamp('01-DEC-20 02.21.20.000000000 PM','DD-MON-RR HH.MI.SSXFF AM'));
Insert into HOSPITAL.PROCEDURE (PROCEDUREID,PNAME,NURSEID,ROOMID,STARTDATE_TIME,ENDDATE_TIME) values (31,'hair transplant',7,'E002',to_timestamp('21-JAN-21 02.49.17.000000000 AM','DD-MON-RR HH.MI.SSXFF AM'),to_timestamp('21-JAN-21 06.17.43.000000000 AM','DD-MON-RR HH.MI.SSXFF AM'));
Insert into HOSPITAL.PROCEDURE (PROCEDUREID,PNAME,NURSEID,ROOMID,STARTDATE_TIME,ENDDATE_TIME) values (32,'Open heart surgery',8,'O103',to_timestamp('29-DEC-20 10.05.26.000000000 PM','DD-MON-RR HH.MI.SSXFF AM'),to_timestamp('30-DEC-20 02.48.24.000000000 AM','DD-MON-RR HH.MI.SSXFF AM'));
Insert into HOSPITAL.PROCEDURE (PROCEDUREID,PNAME,NURSEID,ROOMID,STARTDATE_TIME,ENDDATE_TIME) values (33,'Accident treatement',9,'I001',to_timestamp('08-NOV-20 07.16.05.000000000 AM','DD-MON-RR HH.MI.SSXFF AM'),to_timestamp('08-NOV-20 10.51.50.000000000 AM','DD-MON-RR HH.MI.SSXFF AM'));
Insert into HOSPITAL.PROCEDURE (PROCEDUREID,PNAME,NURSEID,ROOMID,STARTDATE_TIME,ENDDATE_TIME) values (34,'Lazer Hair removal',10,'E003',to_timestamp('28-OCT-20 11.48.05.000000000 AM','DD-MON-RR HH.MI.SSXFF AM'),to_timestamp('28-OCT-20 03.13.13.000000000 PM','DD-MON-RR HH.MI.SSXFF AM'));
Insert into HOSPITAL.PROCEDURE (PROCEDUREID,PNAME,NURSEID,ROOMID,STARTDATE_TIME,ENDDATE_TIME) values (35,'Nose surgery',11,'O104',to_timestamp('12-OCT-20 09.05.54.000000000 AM','DD-MON-RR HH.MI.SSXFF AM'),to_timestamp('12-OCT-20 12.40.53.000000000 PM','DD-MON-RR HH.MI.SSXFF AM'));
Insert into HOSPITAL.PROCEDURE (PROCEDUREID,PNAME,NURSEID,ROOMID,STARTDATE_TIME,ENDDATE_TIME) values (36,'Child Delivery',12,'I002',to_timestamp('05-DEC-20 07.52.09.000000000 PM','DD-MON-RR HH.MI.SSXFF AM'),to_timestamp('05-DEC-20 11.23.05.000000000 PM','DD-MON-RR HH.MI.SSXFF AM'));
Insert into HOSPITAL.PROCEDURE (PROCEDUREID,PNAME,NURSEID,ROOMID,STARTDATE_TIME,ENDDATE_TIME) values (37,'Root Canal',13,'E001',to_timestamp('21-NOV-20 11.29.35.000000000 AM','DD-MON-RR HH.MI.SSXFF AM'),to_timestamp('21-NOV-20 02.56.41.000000000 PM','DD-MON-RR HH.MI.SSXFF AM'));
Insert into HOSPITAL.PROCEDURE (PROCEDUREID,PNAME,NURSEID,ROOMID,STARTDATE_TIME,ENDDATE_TIME) values (38,'bypass surgery',14,'O001',to_timestamp('15-NOV-20 05.48.32.000000000 AM','DD-MON-RR HH.MI.SSXFF AM'),to_timestamp('15-NOV-20 09.23.53.000000000 AM','DD-MON-RR HH.MI.SSXFF AM'));
Insert into HOSPITAL.PROCEDURE (PROCEDUREID,PNAME,NURSEID,ROOMID,STARTDATE_TIME,ENDDATE_TIME) values (39,'Child Delivery',15,'I103',to_timestamp('10-DEC-20 03.40.49.000000000 AM','DD-MON-RR HH.MI.SSXFF AM'),to_timestamp('10-DEC-20 06.59.52.000000000 AM','DD-MON-RR HH.MI.SSXFF AM'));
Insert into HOSPITAL.PROCEDURE (PROCEDUREID,PNAME,NURSEID,ROOMID,STARTDATE_TIME,ENDDATE_TIME) values (40,'Thyroid surgery',16,'E002',to_timestamp('11-JAN-21 02.24.50.000000000 AM','DD-MON-RR HH.MI.SSXFF AM'),to_timestamp('11-JAN-21 06.05.34.000000000 AM','DD-MON-RR HH.MI.SSXFF AM'));
Insert into HOSPITAL.PROCEDURE (PROCEDUREID,PNAME,NURSEID,ROOMID,STARTDATE_TIME,ENDDATE_TIME) values (41,'Bypass surgery',17,'O102',to_timestamp('25-DEC-20 11.46.53.000000000 AM','DD-MON-RR HH.MI.SSXFF AM'),to_timestamp('25-DEC-20 03.06.01.000000000 PM','DD-MON-RR HH.MI.SSXFF AM'));
Insert into HOSPITAL.PROCEDURE (PROCEDUREID,PNAME,NURSEID,ROOMID,STARTDATE_TIME,ENDDATE_TIME) values (42,'Breast implantation',18,'I104',to_timestamp('22-NOV-20 05.10.35.000000000 PM','DD-MON-RR HH.MI.SSXFF AM'),to_timestamp('22-NOV-20 08.41.46.000000000 PM','DD-MON-RR HH.MI.SSXFF AM'));
Insert into HOSPITAL.PROCEDURE (PROCEDUREID,PNAME,NURSEID,ROOMID,STARTDATE_TIME,ENDDATE_TIME) values (43,'Face plastic surgery',19,'E003',to_timestamp('26-DEC-20 10.42.09.000000000 AM','DD-MON-RR HH.MI.SSXFF AM'),to_timestamp('26-DEC-20 01.55.11.000000000 PM','DD-MON-RR HH.MI.SSXFF AM'));
Insert into HOSPITAL.PROCEDURE (PROCEDUREID,PNAME,NURSEID,ROOMID,STARTDATE_TIME,ENDDATE_TIME) values (44,'gallbladder surgery',20,'O103',to_timestamp('02-NOV-20 01.03.50.000000000 AM','DD-MON-RR HH.MI.SSXFF AM'),to_timestamp('02-NOV-20 04.27.08.000000000 AM','DD-MON-RR HH.MI.SSXFF AM'));
Insert into HOSPITAL.PROCEDURE (PROCEDUREID,PNAME,NURSEID,ROOMID,STARTDATE_TIME,ENDDATE_TIME) values (45,'Accident treatment',21,'I205',to_timestamp('19-JAN-21 02.40.33.000000000 AM','DD-MON-RR HH.MI.SSXFF AM'),to_timestamp('19-JAN-21 06.08.11.000000000 AM','DD-MON-RR HH.MI.SSXFF AM'));
Insert into HOSPITAL.PROCEDURE (PROCEDUREID,PNAME,NURSEID,ROOMID,STARTDATE_TIME,ENDDATE_TIME) values (46,'hemorrhoid removal',22,'E001',to_timestamp('27-DEC-20 11.05.45.000000000 PM','DD-MON-RR HH.MI.SSXFF AM'),to_timestamp('28-DEC-20 03.33.46.000000000 AM','DD-MON-RR HH.MI.SSXFF AM'));
Insert into HOSPITAL.PROCEDURE (PROCEDUREID,PNAME,NURSEID,ROOMID,STARTDATE_TIME,ENDDATE_TIME) values (47,'emergency Room',23,'O104',to_timestamp('20-NOV-20 08.48.21.000000000 AM','DD-MON-RR HH.MI.SSXFF AM'),to_timestamp('20-NOV-20 12.11.20.000000000 PM','DD-MON-RR HH.MI.SSXFF AM'));
Insert into HOSPITAL.PROCEDURE (PROCEDUREID,PNAME,NURSEID,ROOMID,STARTDATE_TIME,ENDDATE_TIME) values (48,'colon cancer removal',24,'I001',to_timestamp('09-FEB-21 10.17.22.000000000 AM','DD-MON-RR HH.MI.SSXFF AM'),to_timestamp('09-FEB-21 01.46.50.000000000 PM','DD-MON-RR HH.MI.SSXFF AM'));
Insert into HOSPITAL.PROCEDURE (PROCEDUREID,PNAME,NURSEID,ROOMID,STARTDATE_TIME,ENDDATE_TIME) values (49,'eye transplant',1,'E002',to_timestamp('24-NOV-20 01.47.22.000000000 PM','DD-MON-RR HH.MI.SSXFF AM'),to_timestamp('24-NOV-20 05.14.36.000000000 PM','DD-MON-RR HH.MI.SSXFF AM'));
Insert into HOSPITAL.PROCEDURE (PROCEDUREID,PNAME,NURSEID,ROOMID,STARTDATE_TIME,ENDDATE_TIME) values (50,'Knee surgery',2,'O001',to_timestamp('01-NOV-20 06.08.03.000000000 PM','DD-MON-RR HH.MI.SSXFF AM'),to_timestamp('02-NOV-20 04.08.03.000000000 PM','DD-MON-RR HH.MI.SSXFF AM'));
Insert into HOSPITAL.PROCEDURE (PROCEDUREID,PNAME,NURSEID,ROOMID,STARTDATE_TIME,ENDDATE_TIME) values (51,'hair transplant',3,'I002',to_timestamp('25-NOV-20 04.01.22.000000000 PM','DD-MON-RR HH.MI.SSXFF AM'),to_timestamp('25-NOV-20 07.11.01.000000000 PM','DD-MON-RR HH.MI.SSXFF AM'));
Insert into HOSPITAL.PROCEDURE (PROCEDUREID,PNAME,NURSEID,ROOMID,STARTDATE_TIME,ENDDATE_TIME) values (52,'Open heart surgery',4,'E003',to_timestamp('30-NOV-20 04.54.43.000000000 AM','DD-MON-RR HH.MI.SSXFF AM'),to_timestamp('30-NOV-20 07.51.11.000000000 AM','DD-MON-RR HH.MI.SSXFF AM'));
Insert into HOSPITAL.PROCEDURE (PROCEDUREID,PNAME,NURSEID,ROOMID,STARTDATE_TIME,ENDDATE_TIME) values (53,'Accident treatement',5,'O102',to_timestamp('07-OCT-20 12.23.55.000000000 AM','DD-MON-RR HH.MI.SSXFF AM'),to_timestamp('07-OCT-20 03.08.32.000000000 AM','DD-MON-RR HH.MI.SSXFF AM'));
Insert into HOSPITAL.PROCEDURE (PROCEDUREID,PNAME,NURSEID,ROOMID,STARTDATE_TIME,ENDDATE_TIME) values (54,'Lazer Hair removal',6,'I103',to_timestamp('09-JAN-21 04.51.32.000000000 AM','DD-MON-RR HH.MI.SSXFF AM'),to_timestamp('09-JAN-21 08.37.50.000000000 AM','DD-MON-RR HH.MI.SSXFF AM'));
Insert into HOSPITAL.PROCEDURE (PROCEDUREID,PNAME,NURSEID,ROOMID,STARTDATE_TIME,ENDDATE_TIME) values (55,'Nose surgery',7,'E001',to_timestamp('05-NOV-20 10.39.09.000000000 PM','DD-MON-RR HH.MI.SSXFF AM'),to_timestamp('05-NOV-20 01.51.48.000000000 AM','DD-MON-RR HH.MI.SSXFF AM'));
Insert into HOSPITAL.PROCEDURE (PROCEDUREID,PNAME,NURSEID,ROOMID,STARTDATE_TIME,ENDDATE_TIME) values (56,'Child Delivery',8,'O103',to_timestamp('24-JAN-21 10.17.27.000000000 PM','DD-MON-RR HH.MI.SSXFF AM'),to_timestamp('24-JAN-21 01.36.42.000000000 AM','DD-MON-RR HH.MI.SSXFF AM'));
Insert into HOSPITAL.PROCEDURE (PROCEDUREID,PNAME,NURSEID,ROOMID,STARTDATE_TIME,ENDDATE_TIME) values (57,'Root Canal',9,'I104',to_timestamp('21-DEC-20 02.06.05.000000000 PM','DD-MON-RR HH.MI.SSXFF AM'),to_timestamp('21-DEC-20 05.34.25.000000000 PM','DD-MON-RR HH.MI.SSXFF AM'));
Insert into HOSPITAL.PROCEDURE (PROCEDUREID,PNAME,NURSEID,ROOMID,STARTDATE_TIME,ENDDATE_TIME) values (58,'bypass surgery',10,'E002',to_timestamp('12-DEC-20 05.29.57.000000000 AM','DD-MON-RR HH.MI.SSXFF AM'),to_timestamp('12-DEC-20 08.51.11.000000000 AM','DD-MON-RR HH.MI.SSXFF AM'));
Insert into HOSPITAL.PROCEDURE (PROCEDUREID,PNAME,NURSEID,ROOMID,STARTDATE_TIME,ENDDATE_TIME) values (59,'Child Delivery',11,'O104',to_timestamp('24-OCT-20 05.59.02.000000000 PM','DD-MON-RR HH.MI.SSXFF AM'),to_timestamp('24-OCT-20 09.10.35.000000000 PM','DD-MON-RR HH.MI.SSXFF AM'));
Insert into HOSPITAL.PROCEDURE (PROCEDUREID,PNAME,NURSEID,ROOMID,STARTDATE_TIME,ENDDATE_TIME) values (60,'Thyroid surgery',12,'I205',to_timestamp('27-DEC-20 03.40.30.000000000 PM','DD-MON-RR HH.MI.SSXFF AM'),to_timestamp('27-DEC-20 06.33.59.000000000 PM','DD-MON-RR HH.MI.SSXFF AM'));
Insert into HOSPITAL.PROCEDURE (PROCEDUREID,PNAME,NURSEID,ROOMID,STARTDATE_TIME,ENDDATE_TIME) values (61,'Bypass surgery',13,'E003',to_timestamp('27-DEC-20 08.00.21.000000000 AM','DD-MON-RR HH.MI.SSXFF AM'),to_timestamp('27-DEC-20 10.47.46.000000000 AM','DD-MON-RR HH.MI.SSXFF AM'));
Insert into HOSPITAL.PROCEDURE (PROCEDUREID,PNAME,NURSEID,ROOMID,STARTDATE_TIME,ENDDATE_TIME) values (62,'Breast implantation',14,'O001',to_timestamp('06-OCT-20 05.12.45.000000000 AM','DD-MON-RR HH.MI.SSXFF AM'),to_timestamp('06-OCT-20 08.38.07.000000000 AM','DD-MON-RR HH.MI.SSXFF AM'));
Insert into HOSPITAL.PROCEDURE (PROCEDUREID,PNAME,NURSEID,ROOMID,STARTDATE_TIME,ENDDATE_TIME) values (63,'Face plastic surgery',15,'I001',to_timestamp('06-OCT-20 03.13.01.000000000 AM','DD-MON-RR HH.MI.SSXFF AM'),to_timestamp('06-OCT-20 05.44.41.000000000 AM','DD-MON-RR HH.MI.SSXFF AM'));
Insert into HOSPITAL.PROCEDURE (PROCEDUREID,PNAME,NURSEID,ROOMID,STARTDATE_TIME,ENDDATE_TIME) values (64,'gallbladder surgery',16,'E001',to_timestamp('27-JAN-21 02.03.49.000000000 PM','DD-MON-RR HH.MI.SSXFF AM'),to_timestamp('27-JAN-21 05.37.52.000000000 PM','DD-MON-RR HH.MI.SSXFF AM'));
Insert into HOSPITAL.PROCEDURE (PROCEDUREID,PNAME,NURSEID,ROOMID,STARTDATE_TIME,ENDDATE_TIME) values (65,'Accident treatment',17,'O102',to_timestamp('12-DEC-20 05.58.11.000000000 AM','DD-MON-RR HH.MI.SSXFF AM'),to_timestamp('12-DEC-20 08.28.45.000000000 AM','DD-MON-RR HH.MI.SSXFF AM'));
Insert into HOSPITAL.PROCEDURE (PROCEDUREID,PNAME,NURSEID,ROOMID,STARTDATE_TIME,ENDDATE_TIME) values (66,'hemorrhoid removal',18,'I002',to_timestamp('10-FEB-21 08.55.59.000000000 AM','DD-MON-RR HH.MI.SSXFF AM'),to_timestamp('10-FEB-21 12.28.02.000000000 PM','DD-MON-RR HH.MI.SSXFF AM'));
Insert into HOSPITAL.PROCEDURE (PROCEDUREID,PNAME,NURSEID,ROOMID,STARTDATE_TIME,ENDDATE_TIME) values (67,'emergency Room',19,'E002',to_timestamp('17-NOV-20 10.50.00.000000000 AM','DD-MON-RR HH.MI.SSXFF AM'),to_timestamp('17-NOV-20 01.21.24.000000000 PM','DD-MON-RR HH.MI.SSXFF AM'));
Insert into HOSPITAL.PROCEDURE (PROCEDUREID,PNAME,NURSEID,ROOMID,STARTDATE_TIME,ENDDATE_TIME) values (68,'colon cancer removal',20,'O103',to_timestamp('01-NOV-20 03.43.33.000000000 PM','DD-MON-RR HH.MI.SSXFF AM'),to_timestamp('01-NOV-20 06.45.36.000000000 PM','DD-MON-RR HH.MI.SSXFF AM'));
Insert into HOSPITAL.PROCEDURE (PROCEDUREID,PNAME,NURSEID,ROOMID,STARTDATE_TIME,ENDDATE_TIME) values (69,'eye transplant',21,'I103',to_timestamp('21-OCT-20 12.58.43.000000000 AM','DD-MON-RR HH.MI.SSXFF AM'),to_timestamp('21-OCT-20 03.31.04.000000000 AM','DD-MON-RR HH.MI.SSXFF AM'));
Insert into HOSPITAL.PROCEDURE (PROCEDUREID,PNAME,NURSEID,ROOMID,STARTDATE_TIME,ENDDATE_TIME) values (70,'Knee surgery',22,'E003',to_timestamp('24-JAN-21 07.03.46.000000000 PM','DD-MON-RR HH.MI.SSXFF AM'),to_timestamp('24-JAN-21 10.38.14.000000000 PM','DD-MON-RR HH.MI.SSXFF AM'));
Insert into HOSPITAL.PROCEDURE (PROCEDUREID,PNAME,NURSEID,ROOMID,STARTDATE_TIME,ENDDATE_TIME) values (71,'hair transplant',23,'O104',to_timestamp('09-NOV-20 05.09.17.000000000 AM','DD-MON-RR HH.MI.SSXFF AM'),to_timestamp('09-NOV-20 08.34.02.000000000 AM','DD-MON-RR HH.MI.SSXFF AM'));
Insert into HOSPITAL.PROCEDURE (PROCEDUREID,PNAME,NURSEID,ROOMID,STARTDATE_TIME,ENDDATE_TIME) values (72,'Open heart surgery',24,'I104',to_timestamp('13-JAN-21 01.34.24.000000000 AM','DD-MON-RR HH.MI.SSXFF AM'),to_timestamp('13-JAN-21 04.58.15.000000000 AM','DD-MON-RR HH.MI.SSXFF AM'));
Insert into HOSPITAL.PROCEDURE (PROCEDUREID,PNAME,NURSEID,ROOMID,STARTDATE_TIME,ENDDATE_TIME) values (73,'Accident treatement',1,'E001',to_timestamp('05-NOV-20 04.03.08.000000000 AM','DD-MON-RR HH.MI.SSXFF AM'),to_timestamp('05-NOV-20 07.27.07.000000000 AM','DD-MON-RR HH.MI.SSXFF AM'));
Insert into HOSPITAL.PROCEDURE (PROCEDUREID,PNAME,NURSEID,ROOMID,STARTDATE_TIME,ENDDATE_TIME) values (74,'Lazer Hair removal',2,'O001',to_timestamp('09-NOV-20 01.05.28.000000000 PM','DD-MON-RR HH.MI.SSXFF AM'),to_timestamp('09-NOV-20 03.35.36.000000000 PM','DD-MON-RR HH.MI.SSXFF AM'));
Insert into HOSPITAL.PROCEDURE (PROCEDUREID,PNAME,NURSEID,ROOMID,STARTDATE_TIME,ENDDATE_TIME) values (75,'Nose surgery',3,'I205',to_timestamp('07-FEB-21 04.39.03.000000000 AM','DD-MON-RR HH.MI.SSXFF AM'),to_timestamp('07-FEB-21 08.05.14.000000000 AM','DD-MON-RR HH.MI.SSXFF AM'));
Insert into HOSPITAL.PROCEDURE (PROCEDUREID,PNAME,NURSEID,ROOMID,STARTDATE_TIME,ENDDATE_TIME) values (76,'Child Delivery',4,'E002',to_timestamp('14-DEC-20 04.04.22.000000000 AM','DD-MON-RR HH.MI.SSXFF AM'),to_timestamp('14-DEC-20 07.37.51.000000000 AM','DD-MON-RR HH.MI.SSXFF AM'));
Insert into HOSPITAL.PROCEDURE (PROCEDUREID,PNAME,NURSEID,ROOMID,STARTDATE_TIME,ENDDATE_TIME) values (77,'Root Canal',5,'O102',to_timestamp('14-JAN-21 03.58.07.000000000 PM','DD-MON-RR HH.MI.SSXFF AM'),to_timestamp('14-JAN-21 07.20.37.000000000 PM','DD-MON-RR HH.MI.SSXFF AM'));
Insert into HOSPITAL.PROCEDURE (PROCEDUREID,PNAME,NURSEID,ROOMID,STARTDATE_TIME,ENDDATE_TIME) values (78,'bypass surgery',6,'I001',to_timestamp('27-DEC-20 06.19.11.000000000 AM','DD-MON-RR HH.MI.SSXFF AM'),to_timestamp('27-DEC-20 09.47.17.000000000 AM','DD-MON-RR HH.MI.SSXFF AM'));
Insert into HOSPITAL.PROCEDURE (PROCEDUREID,PNAME,NURSEID,ROOMID,STARTDATE_TIME,ENDDATE_TIME) values (79,'Child Delivery',7,'E003',to_timestamp('07-OCT-20 01.27.55.000000000 PM','DD-MON-RR HH.MI.SSXFF AM'),to_timestamp('07-OCT-20 04.53.28.000000000 PM','DD-MON-RR HH.MI.SSXFF AM'));
Insert into HOSPITAL.PROCEDURE (PROCEDUREID,PNAME,NURSEID,ROOMID,STARTDATE_TIME,ENDDATE_TIME) values (80,'Thyroid surgery',8,'O103',to_timestamp('07-FEB-21 05.17.57.000000000 AM','DD-MON-RR HH.MI.SSXFF AM'),to_timestamp('07-FEB-21 08.45.49.000000000 AM','DD-MON-RR HH.MI.SSXFF AM'));
Insert into HOSPITAL.PROCEDURE (PROCEDUREID,PNAME,NURSEID,ROOMID,STARTDATE_TIME,ENDDATE_TIME) values (81,'Bypass surgery',9,'I002',to_timestamp('04-JAN-21 12.54.40.000000000 AM','DD-MON-RR HH.MI.SSXFF AM'),to_timestamp('04-JAN-21 04.20.12.000000000 AM','DD-MON-RR HH.MI.SSXFF AM'));
Insert into HOSPITAL.PROCEDURE (PROCEDUREID,PNAME,NURSEID,ROOMID,STARTDATE_TIME,ENDDATE_TIME) values (82,'Breast implantation',10,'E001',to_timestamp('03-NOV-20 03.51.40.000000000 AM','DD-MON-RR HH.MI.SSXFF AM'),to_timestamp('03-NOV-20 07.17.45.000000000 AM','DD-MON-RR HH.MI.SSXFF AM'));
Insert into HOSPITAL.PROCEDURE (PROCEDUREID,PNAME,NURSEID,ROOMID,STARTDATE_TIME,ENDDATE_TIME) values (83,'Face plastic surgery',11,'O104',to_timestamp('16-OCT-20 06.38.29.000000000 AM','DD-MON-RR HH.MI.SSXFF AM'),to_timestamp('16-OCT-20 10.02.26.000000000 AM','DD-MON-RR HH.MI.SSXFF AM'));
Insert into HOSPITAL.PROCEDURE (PROCEDUREID,PNAME,NURSEID,ROOMID,STARTDATE_TIME,ENDDATE_TIME) values (84,'gallbladder surgery',12,'I103',to_timestamp('30-JAN-21 10.02.35.000000000 AM','DD-MON-RR HH.MI.SSXFF AM'),to_timestamp('30-JAN-21 01.24.30.000000000 PM','DD-MON-RR HH.MI.SSXFF AM'));
Insert into HOSPITAL.PROCEDURE (PROCEDUREID,PNAME,NURSEID,ROOMID,STARTDATE_TIME,ENDDATE_TIME) values (85,'Accident treatment',13,'E002',to_timestamp('21-JAN-21 02.48.57.000000000 PM','DD-MON-RR HH.MI.SSXFF AM'),to_timestamp('21-JAN-21 06.11.19.000000000 PM','DD-MON-RR HH.MI.SSXFF AM'));
Insert into HOSPITAL.PROCEDURE (PROCEDUREID,PNAME,NURSEID,ROOMID,STARTDATE_TIME,ENDDATE_TIME) values (86,'hemorrhoid removal',14,'O001',to_timestamp('01-OCT-20 11.21.19.000000000 AM','DD-MON-RR HH.MI.SSXFF AM'),to_timestamp('01-OCT-20 02.44.10.000000000 PM','DD-MON-RR HH.MI.SSXFF AM'));
Insert into HOSPITAL.PROCEDURE (PROCEDUREID,PNAME,NURSEID,ROOMID,STARTDATE_TIME,ENDDATE_TIME) values (87,'emergency Room',15,'I104',to_timestamp('12-JAN-21 07.08.28.000000000 AM','DD-MON-RR HH.MI.SSXFF AM'),to_timestamp('12-JAN-21 10.30.17.000000000 AM','DD-MON-RR HH.MI.SSXFF AM'));
Insert into HOSPITAL.PROCEDURE (PROCEDUREID,PNAME,NURSEID,ROOMID,STARTDATE_TIME,ENDDATE_TIME) values (88,'colon cancer removal',16,'E003',to_timestamp('23-OCT-20 05.01.18.000000000 PM','DD-MON-RR HH.MI.SSXFF AM'),to_timestamp('23-OCT-20 08.25.20.000000000 PM','DD-MON-RR HH.MI.SSXFF AM'));
Insert into HOSPITAL.PROCEDURE (PROCEDUREID,PNAME,NURSEID,ROOMID,STARTDATE_TIME,ENDDATE_TIME) values (89,'eye transplant',17,'O102',to_timestamp('24-OCT-20 08.18.38.000000000 PM','DD-MON-RR HH.MI.SSXFF AM'),to_timestamp('24-OCT-20 11.38.02.000000000 PM','DD-MON-RR HH.MI.SSXFF AM'));
Insert into HOSPITAL.PROCEDURE (PROCEDUREID,PNAME,NURSEID,ROOMID,STARTDATE_TIME,ENDDATE_TIME) values (90,'Knee surgery',18,'I205',to_timestamp('26-JAN-21 11.58.02.000000000 AM','DD-MON-RR HH.MI.SSXFF AM'),to_timestamp('26-JAN-21 03.20.35.000000000 PM','DD-MON-RR HH.MI.SSXFF AM'));
Insert into HOSPITAL.PROCEDURE (PROCEDUREID,PNAME,NURSEID,ROOMID,STARTDATE_TIME,ENDDATE_TIME) values (91,'hair transplant',19,'E001',to_timestamp('27-JAN-21 11.39.07.000000000 PM','DD-MON-RR HH.MI.SSXFF AM'),to_timestamp('28-JAN-21 02.04.20.000000000 AM','DD-MON-RR HH.MI.SSXFF AM'));
Insert into HOSPITAL.PROCEDURE (PROCEDUREID,PNAME,NURSEID,ROOMID,STARTDATE_TIME,ENDDATE_TIME) values (92,'Open heart surgery',20,'O103',to_timestamp('26-NOV-20 02.18.38.000000000 AM','DD-MON-RR HH.MI.SSXFF AM'),to_timestamp('26-NOV-20 05.40.46.000000000 AM','DD-MON-RR HH.MI.SSXFF AM'));
Insert into HOSPITAL.PROCEDURE (PROCEDUREID,PNAME,NURSEID,ROOMID,STARTDATE_TIME,ENDDATE_TIME) values (93,'Accident treatement',21,'I001',to_timestamp('27-JAN-21 06.35.19.000000000 AM','DD-MON-RR HH.MI.SSXFF AM'),to_timestamp('27-JAN-21 09.55.45.000000000 AM','DD-MON-RR HH.MI.SSXFF AM'));
Insert into HOSPITAL.PROCEDURE (PROCEDUREID,PNAME,NURSEID,ROOMID,STARTDATE_TIME,ENDDATE_TIME) values (94,'Lazer Hair removal',22,'E002',to_timestamp('23-OCT-20 10.44.02.000000000 PM','DD-MON-RR HH.MI.SSXFF AM'),to_timestamp('23-OCT-20 02.05.34.000000000 AM','DD-MON-RR HH.MI.SSXFF AM'));
Insert into HOSPITAL.PROCEDURE (PROCEDUREID,PNAME,NURSEID,ROOMID,STARTDATE_TIME,ENDDATE_TIME) values (95,'Nose surgery',23,'O104',to_timestamp('08-FEB-21 04.45.57.000000000 PM','DD-MON-RR HH.MI.SSXFF AM'),to_timestamp('08-FEB-21 08.07.32.000000000 PM','DD-MON-RR HH.MI.SSXFF AM'));
Insert into HOSPITAL.PROCEDURE (PROCEDUREID,PNAME,NURSEID,ROOMID,STARTDATE_TIME,ENDDATE_TIME) values (96,'Child Delivery',24,'I002',to_timestamp('12-DEC-20 10.54.40.000000000 PM','DD-MON-RR HH.MI.SSXFF AM'),to_timestamp('12-DEC-20 02.16.18.000000000 AM','DD-MON-RR HH.MI.SSXFF AM'));
Insert into HOSPITAL.PROCEDURE (PROCEDUREID,PNAME,NURSEID,ROOMID,STARTDATE_TIME,ENDDATE_TIME) values (97,'Root Canal',23,'E003',to_timestamp('28-DEC-20 01.10.00.000000000 AM','DD-MON-RR HH.MI.SSXFF AM'),to_timestamp('28-DEC-20 04.31.27.000000000 AM','DD-MON-RR HH.MI.SSXFF AM'));
Insert into HOSPITAL.PROCEDURE (PROCEDUREID,PNAME,NURSEID,ROOMID,STARTDATE_TIME,ENDDATE_TIME) values (98,'bypass surgery',24,'O104',to_timestamp('12-NOV-20 04.59.01.000000000 AM','DD-MON-RR HH.MI.SSXFF AM'),to_timestamp('12-NOV-20 08.20.07.000000000 AM','DD-MON-RR HH.MI.SSXFF AM'));
Insert into HOSPITAL.PROCEDURE (PROCEDUREID,PNAME,NURSEID,ROOMID,STARTDATE_TIME,ENDDATE_TIME) values (99,'Child Delivery',23,'I103',to_timestamp('26-JAN-21 01.19.30.000000000 PM','DD-MON-RR HH.MI.SSXFF AM'),to_timestamp('26-JAN-21 04.38.50.000000000 PM','DD-MON-RR HH.MI.SSXFF AM'));
Insert into HOSPITAL.PROCEDURE (PROCEDUREID,PNAME,NURSEID,ROOMID,STARTDATE_TIME,ENDDATE_TIME) values (100,'Thyroid surgery',24,'I104',to_timestamp('09-NOV-20 02.23.28.000000000 AM','DD-MON-RR HH.MI.SSXFF AM'),to_timestamp('09-NOV-20 05.44.32.000000000 AM','DD-MON-RR HH.MI.SSXFF AM'));
REM INSERTING into HOSPITAL.PROCEDUREDOC
SET DEFINE OFF;
Insert into HOSPITAL.PROCEDUREDOC (DOCTORID,PROCEDUREID) values (3,28);
Insert into HOSPITAL.PROCEDUREDOC (DOCTORID,PROCEDUREID) values (3,48);
Insert into HOSPITAL.PROCEDUREDOC (DOCTORID,PROCEDUREID) values (3,68);
Insert into HOSPITAL.PROCEDUREDOC (DOCTORID,PROCEDUREID) values (7,2);
Insert into HOSPITAL.PROCEDUREDOC (DOCTORID,PROCEDUREID) values (7,15);
Insert into HOSPITAL.PROCEDUREDOC (DOCTORID,PROCEDUREID) values (7,22);
Insert into HOSPITAL.PROCEDUREDOC (DOCTORID,PROCEDUREID) values (7,35);
Insert into HOSPITAL.PROCEDUREDOC (DOCTORID,PROCEDUREID) values (7,42);
Insert into HOSPITAL.PROCEDUREDOC (DOCTORID,PROCEDUREID) values (7,55);
Insert into HOSPITAL.PROCEDUREDOC (DOCTORID,PROCEDUREID) values (7,62);
Insert into HOSPITAL.PROCEDUREDOC (DOCTORID,PROCEDUREID) values (7,75);
Insert into HOSPITAL.PROCEDUREDOC (DOCTORID,PROCEDUREID) values (7,82);
Insert into HOSPITAL.PROCEDUREDOC (DOCTORID,PROCEDUREID) values (7,95);
Insert into HOSPITAL.PROCEDUREDOC (DOCTORID,PROCEDUREID) values (9,1);
Insert into HOSPITAL.PROCEDUREDOC (DOCTORID,PROCEDUREID) values (9,12);
Insert into HOSPITAL.PROCEDUREDOC (DOCTORID,PROCEDUREID) values (9,18);
Insert into HOSPITAL.PROCEDUREDOC (DOCTORID,PROCEDUREID) values (9,21);
Insert into HOSPITAL.PROCEDUREDOC (DOCTORID,PROCEDUREID) values (9,32);
Insert into HOSPITAL.PROCEDUREDOC (DOCTORID,PROCEDUREID) values (9,38);
Insert into HOSPITAL.PROCEDUREDOC (DOCTORID,PROCEDUREID) values (9,41);
Insert into HOSPITAL.PROCEDUREDOC (DOCTORID,PROCEDUREID) values (9,52);
Insert into HOSPITAL.PROCEDUREDOC (DOCTORID,PROCEDUREID) values (9,58);
Insert into HOSPITAL.PROCEDUREDOC (DOCTORID,PROCEDUREID) values (9,61);
Insert into HOSPITAL.PROCEDUREDOC (DOCTORID,PROCEDUREID) values (9,72);
Insert into HOSPITAL.PROCEDUREDOC (DOCTORID,PROCEDUREID) values (9,78);
Insert into HOSPITAL.PROCEDUREDOC (DOCTORID,PROCEDUREID) values (9,81);
Insert into HOSPITAL.PROCEDUREDOC (DOCTORID,PROCEDUREID) values (9,92);
Insert into HOSPITAL.PROCEDUREDOC (DOCTORID,PROCEDUREID) values (9,98);
Insert into HOSPITAL.PROCEDUREDOC (DOCTORID,PROCEDUREID) values (12,17);
Insert into HOSPITAL.PROCEDUREDOC (DOCTORID,PROCEDUREID) values (12,37);
Insert into HOSPITAL.PROCEDUREDOC (DOCTORID,PROCEDUREID) values (12,57);
Insert into HOSPITAL.PROCEDUREDOC (DOCTORID,PROCEDUREID) values (12,77);
Insert into HOSPITAL.PROCEDUREDOC (DOCTORID,PROCEDUREID) values (12,97);
Insert into HOSPITAL.PROCEDUREDOC (DOCTORID,PROCEDUREID) values (14,16);
Insert into HOSPITAL.PROCEDUREDOC (DOCTORID,PROCEDUREID) values (14,19);
Insert into HOSPITAL.PROCEDUREDOC (DOCTORID,PROCEDUREID) values (14,36);
Insert into HOSPITAL.PROCEDUREDOC (DOCTORID,PROCEDUREID) values (14,56);
Insert into HOSPITAL.PROCEDUREDOC (DOCTORID,PROCEDUREID) values (16,5);
Insert into HOSPITAL.PROCEDUREDOC (DOCTORID,PROCEDUREID) values (16,7);
Insert into HOSPITAL.PROCEDUREDOC (DOCTORID,PROCEDUREID) values (16,25);
Insert into HOSPITAL.PROCEDUREDOC (DOCTORID,PROCEDUREID) values (16,27);
Insert into HOSPITAL.PROCEDUREDOC (DOCTORID,PROCEDUREID) values (16,45);
Insert into HOSPITAL.PROCEDUREDOC (DOCTORID,PROCEDUREID) values (16,47);
Insert into HOSPITAL.PROCEDUREDOC (DOCTORID,PROCEDUREID) values (16,53);
Insert into HOSPITAL.PROCEDUREDOC (DOCTORID,PROCEDUREID) values (16,65);
Insert into HOSPITAL.PROCEDUREDOC (DOCTORID,PROCEDUREID) values (16,67);
Insert into HOSPITAL.PROCEDUREDOC (DOCTORID,PROCEDUREID) values (16,73);
Insert into HOSPITAL.PROCEDUREDOC (DOCTORID,PROCEDUREID) values (16,85);
Insert into HOSPITAL.PROCEDUREDOC (DOCTORID,PROCEDUREID) values (16,87);
Insert into HOSPITAL.PROCEDUREDOC (DOCTORID,PROCEDUREID) values (17,11);
Insert into HOSPITAL.PROCEDUREDOC (DOCTORID,PROCEDUREID) values (17,14);
Insert into HOSPITAL.PROCEDUREDOC (DOCTORID,PROCEDUREID) values (17,31);
Insert into HOSPITAL.PROCEDUREDOC (DOCTORID,PROCEDUREID) values (17,34);
Insert into HOSPITAL.PROCEDUREDOC (DOCTORID,PROCEDUREID) values (17,51);
Insert into HOSPITAL.PROCEDUREDOC (DOCTORID,PROCEDUREID) values (17,54);
Insert into HOSPITAL.PROCEDUREDOC (DOCTORID,PROCEDUREID) values (17,71);
Insert into HOSPITAL.PROCEDUREDOC (DOCTORID,PROCEDUREID) values (17,74);
Insert into HOSPITAL.PROCEDUREDOC (DOCTORID,PROCEDUREID) values (17,91);
Insert into HOSPITAL.PROCEDUREDOC (DOCTORID,PROCEDUREID) values (17,94);
Insert into HOSPITAL.PROCEDUREDOC (DOCTORID,PROCEDUREID) values (18,4);
Insert into HOSPITAL.PROCEDUREDOC (DOCTORID,PROCEDUREID) values (18,6);
Insert into HOSPITAL.PROCEDUREDOC (DOCTORID,PROCEDUREID) values (18,24);
Insert into HOSPITAL.PROCEDUREDOC (DOCTORID,PROCEDUREID) values (18,26);
Insert into HOSPITAL.PROCEDUREDOC (DOCTORID,PROCEDUREID) values (18,44);
Insert into HOSPITAL.PROCEDUREDOC (DOCTORID,PROCEDUREID) values (18,46);
Insert into HOSPITAL.PROCEDUREDOC (DOCTORID,PROCEDUREID) values (18,66);
Insert into HOSPITAL.PROCEDUREDOC (DOCTORID,PROCEDUREID) values (18,84);
Insert into HOSPITAL.PROCEDUREDOC (DOCTORID,PROCEDUREID) values (18,86);
Insert into HOSPITAL.PROCEDUREDOC (DOCTORID,PROCEDUREID) values (19,8);
Insert into HOSPITAL.PROCEDUREDOC (DOCTORID,PROCEDUREID) values (19,88);
Insert into HOSPITAL.PROCEDUREDOC (DOCTORID,PROCEDUREID) values (26,60);
Insert into HOSPITAL.PROCEDUREDOC (DOCTORID,PROCEDUREID) values (26,80);
Insert into HOSPITAL.PROCEDUREDOC (DOCTORID,PROCEDUREID) values (26,100);
Insert into HOSPITAL.PROCEDUREDOC (DOCTORID,PROCEDUREID) values (32,39);
Insert into HOSPITAL.PROCEDUREDOC (DOCTORID,PROCEDUREID) values (32,59);
Insert into HOSPITAL.PROCEDUREDOC (DOCTORID,PROCEDUREID) values (32,76);
Insert into HOSPITAL.PROCEDUREDOC (DOCTORID,PROCEDUREID) values (32,79);
Insert into HOSPITAL.PROCEDUREDOC (DOCTORID,PROCEDUREID) values (32,96);
Insert into HOSPITAL.PROCEDUREDOC (DOCTORID,PROCEDUREID) values (32,99);
Insert into HOSPITAL.PROCEDUREDOC (DOCTORID,PROCEDUREID) values (33,3);
Insert into HOSPITAL.PROCEDUREDOC (DOCTORID,PROCEDUREID) values (33,23);
Insert into HOSPITAL.PROCEDUREDOC (DOCTORID,PROCEDUREID) values (33,43);
Insert into HOSPITAL.PROCEDUREDOC (DOCTORID,PROCEDUREID) values (33,63);
Insert into HOSPITAL.PROCEDUREDOC (DOCTORID,PROCEDUREID) values (33,83);
Insert into HOSPITAL.PROCEDUREDOC (DOCTORID,PROCEDUREID) values (34,64);
Insert into HOSPITAL.PROCEDUREDOC (DOCTORID,PROCEDUREID) values (38,10);
Insert into HOSPITAL.PROCEDUREDOC (DOCTORID,PROCEDUREID) values (38,30);
Insert into HOSPITAL.PROCEDUREDOC (DOCTORID,PROCEDUREID) values (38,50);
Insert into HOSPITAL.PROCEDUREDOC (DOCTORID,PROCEDUREID) values (38,70);
Insert into HOSPITAL.PROCEDUREDOC (DOCTORID,PROCEDUREID) values (38,90);
Insert into HOSPITAL.PROCEDUREDOC (DOCTORID,PROCEDUREID) values (39,9);
Insert into HOSPITAL.PROCEDUREDOC (DOCTORID,PROCEDUREID) values (39,29);
Insert into HOSPITAL.PROCEDUREDOC (DOCTORID,PROCEDUREID) values (39,49);
Insert into HOSPITAL.PROCEDUREDOC (DOCTORID,PROCEDUREID) values (39,69);
Insert into HOSPITAL.PROCEDUREDOC (DOCTORID,PROCEDUREID) values (39,89);
Insert into HOSPITAL.PROCEDUREDOC (DOCTORID,PROCEDUREID) values (40,20);
Insert into HOSPITAL.PROCEDUREDOC (DOCTORID,PROCEDUREID) values (40,40);
Insert into HOSPITAL.PROCEDUREDOC (DOCTORID,PROCEDUREID) values (46,13);
Insert into HOSPITAL.PROCEDUREDOC (DOCTORID,PROCEDUREID) values (46,33);
Insert into HOSPITAL.PROCEDUREDOC (DOCTORID,PROCEDUREID) values (46,93);
REM INSERTING into HOSPITAL.ROOMS
SET DEFINE OFF;
Insert into HOSPITAL.ROOMS (ROOMID,ROOMTYPEID,ROOMLOCATION,AVAILABILITY) values ('E001','RT001','GF','YES');
Insert into HOSPITAL.ROOMS (ROOMID,ROOMTYPEID,ROOMLOCATION,AVAILABILITY) values ('E002','RT001','GF','YES');
Insert into HOSPITAL.ROOMS (ROOMID,ROOMTYPEID,ROOMLOCATION,AVAILABILITY) values ('E003','RT001','GF','YES');
Insert into HOSPITAL.ROOMS (ROOMID,ROOMTYPEID,ROOMLOCATION,AVAILABILITY) values ('O001','RT002','GF','YES');
Insert into HOSPITAL.ROOMS (ROOMID,ROOMTYPEID,ROOMLOCATION,AVAILABILITY) values ('O102','RT002','FF','YES');
Insert into HOSPITAL.ROOMS (ROOMID,ROOMTYPEID,ROOMLOCATION,AVAILABILITY) values ('O103','RT002','FF','YES');
Insert into HOSPITAL.ROOMS (ROOMID,ROOMTYPEID,ROOMLOCATION,AVAILABILITY) values ('O104','RT002','FF','YES');
Insert into HOSPITAL.ROOMS (ROOMID,ROOMTYPEID,ROOMLOCATION,AVAILABILITY) values ('I001','RT003','GF','YES');
Insert into HOSPITAL.ROOMS (ROOMID,ROOMTYPEID,ROOMLOCATION,AVAILABILITY) values ('I002','RT003','GF','YES');
Insert into HOSPITAL.ROOMS (ROOMID,ROOMTYPEID,ROOMLOCATION,AVAILABILITY) values ('I103','RT003','FF','YES');
Insert into HOSPITAL.ROOMS (ROOMID,ROOMTYPEID,ROOMLOCATION,AVAILABILITY) values ('I104','RT003','FF','YES');
Insert into HOSPITAL.ROOMS (ROOMID,ROOMTYPEID,ROOMLOCATION,AVAILABILITY) values ('I205','RT003','SF','YES');
Insert into HOSPITAL.ROOMS (ROOMID,ROOMTYPEID,ROOMLOCATION,AVAILABILITY) values ('R101','RT004','FF','YES');
Insert into HOSPITAL.ROOMS (ROOMID,ROOMTYPEID,ROOMLOCATION,AVAILABILITY) values ('R102','RT004','FF','YES');
Insert into HOSPITAL.ROOMS (ROOMID,ROOMTYPEID,ROOMLOCATION,AVAILABILITY) values ('R103','RT004','FF','YES');
Insert into HOSPITAL.ROOMS (ROOMID,ROOMTYPEID,ROOMLOCATION,AVAILABILITY) values ('R104','RT004','FF','YES');
Insert into HOSPITAL.ROOMS (ROOMID,ROOMTYPEID,ROOMLOCATION,AVAILABILITY) values ('R105','RT004','FF','YES');
Insert into HOSPITAL.ROOMS (ROOMID,ROOMTYPEID,ROOMLOCATION,AVAILABILITY) values ('R206','RT004','SF','YES');
Insert into HOSPITAL.ROOMS (ROOMID,ROOMTYPEID,ROOMLOCATION,AVAILABILITY) values ('R207','RT004','SF','YES');
Insert into HOSPITAL.ROOMS (ROOMID,ROOMTYPEID,ROOMLOCATION,AVAILABILITY) values ('R208','RT004','SF','YES');
Insert into HOSPITAL.ROOMS (ROOMID,ROOMTYPEID,ROOMLOCATION,AVAILABILITY) values ('R209','RT004','SF','YES');
Insert into HOSPITAL.ROOMS (ROOMID,ROOMTYPEID,ROOMLOCATION,AVAILABILITY) values ('R210','RT004','SF','YES');
Insert into HOSPITAL.ROOMS (ROOMID,ROOMTYPEID,ROOMLOCATION,AVAILABILITY) values ('R211','RT004','SF','YES');
Insert into HOSPITAL.ROOMS (ROOMID,ROOMTYPEID,ROOMLOCATION,AVAILABILITY) values ('R212','RT004','SF','YES');
Insert into HOSPITAL.ROOMS (ROOMID,ROOMTYPEID,ROOMLOCATION,AVAILABILITY) values ('R213','RT004','SF','YES');
Insert into HOSPITAL.ROOMS (ROOMID,ROOMTYPEID,ROOMLOCATION,AVAILABILITY) values ('R214','RT004','SF','YES');
Insert into HOSPITAL.ROOMS (ROOMID,ROOMTYPEID,ROOMLOCATION,AVAILABILITY) values ('R215','RT004','SF','YES');
Insert into HOSPITAL.ROOMS (ROOMID,ROOMTYPEID,ROOMLOCATION,AVAILABILITY) values ('R216','RT004','SF','YES');
Insert into HOSPITAL.ROOMS (ROOMID,ROOMTYPEID,ROOMLOCATION,AVAILABILITY) values ('R217','RT004','SF','YES');
Insert into HOSPITAL.ROOMS (ROOMID,ROOMTYPEID,ROOMLOCATION,AVAILABILITY) values ('R218','RT004','SF','YES');
Insert into HOSPITAL.ROOMS (ROOMID,ROOMTYPEID,ROOMLOCATION,AVAILABILITY) values ('R219','RT004','SF','YES');
Insert into HOSPITAL.ROOMS (ROOMID,ROOMTYPEID,ROOMLOCATION,AVAILABILITY) values ('R220','RT004','SF','YES');
Insert into HOSPITAL.ROOMS (ROOMID,ROOMTYPEID,ROOMLOCATION,AVAILABILITY) values ('R221','RT004','SF','YES');
Insert into HOSPITAL.ROOMS (ROOMID,ROOMTYPEID,ROOMLOCATION,AVAILABILITY) values ('R222','RT004','SF','YES');
Insert into HOSPITAL.ROOMS (ROOMID,ROOMTYPEID,ROOMLOCATION,AVAILABILITY) values ('R223','RT004','SF','YES');
Insert into HOSPITAL.ROOMS (ROOMID,ROOMTYPEID,ROOMLOCATION,AVAILABILITY) values ('R224','RT004','SF','YES');
Insert into HOSPITAL.ROOMS (ROOMID,ROOMTYPEID,ROOMLOCATION,AVAILABILITY) values ('R225','RT004','SF','YES');
Insert into HOSPITAL.ROOMS (ROOMID,ROOMTYPEID,ROOMLOCATION,AVAILABILITY) values ('R226','RT004','SF','YES');
Insert into HOSPITAL.ROOMS (ROOMID,ROOMTYPEID,ROOMLOCATION,AVAILABILITY) values ('R327','RT004','TF','YES');
Insert into HOSPITAL.ROOMS (ROOMID,ROOMTYPEID,ROOMLOCATION,AVAILABILITY) values ('R328','RT004','TF','YES');
Insert into HOSPITAL.ROOMS (ROOMID,ROOMTYPEID,ROOMLOCATION,AVAILABILITY) values ('R329','RT004','TF','YES');
Insert into HOSPITAL.ROOMS (ROOMID,ROOMTYPEID,ROOMLOCATION,AVAILABILITY) values ('R330','RT004','TF','YES');
Insert into HOSPITAL.ROOMS (ROOMID,ROOMTYPEID,ROOMLOCATION,AVAILABILITY) values ('R331','RT004','TF','YES');
Insert into HOSPITAL.ROOMS (ROOMID,ROOMTYPEID,ROOMLOCATION,AVAILABILITY) values ('R332','RT004','TF','YES');
Insert into HOSPITAL.ROOMS (ROOMID,ROOMTYPEID,ROOMLOCATION,AVAILABILITY) values ('R333','RT004','TF','YES');
Insert into HOSPITAL.ROOMS (ROOMID,ROOMTYPEID,ROOMLOCATION,AVAILABILITY) values ('R334','RT004','TF','YES');
Insert into HOSPITAL.ROOMS (ROOMID,ROOMTYPEID,ROOMLOCATION,AVAILABILITY) values ('R335','RT004','TF','YES');
Insert into HOSPITAL.ROOMS (ROOMID,ROOMTYPEID,ROOMLOCATION,AVAILABILITY) values ('R336','RT004','TF','YES');
Insert into HOSPITAL.ROOMS (ROOMID,ROOMTYPEID,ROOMLOCATION,AVAILABILITY) values ('R337','RT004','TF','YES');
Insert into HOSPITAL.ROOMS (ROOMID,ROOMTYPEID,ROOMLOCATION,AVAILABILITY) values ('R338','RT004','TF','YES');
Insert into HOSPITAL.ROOMS (ROOMID,ROOMTYPEID,ROOMLOCATION,AVAILABILITY) values ('R339','RT004','TF','YES');
Insert into HOSPITAL.ROOMS (ROOMID,ROOMTYPEID,ROOMLOCATION,AVAILABILITY) values ('R340','RT004','TF','YES');
Insert into HOSPITAL.ROOMS (ROOMID,ROOMTYPEID,ROOMLOCATION,AVAILABILITY) values ('R341','RT004','TF','YES');
REM INSERTING into HOSPITAL.ROOMTYPE
SET DEFINE OFF;
Insert into HOSPITAL.ROOMTYPE (ROOMTYPEID,ROOMTYPENAME) values ('RT001','Emergency Room');
Insert into HOSPITAL.ROOMTYPE (ROOMTYPEID,ROOMTYPENAME) values ('RT002','Operating Room');
Insert into HOSPITAL.ROOMTYPE (ROOMTYPEID,ROOMTYPENAME) values ('RT003','Intensive Care Unit');
Insert into HOSPITAL.ROOMTYPE (ROOMTYPEID,ROOMTYPENAME) values ('RT004','Recovery Room');
REM INSERTING into HOSPITAL.SHIFT
SET DEFINE OFF;
Insert into HOSPITAL.SHIFT (SHIFTID,SHIFTNAME,STARTTIME,ENDTIME) values (1,'First Shift','9:00 AM','5:00 PM');
Insert into HOSPITAL.SHIFT (SHIFTID,SHIFTNAME,STARTTIME,ENDTIME) values (2,'Second Shift','4:00 PM','12:00 AM');
Insert into HOSPITAL.SHIFT (SHIFTID,SHIFTNAME,STARTTIME,ENDTIME) values (3,'Third Shift','12:00 AM','8:00 AM');
REM INSERTING into HOSPITAL.EMERGENCY
SET DEFINE OFF;
Insert into HOSPITAL.EMERGENCY (FIRSTNAME,LASTNAME,PHONE,PROCEDURE,START_DT,END_DT,DIAGNOSIS,TESTNAME) values ('Benjamin','Harrisson',4703992116,'emergency Room',to_timestamp('04-NOV-20 11.29.40.000000000 AM','DD-MON-RR HH.MI.SSXFF AM'),to_timestamp('04-NOV-20 03.27.58.000000000 PM','DD-MON-RR HH.MI.SSXFF AM'),' Acute respiratory distress syndrome','Pregnancy test');
Insert into HOSPITAL.EMERGENCY (FIRSTNAME,LASTNAME,PHONE,PROCEDURE,START_DT,END_DT,DIAGNOSIS,TESTNAME) values ('Evelyn','Nguyen',9736680912,'emergency Room',to_timestamp('04-NOV-20 11.29.40.000000000 AM','DD-MON-RR HH.MI.SSXFF AM'),to_timestamp('04-NOV-20 03.27.58.000000000 PM','DD-MON-RR HH.MI.SSXFF AM'),' Jaundice','urine tests');
Insert into HOSPITAL.EMERGENCY (FIRSTNAME,LASTNAME,PHONE,PROCEDURE,START_DT,END_DT,DIAGNOSIS,TESTNAME) values ('Franklin','Piercee',4703997219,'emergency Room',to_timestamp('04-NOV-20 11.29.40.000000000 AM','DD-MON-RR HH.MI.SSXFF AM'),to_timestamp('04-NOV-20 03.27.58.000000000 PM','DD-MON-RR HH.MI.SSXFF AM'),' Aortic aneurysm','Complete blood count (CBC)');
Insert into HOSPITAL.EMERGENCY (FIRSTNAME,LASTNAME,PHONE,PROCEDURE,START_DT,END_DT,DIAGNOSIS,TESTNAME) values ('Gerald','Fordd',4703992168,'emergency Room',to_timestamp('17-NOV-20 02.52.03.000000000 PM','DD-MON-RR HH.MI.SSXFF AM'),to_timestamp('17-NOV-20 06.37.56.000000000 PM','DD-MON-RR HH.MI.SSXFF AM'),' Schizophrenia','Pregnancy test');
Insert into HOSPITAL.EMERGENCY (FIRSTNAME,LASTNAME,PHONE,PROCEDURE,START_DT,END_DT,DIAGNOSIS,TESTNAME) values ('James','Buchananson',4703991626,'emergency Room',to_timestamp('12-JAN-21 07.08.28.000000000 AM','DD-MON-RR HH.MI.SSXFF AM'),to_timestamp('12-JAN-21 10.30.17.000000000 AM','DD-MON-RR HH.MI.SSXFF AM'),' Angina','biopsy');
Insert into HOSPITAL.EMERGENCY (FIRSTNAME,LASTNAME,PHONE,PROCEDURE,START_DT,END_DT,DIAGNOSIS,TESTNAME) values ('James','Monish',4703997874,'emergency Room',to_timestamp('17-NOV-20 10.50.00.000000000 AM','DD-MON-RR HH.MI.SSXFF AM'),to_timestamp('17-NOV-20 01.21.24.000000000 PM','DD-MON-RR HH.MI.SSXFF AM'),' Kidney Disease','CT scan');
Insert into HOSPITAL.EMERGENCY (FIRSTNAME,LASTNAME,PHONE,PROCEDURE,START_DT,END_DT,DIAGNOSIS,TESTNAME) values ('Jane','Moore',3128667585,'emergency Room',to_timestamp('12-JAN-21 07.08.28.000000000 AM','DD-MON-RR HH.MI.SSXFF AM'),to_timestamp('12-JAN-21 10.30.17.000000000 AM','DD-MON-RR HH.MI.SSXFF AM'),' Trichomoniasis','Liver function tests');
Insert into HOSPITAL.EMERGENCY (FIRSTNAME,LASTNAME,PHONE,PROCEDURE,START_DT,END_DT,DIAGNOSIS,TESTNAME) values ('Jane','Cook',5162502540,'emergency Room',to_timestamp('20-NOV-20 08.48.21.000000000 AM','DD-MON-RR HH.MI.SSXFF AM'),to_timestamp('20-NOV-20 12.11.20.000000000 PM','DD-MON-RR HH.MI.SSXFF AM'),' Norovirus','Thyroid function tests');
Insert into HOSPITAL.EMERGENCY (FIRSTNAME,LASTNAME,PHONE,PROCEDURE,START_DT,END_DT,DIAGNOSIS,TESTNAME) values ('Jane','James',5162506121,'emergency Room',to_timestamp('12-JAN-21 07.08.28.000000000 AM','DD-MON-RR HH.MI.SSXFF AM'),to_timestamp('12-JAN-21 10.30.17.000000000 AM','DD-MON-RR HH.MI.SSXFF AM'),' Coccidioidomycosis','Thyroid function tests');
Insert into HOSPITAL.EMERGENCY (FIRSTNAME,LASTNAME,PHONE,PROCEDURE,START_DT,END_DT,DIAGNOSIS,TESTNAME) values ('John','Ramirez',5162504288,'emergency Room',to_timestamp('04-NOV-20 11.29.40.000000000 AM','DD-MON-RR HH.MI.SSXFF AM'),to_timestamp('04-NOV-20 03.27.58.000000000 PM','DD-MON-RR HH.MI.SSXFF AM'),' Diphtheria','Pregnancy test');
Insert into HOSPITAL.EMERGENCY (FIRSTNAME,LASTNAME,PHONE,PROCEDURE,START_DT,END_DT,DIAGNOSIS,TESTNAME) values ('Johnie','Smith',3128660474,'emergency Room',to_timestamp('17-NOV-20 02.52.03.000000000 PM','DD-MON-RR HH.MI.SSXFF AM'),to_timestamp('17-NOV-20 06.37.56.000000000 PM','DD-MON-RR HH.MI.SSXFF AM'),' Norovirus','urine tests');
Insert into HOSPITAL.EMERGENCY (FIRSTNAME,LASTNAME,PHONE,PROCEDURE,START_DT,END_DT,DIAGNOSIS,TESTNAME) values ('Olivia','Nguyen',9736689404,'emergency Room',to_timestamp('04-NOV-20 11.29.40.000000000 AM','DD-MON-RR HH.MI.SSXFF AM'),to_timestamp('04-NOV-20 03.27.58.000000000 PM','DD-MON-RR HH.MI.SSXFF AM'),' Hemolytic anemia','urine tests');
Insert into HOSPITAL.EMERGENCY (FIRSTNAME,LASTNAME,PHONE,PROCEDURE,START_DT,END_DT,DIAGNOSIS,TESTNAME) values ('Owen','Tran',9736689260,'emergency Room',to_timestamp('17-NOV-20 02.52.03.000000000 PM','DD-MON-RR HH.MI.SSXFF AM'),to_timestamp('17-NOV-20 06.37.56.000000000 PM','DD-MON-RR HH.MI.SSXFF AM'),' Hemochromatosis','blood tests');
Insert into HOSPITAL.EMERGENCY (FIRSTNAME,LASTNAME,PHONE,PROCEDURE,START_DT,END_DT,DIAGNOSIS,TESTNAME) values ('Rachel','Kim',9736684959,'emergency Room',to_timestamp('20-NOV-20 08.48.21.000000000 AM','DD-MON-RR HH.MI.SSXFF AM'),to_timestamp('20-NOV-20 12.11.20.000000000 PM','DD-MON-RR HH.MI.SSXFF AM'),' Hemangioma','X-ray');
Insert into HOSPITAL.EMERGENCY (FIRSTNAME,LASTNAME,PHONE,PROCEDURE,START_DT,END_DT,DIAGNOSIS,TESTNAME) values ('Ronald','Reagan',4703992172,'emergency Room',to_timestamp('04-NOV-20 11.29.40.000000000 AM','DD-MON-RR HH.MI.SSXFF AM'),to_timestamp('04-NOV-20 03.27.58.000000000 PM','DD-MON-RR HH.MI.SSXFF AM'),' Rosacea','Liver function tests');
Insert into HOSPITAL.EMERGENCY (FIRSTNAME,LASTNAME,PHONE,PROCEDURE,START_DT,END_DT,DIAGNOSIS,TESTNAME) values ('Rutherford','Hayes',4703993134,'emergency Room',to_timestamp('20-NOV-20 08.48.21.000000000 AM','DD-MON-RR HH.MI.SSXFF AM'),to_timestamp('20-NOV-20 12.11.20.000000000 PM','DD-MON-RR HH.MI.SSXFF AM'),' Gastroesophageal reflux disease (GERD)','MRI');
Insert into HOSPITAL.EMERGENCY (FIRSTNAME,LASTNAME,PHONE,PROCEDURE,START_DT,END_DT,DIAGNOSIS,TESTNAME) values ('William','Garcia',9736684730,'emergency Room',to_timestamp('17-NOV-20 10.50.00.000000000 AM','DD-MON-RR HH.MI.SSXFF AM'),to_timestamp('17-NOV-20 01.21.24.000000000 PM','DD-MON-RR HH.MI.SSXFF AM'),' Fenichel''s syndrome','Comprehensive metabolic panel (CMP)');
REM INSERTING into HOSPITAL.PATIENTRECORDS
SET DEFINE OFF;
Insert into HOSPITAL.PATIENTRECORDS (FIRSTNAME,LASTNAME,PHONE,PROCEDURE,START_DT,END_DT,DIAGNOSIS,TESTNAME) values ('Jane','Harris',3128666792,'Lazer Hair removal',to_timestamp('28-OCT-20 11.48.05.000000000 AM','DD-MON-RR HH.MI.SSXFF AM'),to_timestamp('28-OCT-20 03.13.13.000000000 PM','DD-MON-RR HH.MI.SSXFF AM'),' Rabies','CT scan');
Insert into HOSPITAL.PATIENTRECORDS (FIRSTNAME,LASTNAME,PHONE,PROCEDURE,START_DT,END_DT,DIAGNOSIS,TESTNAME) values ('John','Martin',5162503757,'Knee surgery',to_timestamp('26-JAN-21 11.58.02.000000000 AM','DD-MON-RR HH.MI.SSXFF AM'),to_timestamp('26-JAN-21 03.20.35.000000000 PM','DD-MON-RR HH.MI.SSXFF AM'),' Q fever','Drug test');
Insert into HOSPITAL.PATIENTRECORDS (FIRSTNAME,LASTNAME,PHONE,PROCEDURE,START_DT,END_DT,DIAGNOSIS,TESTNAME) values ('Jane','Martin',5162507316,'Bypass surgery',to_timestamp('25-DEC-20 11.46.53.000000000 AM','DD-MON-RR HH.MI.SSXFF AM'),to_timestamp('25-DEC-20 03.06.01.000000000 PM','DD-MON-RR HH.MI.SSXFF AM'),' Poliovirus','HIV test');
Insert into HOSPITAL.PATIENTRECORDS (FIRSTNAME,LASTNAME,PHONE,PROCEDURE,START_DT,END_DT,DIAGNOSIS,TESTNAME) values ('John','Lewis',5162502102,'Accident treatment',to_timestamp('05-OCT-20 11.20.55.000000000 PM','DD-MON-RR HH.MI.SSXFF AM'),to_timestamp('06-OCT-20 03.13.04.000000000 AM','DD-MON-RR HH.MI.SSXFF AM'),' Plague','Pregnancy test');
Insert into HOSPITAL.PATIENTRECORDS (FIRSTNAME,LASTNAME,PHONE,PROCEDURE,START_DT,END_DT,DIAGNOSIS,TESTNAME) values ('Jane','Lewis',5162501906,'Child Delivery',to_timestamp('09-FEB-21 04.06.11.000000000 PM','DD-MON-RR HH.MI.SSXFF AM'),to_timestamp('09-FEB-21 08.02.37.000000000 PM','DD-MON-RR HH.MI.SSXFF AM'),' Pertussis','Kidney function tests');
Insert into HOSPITAL.PATIENTRECORDS (FIRSTNAME,LASTNAME,PHONE,PROCEDURE,START_DT,END_DT,DIAGNOSIS,TESTNAME) values ('John','Cook',5162502264,'Knee surgery',to_timestamp('01-NOV-20 06.08.03.000000000 PM','DD-MON-RR HH.MI.SSXFF AM'),to_timestamp('02-NOV-20 04.08.03.000000000 PM','DD-MON-RR HH.MI.SSXFF AM'),' N','Liver function tests');
Insert into HOSPITAL.PATIENTRECORDS (FIRSTNAME,LASTNAME,PHONE,PROCEDURE,START_DT,END_DT,DIAGNOSIS,TESTNAME) values ('Jane','Cook',5162502540,'emergency Room',to_timestamp('20-NOV-20 08.48.21.000000000 AM','DD-MON-RR HH.MI.SSXFF AM'),to_timestamp('20-NOV-20 12.11.20.000000000 PM','DD-MON-RR HH.MI.SSXFF AM'),' Norovirus','Thyroid function tests');
Insert into HOSPITAL.PATIENTRECORDS (FIRSTNAME,LASTNAME,PHONE,PROCEDURE,START_DT,END_DT,DIAGNOSIS,TESTNAME) values ('John','Wrightt',5162509396,'Thyroid surgery',to_timestamp('24-DEC-20 02.02.26.000000000 PM','DD-MON-RR HH.MI.SSXFF AM'),to_timestamp('24-DEC-20 05.25.00.000000000 PM','DD-MON-RR HH.MI.SSXFF AM'),' Mycoplasma pneumoniae','Lipid panel');
Insert into HOSPITAL.PATIENTRECORDS (FIRSTNAME,LASTNAME,PHONE,PROCEDURE,START_DT,END_DT,DIAGNOSIS,TESTNAME) values ('Jane','Wrightt',5162506429,'hemorrhoid removal',to_timestamp('27-DEC-20 11.05.45.000000000 PM','DD-MON-RR HH.MI.SSXFF AM'),to_timestamp('28-DEC-20 03.33.46.000000000 AM','DD-MON-RR HH.MI.SSXFF AM'),' MRSA','Comprehensive metabolic panel (CMP)');
Insert into HOSPITAL.PATIENTRECORDS (FIRSTNAME,LASTNAME,PHONE,PROCEDURE,START_DT,END_DT,DIAGNOSIS,TESTNAME) values ('John','King',5162509342,'hair transplant',to_timestamp('07-JAN-21 12.38.04.000000000 PM','DD-MON-RR HH.MI.SSXFF AM'),to_timestamp('07-JAN-21 04.12.37.000000000 PM','DD-MON-RR HH.MI.SSXFF AM'),' Meningitis','Complete blood count (CBC)');
Insert into HOSPITAL.PATIENTRECORDS (FIRSTNAME,LASTNAME,PHONE,PROCEDURE,START_DT,END_DT,DIAGNOSIS,TESTNAME) values ('Jane','King',5162503926,'Accident treatement',to_timestamp('10-NOV-20 04.43.49.000000000 AM','DD-MON-RR HH.MI.SSXFF AM'),to_timestamp('10-NOV-20 08.22.51.000000000 AM','DD-MON-RR HH.MI.SSXFF AM'),' Measles','biopsy');
Insert into HOSPITAL.PATIENTRECORDS (FIRSTNAME,LASTNAME,PHONE,PROCEDURE,START_DT,END_DT,DIAGNOSIS,TESTNAME) values ('John','Green',5162500487,'hemorrhoid removal',to_timestamp('07-OCT-20 03.59.58.000000000 AM','DD-MON-RR HH.MI.SSXFF AM'),to_timestamp('07-OCT-20 08.03.03.000000000 AM','DD-MON-RR HH.MI.SSXFF AM'),' Lyme disease','urine tests');
Insert into HOSPITAL.PATIENTRECORDS (FIRSTNAME,LASTNAME,PHONE,PROCEDURE,START_DT,END_DT,DIAGNOSIS,TESTNAME) values ('Jane','Green',5162508154,'hemorrhoid removal',to_timestamp('07-OCT-20 03.59.58.000000000 AM','DD-MON-RR HH.MI.SSXFF AM'),to_timestamp('07-OCT-20 08.03.03.000000000 AM','DD-MON-RR HH.MI.SSXFF AM'),' Listeriosis','blood tests');
Insert into HOSPITAL.PATIENTRECORDS (FIRSTNAME,LASTNAME,PHONE,PROCEDURE,START_DT,END_DT,DIAGNOSIS,TESTNAME) values ('John','Baker',5162502505,'Child Delivery',to_timestamp('09-FEB-21 04.06.11.000000000 PM','DD-MON-RR HH.MI.SSXFF AM'),to_timestamp('09-FEB-21 08.02.37.000000000 PM','DD-MON-RR HH.MI.SSXFF AM'),' Leptospirosis','X-ray');
Insert into HOSPITAL.PATIENTRECORDS (FIRSTNAME,LASTNAME,PHONE,PROCEDURE,START_DT,END_DT,DIAGNOSIS,TESTNAME) values ('Jane','Baker',5162503293,'hemorrhoid removal',to_timestamp('01-OCT-20 11.21.19.000000000 AM','DD-MON-RR HH.MI.SSXFF AM'),to_timestamp('01-OCT-20 02.44.10.000000000 PM','DD-MON-RR HH.MI.SSXFF AM'),' Legionella pneumophila','MRI');
Insert into HOSPITAL.PATIENTRECORDS (FIRSTNAME,LASTNAME,PHONE,PROCEDURE,START_DT,END_DT,DIAGNOSIS,TESTNAME) values ('John','Nelson',5162505076,'Lazer Hair removal',to_timestamp('09-JAN-21 04.51.32.000000000 AM','DD-MON-RR HH.MI.SSXFF AM'),to_timestamp('09-JAN-21 08.37.50.000000000 AM','DD-MON-RR HH.MI.SSXFF AM'),' Human T-lymphotropic virus','CT scan');
Insert into HOSPITAL.PATIENTRECORDS (FIRSTNAME,LASTNAME,PHONE,PROCEDURE,START_DT,END_DT,DIAGNOSIS,TESTNAME) values ('Jane','Nelson',5162509698,'hair transplant',to_timestamp('21-JAN-21 02.49.17.000000000 AM','DD-MON-RR HH.MI.SSXFF AM'),to_timestamp('21-JAN-21 06.17.43.000000000 AM','DD-MON-RR HH.MI.SSXFF AM'),' Human respiratory syncytial virus','Drug test');
Insert into HOSPITAL.PATIENTRECORDS (FIRSTNAME,LASTNAME,PHONE,PROCEDURE,START_DT,END_DT,DIAGNOSIS,TESTNAME) values ('John','Cooper',5162502755,'Breast implantation',to_timestamp('16-JAN-21 02.48.03.000000000 AM','DD-MON-RR HH.MI.SSXFF AM'),to_timestamp('09-FEB-21 10.59.06.000000000 PM','DD-MON-RR HH.MI.SSXFF AM'),' Human parainfluenza virus','HIV test');
Insert into HOSPITAL.PATIENTRECORDS (FIRSTNAME,LASTNAME,PHONE,PROCEDURE,START_DT,END_DT,DIAGNOSIS,TESTNAME) values ('Jane','Cooper',5162507994,'Lazer Hair removal',to_timestamp('30-NOV-20 10.45.11.000000000 PM','DD-MON-RR HH.MI.SSXFF AM'),to_timestamp('30-NOV-20 02.39.35.000000000 AM','DD-MON-RR HH.MI.SSXFF AM'),' Human papillomavirus','Pregnancy test');
Insert into HOSPITAL.PATIENTRECORDS (FIRSTNAME,LASTNAME,PHONE,PROCEDURE,START_DT,END_DT,DIAGNOSIS,TESTNAME) values ('John','Rogers',5162502963,'hair transplant',to_timestamp('25-NOV-20 04.01.22.000000000 PM','DD-MON-RR HH.MI.SSXFF AM'),to_timestamp('25-NOV-20 07.11.01.000000000 PM','DD-MON-RR HH.MI.SSXFF AM'),' Human metapneumovirus','Kidney function tests');
Insert into HOSPITAL.PATIENTRECORDS (FIRSTNAME,LASTNAME,PHONE,PROCEDURE,START_DT,END_DT,DIAGNOSIS,TESTNAME) values ('Jane','Rogers',5162504808,'Accident treatement',to_timestamp('27-JAN-21 06.35.19.000000000 AM','DD-MON-RR HH.MI.SSXFF AM'),to_timestamp('27-JAN-21 09.55.45.000000000 AM','DD-MON-RR HH.MI.SSXFF AM'),' HIV','Liver function tests');
Insert into HOSPITAL.PATIENTRECORDS (FIRSTNAME,LASTNAME,PHONE,PROCEDURE,START_DT,END_DT,DIAGNOSIS,TESTNAME) values ('John','Turner',5162504306,'colon cancer removal',to_timestamp('27-DEC-20 12.48.11.000000000 PM','DD-MON-RR HH.MI.SSXFF AM'),to_timestamp('27-DEC-20 04.33.25.000000000 PM','DD-MON-RR HH.MI.SSXFF AM'),' Herpes simplex virus','Thyroid function tests');
Insert into HOSPITAL.PATIENTRECORDS (FIRSTNAME,LASTNAME,PHONE,PROCEDURE,START_DT,END_DT,DIAGNOSIS,TESTNAME) values ('Jane','Turner',5162503533,'Child Delivery',to_timestamp('07-OCT-20 01.27.55.000000000 PM','DD-MON-RR HH.MI.SSXFF AM'),to_timestamp('07-OCT-20 04.53.28.000000000 PM','DD-MON-RR HH.MI.SSXFF AM'),' Hepatitis E','Lipid panel');
Insert into HOSPITAL.PATIENTRECORDS (FIRSTNAME,LASTNAME,PHONE,PROCEDURE,START_DT,END_DT,DIAGNOSIS,TESTNAME) values ('John','Hill',5162503595,'Open heart surgery',to_timestamp('26-NOV-20 02.18.38.000000000 AM','DD-MON-RR HH.MI.SSXFF AM'),to_timestamp('26-NOV-20 05.40.46.000000000 AM','DD-MON-RR HH.MI.SSXFF AM'),' Hepatitis D','Comprehensive metabolic panel (CMP)');
Insert into HOSPITAL.PATIENTRECORDS (FIRSTNAME,LASTNAME,PHONE,PROCEDURE,START_DT,END_DT,DIAGNOSIS,TESTNAME) values ('Jane','Hill',5162509384,'Root Canal',to_timestamp('24-DEC-20 09.40.40.000000000 AM','DD-MON-RR HH.MI.SSXFF AM'),to_timestamp('24-DEC-20 01.13.17.000000000 PM','DD-MON-RR HH.MI.SSXFF AM'),' Hepatitis C','Complete blood count (CBC)');
Insert into HOSPITAL.PATIENTRECORDS (FIRSTNAME,LASTNAME,PHONE,PROCEDURE,START_DT,END_DT,DIAGNOSIS,TESTNAME) values ('John','Ward',5162508799,'Knee surgery',to_timestamp('24-JAN-21 07.03.46.000000000 PM','DD-MON-RR HH.MI.SSXFF AM'),to_timestamp('24-JAN-21 10.38.14.000000000 PM','DD-MON-RR HH.MI.SSXFF AM'),' Hepatitis B','biopsy');
Insert into HOSPITAL.PATIENTRECORDS (FIRSTNAME,LASTNAME,PHONE,PROCEDURE,START_DT,END_DT,DIAGNOSIS,TESTNAME) values ('Jane','Ward',5162506912,'Open heart surgery',to_timestamp('30-NOV-20 04.54.43.000000000 AM','DD-MON-RR HH.MI.SSXFF AM'),to_timestamp('30-NOV-20 07.51.11.000000000 AM','DD-MON-RR HH.MI.SSXFF AM'),' Hepatitis A','urine tests');
Insert into HOSPITAL.PATIENTRECORDS (FIRSTNAME,LASTNAME,PHONE,PROCEDURE,START_DT,END_DT,DIAGNOSIS,TESTNAME) values ('John','Morris',5162504177,'Accident treatment',to_timestamp('19-JAN-21 02.40.33.000000000 AM','DD-MON-RR HH.MI.SSXFF AM'),to_timestamp('19-JAN-21 06.08.11.000000000 AM','DD-MON-RR HH.MI.SSXFF AM'),' Haemophilus influenzae','blood tests');
Insert into HOSPITAL.PATIENTRECORDS (FIRSTNAME,LASTNAME,PHONE,PROCEDURE,START_DT,END_DT,DIAGNOSIS,TESTNAME) values ('Jane','Morris',5162503502,'Accident treatement',to_timestamp('27-JAN-21 06.35.19.000000000 AM','DD-MON-RR HH.MI.SSXFF AM'),to_timestamp('27-JAN-21 09.55.45.000000000 AM','DD-MON-RR HH.MI.SSXFF AM'),' Gonorrhea','X-ray');
Insert into HOSPITAL.PATIENTRECORDS (FIRSTNAME,LASTNAME,PHONE,PROCEDURE,START_DT,END_DT,DIAGNOSIS,TESTNAME) values ('John','Peterson',5162501120,'eye transplant',to_timestamp('30-JAN-21 11.43.25.000000000 PM','DD-MON-RR HH.MI.SSXFF AM'),to_timestamp('31-JAN-21 03.30.02.000000000 AM','DD-MON-RR HH.MI.SSXFF AM'),' Giardiasis','MRI');
Insert into HOSPITAL.PATIENTRECORDS (FIRSTNAME,LASTNAME,PHONE,PROCEDURE,START_DT,END_DT,DIAGNOSIS,TESTNAME) values ('Jane','Peterson',5162504745,'Knee surgery',to_timestamp('25-NOV-20 10.24.40.000000000 AM','DD-MON-RR HH.MI.SSXFF AM'),to_timestamp('25-NOV-20 01.59.29.000000000 PM','DD-MON-RR HH.MI.SSXFF AM'),' Epstein-Barr Virus','CT scan');
Insert into HOSPITAL.PATIENTRECORDS (FIRSTNAME,LASTNAME,PHONE,PROCEDURE,START_DT,END_DT,DIAGNOSIS,TESTNAME) values ('John','Gray',5162509481,'Nose surgery',to_timestamp('08-FEB-21 04.45.57.000000000 PM','DD-MON-RR HH.MI.SSXFF AM'),to_timestamp('08-FEB-21 08.07.32.000000000 PM','DD-MON-RR HH.MI.SSXFF AM'),' Enterovirus','Drug test');
Insert into HOSPITAL.PATIENTRECORDS (FIRSTNAME,LASTNAME,PHONE,PROCEDURE,START_DT,END_DT,DIAGNOSIS,TESTNAME) values ('Jane','Gray',5162503229,'Child Delivery',to_timestamp('26-JAN-21 01.19.30.000000000 PM','DD-MON-RR HH.MI.SSXFF AM'),to_timestamp('26-JAN-21 04.38.50.000000000 PM','DD-MON-RR HH.MI.SSXFF AM'),' E','HIV test');
Insert into HOSPITAL.PATIENTRECORDS (FIRSTNAME,LASTNAME,PHONE,PROCEDURE,START_DT,END_DT,DIAGNOSIS,TESTNAME) values ('John','Ramirez',5162504288,'emergency Room',to_timestamp('04-NOV-20 11.29.40.000000000 AM','DD-MON-RR HH.MI.SSXFF AM'),to_timestamp('04-NOV-20 03.27.58.000000000 PM','DD-MON-RR HH.MI.SSXFF AM'),' Diphtheria','Pregnancy test');
Insert into HOSPITAL.PATIENTRECORDS (FIRSTNAME,LASTNAME,PHONE,PROCEDURE,START_DT,END_DT,DIAGNOSIS,TESTNAME) values ('Jane','Ramirez',5162507083,'Thyroid surgery',to_timestamp('24-DEC-20 02.02.26.000000000 PM','DD-MON-RR HH.MI.SSXFF AM'),to_timestamp('24-DEC-20 05.25.00.000000000 PM','DD-MON-RR HH.MI.SSXFF AM'),' Dengue','Kidney function tests');
Insert into HOSPITAL.PATIENTRECORDS (FIRSTNAME,LASTNAME,PHONE,PROCEDURE,START_DT,END_DT,DIAGNOSIS,TESTNAME) values ('John','James',5162508266,'Root Canal',to_timestamp('21-NOV-20 11.29.35.000000000 AM','DD-MON-RR HH.MI.SSXFF AM'),to_timestamp('21-NOV-20 02.56.41.000000000 PM','DD-MON-RR HH.MI.SSXFF AM'),' Cryptococcosis','Liver function tests');
Insert into HOSPITAL.PATIENTRECORDS (FIRSTNAME,LASTNAME,PHONE,PROCEDURE,START_DT,END_DT,DIAGNOSIS,TESTNAME) values ('Jane','James',5162506121,'emergency Room',to_timestamp('12-JAN-21 07.08.28.000000000 AM','DD-MON-RR HH.MI.SSXFF AM'),to_timestamp('12-JAN-21 10.30.17.000000000 AM','DD-MON-RR HH.MI.SSXFF AM'),' Coccidioidomycosis','Thyroid function tests');
Insert into HOSPITAL.PATIENTRECORDS (FIRSTNAME,LASTNAME,PHONE,PROCEDURE,START_DT,END_DT,DIAGNOSIS,TESTNAME) values ('John','Ford',5162500775,'Root Canal',to_timestamp('21-DEC-20 02.06.05.000000000 PM','DD-MON-RR HH.MI.SSXFF AM'),to_timestamp('21-DEC-20 05.34.25.000000000 PM','DD-MON-RR HH.MI.SSXFF AM'),' Cholera','Lipid panel');
Insert into HOSPITAL.PATIENTRECORDS (FIRSTNAME,LASTNAME,PHONE,PROCEDURE,START_DT,END_DT,DIAGNOSIS,TESTNAME) values ('Jane','Ford',5162502929,'Face plastic surgery',to_timestamp('01-FEB-21 11.59.41.000000000 PM','DD-MON-RR HH.MI.SSXFF AM'),to_timestamp('02-FEB-21 03.43.34.000000000 AM','DD-MON-RR HH.MI.SSXFF AM'),' Chlamydia','Comprehensive metabolic panel (CMP)');
Insert into HOSPITAL.PATIENTRECORDS (FIRSTNAME,LASTNAME,PHONE,PROCEDURE,START_DT,END_DT,DIAGNOSIS,TESTNAME) values ('John','Mitchell',5162505130,'eye transplant',to_timestamp('24-OCT-20 08.18.38.000000000 PM','DD-MON-RR HH.MI.SSXFF AM'),to_timestamp('24-OCT-20 11.38.02.000000000 PM','DD-MON-RR HH.MI.SSXFF AM'),' Chickenpox','Complete blood count (CBC)');
Insert into HOSPITAL.PATIENTRECORDS (FIRSTNAME,LASTNAME,PHONE,PROCEDURE,START_DT,END_DT,DIAGNOSIS,TESTNAME) values ('Jane','Mitchell',5162508260,'Knee surgery',to_timestamp('25-NOV-20 10.24.40.000000000 AM','DD-MON-RR HH.MI.SSXFF AM'),to_timestamp('25-NOV-20 01.59.29.000000000 PM','DD-MON-RR HH.MI.SSXFF AM'),' Campylobacteriosis','biopsy');
Insert into HOSPITAL.PATIENTRECORDS (FIRSTNAME,LASTNAME,PHONE,PROCEDURE,START_DT,END_DT,DIAGNOSIS,TESTNAME) values ('John','Young',5162505202,'Accident treatement',to_timestamp('27-JAN-21 06.35.19.000000000 AM','DD-MON-RR HH.MI.SSXFF AM'),to_timestamp('27-JAN-21 09.55.45.000000000 AM','DD-MON-RR HH.MI.SSXFF AM'),' Brucellosis','urine tests');
Insert into HOSPITAL.PATIENTRECORDS (FIRSTNAME,LASTNAME,PHONE,PROCEDURE,START_DT,END_DT,DIAGNOSIS,TESTNAME) values ('Jane','Young',5162502115,'Nose surgery',to_timestamp('05-NOV-20 10.39.09.000000000 PM','DD-MON-RR HH.MI.SSXFF AM'),to_timestamp('05-NOV-20 01.51.48.000000000 AM','DD-MON-RR HH.MI.SSXFF AM'),' Borrelia burgdorferi','blood tests');
Insert into HOSPITAL.PATIENTRECORDS (FIRSTNAME,LASTNAME,PHONE,PROCEDURE,START_DT,END_DT,DIAGNOSIS,TESTNAME) values ('John','Allen',5162500057,'Thyroid surgery',to_timestamp('09-NOV-20 02.23.28.000000000 AM','DD-MON-RR HH.MI.SSXFF AM'),to_timestamp('09-NOV-20 05.44.32.000000000 AM','DD-MON-RR HH.MI.SSXFF AM'),' Bordetella pertussis','X-ray');
Insert into HOSPITAL.PATIENTRECORDS (FIRSTNAME,LASTNAME,PHONE,PROCEDURE,START_DT,END_DT,DIAGNOSIS,TESTNAME) values ('Jane','Allen',5162505095,'Accident treatment',to_timestamp('20-DEC-20 07.55.20.000000000 AM','DD-MON-RR HH.MI.SSXFF AM'),to_timestamp('20-DEC-20 11.48.11.000000000 AM','DD-MON-RR HH.MI.SSXFF AM'),' Babesiosis','MRI');
Insert into HOSPITAL.PATIENTRECORDS (FIRSTNAME,LASTNAME,PHONE,PROCEDURE,START_DT,END_DT,DIAGNOSIS,TESTNAME) values ('John','Scott',5162504861,'hair transplant',to_timestamp('09-NOV-20 05.09.17.000000000 AM','DD-MON-RR HH.MI.SSXFF AM'),to_timestamp('09-NOV-20 08.34.02.000000000 AM','DD-MON-RR HH.MI.SSXFF AM'),' Anthrax','CT scan');
Insert into HOSPITAL.PATIENTRECORDS (FIRSTNAME,LASTNAME,PHONE,PROCEDURE,START_DT,END_DT,DIAGNOSIS,TESTNAME) values ('Jane','Scott',5162503254,'Open heart surgery',to_timestamp('30-NOV-20 04.54.43.000000000 AM','DD-MON-RR HH.MI.SSXFF AM'),to_timestamp('30-NOV-20 07.51.11.000000000 AM','DD-MON-RR HH.MI.SSXFF AM'),' Anaplasmosis','Drug test');
Insert into HOSPITAL.PATIENTRECORDS (FIRSTNAME,LASTNAME,PHONE,PROCEDURE,START_DT,END_DT,DIAGNOSIS,TESTNAME) values ('John','Wright',5162505169,'bypass surgery',to_timestamp('15-NOV-20 05.48.32.000000000 AM','DD-MON-RR HH.MI.SSXFF AM'),to_timestamp('15-NOV-20 09.23.53.000000000 AM','DD-MON-RR HH.MI.SSXFF AM'),' Adenovirus','HIV test');
Insert into HOSPITAL.PATIENTRECORDS (FIRSTNAME,LASTNAME,PHONE,PROCEDURE,START_DT,END_DT,DIAGNOSIS,TESTNAME) values ('Jane','Wright',5162500583,'Lazer Hair removal',to_timestamp('30-NOV-20 10.45.11.000000000 PM','DD-MON-RR HH.MI.SSXFF AM'),to_timestamp('30-NOV-20 02.39.35.000000000 AM','DD-MON-RR HH.MI.SSXFF AM'),' Acute Sinusitis','Pregnancy test');
Insert into HOSPITAL.PATIENTRECORDS (FIRSTNAME,LASTNAME,PHONE,PROCEDURE,START_DT,END_DT,DIAGNOSIS,TESTNAME) values ('John','Bennett',5162509245,'Lazer Hair removal',to_timestamp('09-JAN-21 04.51.32.000000000 AM','DD-MON-RR HH.MI.SSXFF AM'),to_timestamp('09-JAN-21 08.37.50.000000000 AM','DD-MON-RR HH.MI.SSXFF AM'),' Acute Bronchitis','Kidney function tests');
Insert into HOSPITAL.PATIENTRECORDS (FIRSTNAME,LASTNAME,PHONE,PROCEDURE,START_DT,END_DT,DIAGNOSIS,TESTNAME) values ('Jane','Bennett',5162504957,'Child Delivery',to_timestamp('24-OCT-20 05.59.02.000000000 PM','DD-MON-RR HH.MI.SSXFF AM'),to_timestamp('24-OCT-20 09.10.35.000000000 PM','DD-MON-RR HH.MI.SSXFF AM'),' Upper Respiratory Infection','Liver function tests');
Insert into HOSPITAL.PATIENTRECORDS (FIRSTNAME,LASTNAME,PHONE,PROCEDURE,START_DT,END_DT,DIAGNOSIS,TESTNAME) values ('John','Wood',5162501399,'Face plastic surgery',to_timestamp('26-DEC-20 10.42.09.000000000 AM','DD-MON-RR HH.MI.SSXFF AM'),to_timestamp('26-DEC-20 01.55.11.000000000 PM','DD-MON-RR HH.MI.SSXFF AM'),' Tuberculosis','Thyroid function tests');
Insert into HOSPITAL.PATIENTRECORDS (FIRSTNAME,LASTNAME,PHONE,PROCEDURE,START_DT,END_DT,DIAGNOSIS,TESTNAME) values ('Jane','Wood',5162506938,'bypass surgery',to_timestamp('27-DEC-20 06.19.11.000000000 AM','DD-MON-RR HH.MI.SSXFF AM'),to_timestamp('27-DEC-20 09.47.17.000000000 AM','DD-MON-RR HH.MI.SSXFF AM'),' Septic Shock','Lipid panel');
Insert into HOSPITAL.PATIENTRECORDS (FIRSTNAME,LASTNAME,PHONE,PROCEDURE,START_DT,END_DT,DIAGNOSIS,TESTNAME) values ('John','Kelly',5162509262,'Child Delivery',to_timestamp('10-DEC-20 03.40.49.000000000 AM','DD-MON-RR HH.MI.SSXFF AM'),to_timestamp('10-DEC-20 06.59.52.000000000 AM','DD-MON-RR HH.MI.SSXFF AM'),' Respiratory Syncytial Virus','Comprehensive metabolic panel (CMP)');
Insert into HOSPITAL.PATIENTRECORDS (FIRSTNAME,LASTNAME,PHONE,PROCEDURE,START_DT,END_DT,DIAGNOSIS,TESTNAME) values ('Jane','Kelly',5162502527,'Thyroid surgery',to_timestamp('24-DEC-20 02.02.26.000000000 PM','DD-MON-RR HH.MI.SSXFF AM'),to_timestamp('24-DEC-20 05.25.00.000000000 PM','DD-MON-RR HH.MI.SSXFF AM'),' Pulmonary Embolism','Complete blood count (CBC)');
Insert into HOSPITAL.PATIENTRECORDS (FIRSTNAME,LASTNAME,PHONE,PROCEDURE,START_DT,END_DT,DIAGNOSIS,TESTNAME) values ('John','Sanders',5162506512,'Nose surgery',to_timestamp('08-FEB-21 04.45.57.000000000 PM','DD-MON-RR HH.MI.SSXFF AM'),to_timestamp('08-FEB-21 08.07.32.000000000 PM','DD-MON-RR HH.MI.SSXFF AM'),' Pneumonia','biopsy');
Insert into HOSPITAL.PATIENTRECORDS (FIRSTNAME,LASTNAME,PHONE,PROCEDURE,START_DT,END_DT,DIAGNOSIS,TESTNAME) values ('Jane','Sanders',5162501953,'Open heart surgery',to_timestamp('30-NOV-20 04.54.43.000000000 AM','DD-MON-RR HH.MI.SSXFF AM'),to_timestamp('30-NOV-20 07.51.11.000000000 AM','DD-MON-RR HH.MI.SSXFF AM'),' Legionnaires'' Disease','urine tests');
Insert into HOSPITAL.PATIENTRECORDS (FIRSTNAME,LASTNAME,PHONE,PROCEDURE,START_DT,END_DT,DIAGNOSIS,TESTNAME) values ('John','Perkins',5162507320,'Nose surgery',to_timestamp('12-OCT-20 09.05.54.000000000 AM','DD-MON-RR HH.MI.SSXFF AM'),to_timestamp('12-OCT-20 12.40.53.000000000 PM','DD-MON-RR HH.MI.SSXFF AM'),' Laryngitis','blood tests');
Insert into HOSPITAL.PATIENTRECORDS (FIRSTNAME,LASTNAME,PHONE,PROCEDURE,START_DT,END_DT,DIAGNOSIS,TESTNAME) values ('Jane','Perkins',5162505909,'Lazer Hair removal',to_timestamp('09-JAN-21 04.51.32.000000000 AM','DD-MON-RR HH.MI.SSXFF AM'),to_timestamp('09-JAN-21 08.37.50.000000000 AM','DD-MON-RR HH.MI.SSXFF AM'),' Influenza','X-ray');
Insert into HOSPITAL.PATIENTRECORDS (FIRSTNAME,LASTNAME,PHONE,PROCEDURE,START_DT,END_DT,DIAGNOSIS,TESTNAME) values ('John','Howard',5162501667,'Root Canal',to_timestamp('21-DEC-20 02.06.05.000000000 PM','DD-MON-RR HH.MI.SSXFF AM'),to_timestamp('21-DEC-20 05.34.25.000000000 PM','DD-MON-RR HH.MI.SSXFF AM'),' Emphysema','MRI');
Insert into HOSPITAL.PATIENTRECORDS (FIRSTNAME,LASTNAME,PHONE,PROCEDURE,START_DT,END_DT,DIAGNOSIS,TESTNAME) values ('Jane','Howard',5162501284,'Thyroid surgery',to_timestamp('09-NOV-20 02.23.28.000000000 AM','DD-MON-RR HH.MI.SSXFF AM'),to_timestamp('09-NOV-20 05.44.32.000000000 AM','DD-MON-RR HH.MI.SSXFF AM'),' Cystic Fibrosis','CT scan');
Insert into HOSPITAL.PATIENTRECORDS (FIRSTNAME,LASTNAME,PHONE,PROCEDURE,START_DT,END_DT,DIAGNOSIS,TESTNAME) values ('John','Shaw',5162502746,'Accident treatement',to_timestamp('10-NOV-20 04.43.49.000000000 AM','DD-MON-RR HH.MI.SSXFF AM'),to_timestamp('10-NOV-20 08.22.51.000000000 AM','DD-MON-RR HH.MI.SSXFF AM'),' Chronic Obstructive Pulmonary Disease','Drug test');
Insert into HOSPITAL.PATIENTRECORDS (FIRSTNAME,LASTNAME,PHONE,PROCEDURE,START_DT,END_DT,DIAGNOSIS,TESTNAME) values ('Jane','Shaw',5162506929,'Nose surgery',to_timestamp('12-OCT-20 09.05.54.000000000 AM','DD-MON-RR HH.MI.SSXFF AM'),to_timestamp('12-OCT-20 12.40.53.000000000 PM','DD-MON-RR HH.MI.SSXFF AM'),' Congestive Heart Failure','HIV test');
Insert into HOSPITAL.PATIENTRECORDS (FIRSTNAME,LASTNAME,PHONE,PROCEDURE,START_DT,END_DT,DIAGNOSIS,TESTNAME) values ('John','Coleman',5162503069,'Root Canal',to_timestamp('24-DEC-20 09.40.40.000000000 AM','DD-MON-RR HH.MI.SSXFF AM'),to_timestamp('24-DEC-20 01.13.17.000000000 PM','DD-MON-RR HH.MI.SSXFF AM'),' Bronchiolitis','Pregnancy test');
Insert into HOSPITAL.PATIENTRECORDS (FIRSTNAME,LASTNAME,PHONE,PROCEDURE,START_DT,END_DT,DIAGNOSIS,TESTNAME) values ('Jane','Coleman',5162509353,'hair transplant',to_timestamp('09-NOV-20 05.09.17.000000000 AM','DD-MON-RR HH.MI.SSXFF AM'),to_timestamp('09-NOV-20 08.34.02.000000000 AM','DD-MON-RR HH.MI.SSXFF AM'),' Acute Respiratory Distress Syndrome','Kidney function tests');
Insert into HOSPITAL.PATIENTRECORDS (FIRSTNAME,LASTNAME,PHONE,PROCEDURE,START_DT,END_DT,DIAGNOSIS,TESTNAME) values ('John','Stevens',5162504070,'Open heart surgery',to_timestamp('13-JAN-21 01.34.24.000000000 AM','DD-MON-RR HH.MI.SSXFF AM'),to_timestamp('13-JAN-21 04.58.15.000000000 AM','DD-MON-RR HH.MI.SSXFF AM'),' Atelectasis','Liver function tests');
Insert into HOSPITAL.PATIENTRECORDS (FIRSTNAME,LASTNAME,PHONE,PROCEDURE,START_DT,END_DT,DIAGNOSIS,TESTNAME) values ('Jane','Stevens',5162503050,'gallbladder surgery',to_timestamp('02-NOV-20 01.03.50.000000000 AM','DD-MON-RR HH.MI.SSXFF AM'),to_timestamp('02-NOV-20 04.27.08.000000000 AM','DD-MON-RR HH.MI.SSXFF AM'),' Myocardial infarction','Thyroid function tests');
Insert into HOSPITAL.PATIENTRECORDS (FIRSTNAME,LASTNAME,PHONE,PROCEDURE,START_DT,END_DT,DIAGNOSIS,TESTNAME) values ('John','Murphy',5162504373,'eye transplant',to_timestamp('03-OCT-20 02.21.02.000000000 PM','DD-MON-RR HH.MI.SSXFF AM'),to_timestamp('03-OCT-20 05.54.42.000000000 PM','DD-MON-RR HH.MI.SSXFF AM'),' Myasthenia gravis','Lipid panel');
Insert into HOSPITAL.PATIENTRECORDS (FIRSTNAME,LASTNAME,PHONE,PROCEDURE,START_DT,END_DT,DIAGNOSIS,TESTNAME) values ('Jane','Murphy',5162501160,'bypass surgery',to_timestamp('05-NOV-20 09.54.11.000000000 AM','DD-MON-RR HH.MI.SSXFF AM'),to_timestamp('05-NOV-20 01.27.22.000000000 PM','DD-MON-RR HH.MI.SSXFF AM'),' Multiple sclerosis','Comprehensive metabolic panel (CMP)');
Insert into HOSPITAL.PATIENTRECORDS (FIRSTNAME,LASTNAME,PHONE,PROCEDURE,START_DT,END_DT,DIAGNOSIS,TESTNAME) values ('John','Price',5162503180,'Nose surgery',to_timestamp('08-FEB-21 04.45.57.000000000 PM','DD-MON-RR HH.MI.SSXFF AM'),to_timestamp('08-FEB-21 08.07.32.000000000 PM','DD-MON-RR HH.MI.SSXFF AM'),' Multiple myeloma','Complete blood count (CBC)');
Insert into HOSPITAL.PATIENTRECORDS (FIRSTNAME,LASTNAME,PHONE,PROCEDURE,START_DT,END_DT,DIAGNOSIS,TESTNAME) values ('Jane','Price',5162509451,'eye transplant',to_timestamp('03-OCT-20 02.21.02.000000000 PM','DD-MON-RR HH.MI.SSXFF AM'),to_timestamp('03-OCT-20 05.54.42.000000000 PM','DD-MON-RR HH.MI.SSXFF AM'),' Mitral valve prolapse','biopsy');
Insert into HOSPITAL.PATIENTRECORDS (FIRSTNAME,LASTNAME,PHONE,PROCEDURE,START_DT,END_DT,DIAGNOSIS,TESTNAME) values ('Mary','Smith',5162503938,'Accident treatement',to_timestamp('05-NOV-20 04.03.08.000000000 AM','DD-MON-RR HH.MI.SSXFF AM'),to_timestamp('05-NOV-20 07.27.07.000000000 AM','DD-MON-RR HH.MI.SSXFF AM'),' Mitral stenosis','urine tests');
Insert into HOSPITAL.PATIENTRECORDS (FIRSTNAME,LASTNAME,PHONE,PROCEDURE,START_DT,END_DT,DIAGNOSIS,TESTNAME) values ('John','Doe',5162503061,'Face plastic surgery',to_timestamp('26-DEC-20 10.42.09.000000000 AM','DD-MON-RR HH.MI.SSXFF AM'),to_timestamp('26-DEC-20 01.55.11.000000000 PM','DD-MON-RR HH.MI.SSXFF AM'),' Migraine','blood tests');
Insert into HOSPITAL.PATIENTRECORDS (FIRSTNAME,LASTNAME,PHONE,PROCEDURE,START_DT,END_DT,DIAGNOSIS,TESTNAME) values ('Jane','Johnson',5162509067,'eye transplant',to_timestamp('21-OCT-20 12.58.43.000000000 AM','DD-MON-RR HH.MI.SSXFF AM'),to_timestamp('21-OCT-20 03.31.04.000000000 AM','DD-MON-RR HH.MI.SSXFF AM'),' Metabolic alkalosis','X-ray');
Insert into HOSPITAL.PATIENTRECORDS (FIRSTNAME,LASTNAME,PHONE,PROCEDURE,START_DT,END_DT,DIAGNOSIS,TESTNAME) values ('Mike','Williams',5162501395,'Knee surgery',to_timestamp('25-NOV-20 10.24.40.000000000 AM','DD-MON-RR HH.MI.SSXFF AM'),to_timestamp('25-NOV-20 01.59.29.000000000 PM','DD-MON-RR HH.MI.SSXFF AM'),' Metabolic acidosis','MRI');
Insert into HOSPITAL.PATIENTRECORDS (FIRSTNAME,LASTNAME,PHONE,PROCEDURE,START_DT,END_DT,DIAGNOSIS,TESTNAME) values ('Bill','Jones',5162501772,'hemorrhoid removal',to_timestamp('01-OCT-20 11.21.19.000000000 AM','DD-MON-RR HH.MI.SSXFF AM'),to_timestamp('01-OCT-20 02.44.10.000000000 PM','DD-MON-RR HH.MI.SSXFF AM'),' Menorrhagia','CT scan');
Insert into HOSPITAL.PATIENTRECORDS (FIRSTNAME,LASTNAME,PHONE,PROCEDURE,START_DT,END_DT,DIAGNOSIS,TESTNAME) values ('Karen','Brown',5162505796,'Lazer Hair removal',to_timestamp('23-OCT-20 10.44.02.000000000 PM','DD-MON-RR HH.MI.SSXFF AM'),to_timestamp('23-OCT-20 02.05.34.000000000 AM','DD-MON-RR HH.MI.SSXFF AM'),' Menopause','Drug test');
Insert into HOSPITAL.PATIENTRECORDS (FIRSTNAME,LASTNAME,PHONE,PROCEDURE,START_DT,END_DT,DIAGNOSIS,TESTNAME) values ('Steve','Miller',5162504046,'Accident treatment',to_timestamp('05-OCT-20 11.20.55.000000000 PM','DD-MON-RR HH.MI.SSXFF AM'),to_timestamp('06-OCT-20 03.13.04.000000000 AM','DD-MON-RR HH.MI.SSXFF AM'),' Meniere''s disease','HIV test');
Insert into HOSPITAL.PATIENTRECORDS (FIRSTNAME,LASTNAME,PHONE,PROCEDURE,START_DT,END_DT,DIAGNOSIS,TESTNAME) values ('Melissa','Davis',5162500155,'eye transplant',to_timestamp('30-JAN-21 11.43.25.000000000 PM','DD-MON-RR HH.MI.SSXFF AM'),to_timestamp('31-JAN-21 03.30.02.000000000 AM','DD-MON-RR HH.MI.SSXFF AM'),' Melanoma','Pregnancy test');
Insert into HOSPITAL.PATIENTRECORDS (FIRSTNAME,LASTNAME,PHONE,PROCEDURE,START_DT,END_DT,DIAGNOSIS,TESTNAME) values ('Jessica','Anderson',5162507571,'Open heart surgery',to_timestamp('30-NOV-20 04.54.43.000000000 AM','DD-MON-RR HH.MI.SSXFF AM'),to_timestamp('30-NOV-20 07.51.11.000000000 AM','DD-MON-RR HH.MI.SSXFF AM'),' Measles','Kidney function tests');
Insert into HOSPITAL.PATIENTRECORDS (FIRSTNAME,LASTNAME,PHONE,PROCEDURE,START_DT,END_DT,DIAGNOSIS,TESTNAME) values ('Sara','Wilson',5162504386,'Lazer Hair removal',to_timestamp('09-NOV-20 01.05.28.000000000 PM','DD-MON-RR HH.MI.SSXFF AM'),to_timestamp('09-NOV-20 03.35.36.000000000 PM','DD-MON-RR HH.MI.SSXFF AM'),' Malaria','Liver function tests');
Insert into HOSPITAL.PATIENTRECORDS (FIRSTNAME,LASTNAME,PHONE,PROCEDURE,START_DT,END_DT,DIAGNOSIS,TESTNAME) values ('Mark','Thomas',5162500966,'Accident treatement',to_timestamp('27-JAN-21 06.35.19.000000000 AM','DD-MON-RR HH.MI.SSXFF AM'),to_timestamp('27-JAN-21 09.55.45.000000000 AM','DD-MON-RR HH.MI.SSXFF AM'),' Malabsorption','Thyroid function tests');
Insert into HOSPITAL.PATIENTRECORDS (FIRSTNAME,LASTNAME,PHONE,PROCEDURE,START_DT,END_DT,DIAGNOSIS,TESTNAME) values ('Nancy','Thompson',5162501173,'eye transplant',to_timestamp('21-OCT-20 12.58.43.000000000 AM','DD-MON-RR HH.MI.SSXFF AM'),to_timestamp('21-OCT-20 03.31.04.000000000 AM','DD-MON-RR HH.MI.SSXFF AM'),' Lyme disease','Lipid panel');
Insert into HOSPITAL.PATIENTRECORDS (FIRSTNAME,LASTNAME,PHONE,PROCEDURE,START_DT,END_DT,DIAGNOSIS,TESTNAME) values ('William','Edwards',5162509957,'Accident treatement',to_timestamp('07-OCT-20 12.23.55.000000000 AM','DD-MON-RR HH.MI.SSXFF AM'),to_timestamp('07-OCT-20 03.08.32.000000000 AM','DD-MON-RR HH.MI.SSXFF AM'),' Lymphoma','Comprehensive metabolic panel (CMP)');
Insert into HOSPITAL.PATIENTRECORDS (FIRSTNAME,LASTNAME,PHONE,PROCEDURE,START_DT,END_DT,DIAGNOSIS,TESTNAME) values ('Christopher','Walker',5162504049,'gallbladder surgery',to_timestamp('15-NOV-20 12.42.54.000000000 AM','DD-MON-RR HH.MI.SSXFF AM'),to_timestamp('15-NOV-20 04.53.27.000000000 AM','DD-MON-RR HH.MI.SSXFF AM'),' Lymphadenopathy','Complete blood count (CBC)');
Insert into HOSPITAL.PATIENTRECORDS (FIRSTNAME,LASTNAME,PHONE,PROCEDURE,START_DT,END_DT,DIAGNOSIS,TESTNAME) values ('Andrew','Powell',5162506973,'Thyroid surgery',to_timestamp('11-JAN-21 02.24.50.000000000 AM','DD-MON-RR HH.MI.SSXFF AM'),to_timestamp('11-JAN-21 06.05.34.000000000 AM','DD-MON-RR HH.MI.SSXFF AM'),' Lung cancer','biopsy');
Insert into HOSPITAL.PATIENTRECORDS (FIRSTNAME,LASTNAME,PHONE,PROCEDURE,START_DT,END_DT,DIAGNOSIS,TESTNAME) values ('Rebecca','Long',5162504660,'Bypass surgery',to_timestamp('25-DEC-20 11.46.53.000000000 AM','DD-MON-RR HH.MI.SSXFF AM'),to_timestamp('25-DEC-20 03.06.01.000000000 PM','DD-MON-RR HH.MI.SSXFF AM'),' Lobular carcinoma in situ','urine tests');
Insert into HOSPITAL.PATIENTRECORDS (FIRSTNAME,LASTNAME,PHONE,PROCEDURE,START_DT,END_DT,DIAGNOSIS,TESTNAME) values ('Emily','Smith',5162509280,'Breast implantation',to_timestamp('06-OCT-20 05.12.45.000000000 AM','DD-MON-RR HH.MI.SSXFF AM'),to_timestamp('06-OCT-20 08.38.07.000000000 AM','DD-MON-RR HH.MI.SSXFF AM'),' Liver cancer','blood tests');
Insert into HOSPITAL.PATIENTRECORDS (FIRSTNAME,LASTNAME,PHONE,PROCEDURE,START_DT,END_DT,DIAGNOSIS,TESTNAME) values ('Matthew','Jones',5162501110,'Knee surgery',to_timestamp('25-NOV-20 10.24.40.000000000 AM','DD-MON-RR HH.MI.SSXFF AM'),to_timestamp('25-NOV-20 01.59.29.000000000 PM','DD-MON-RR HH.MI.SSXFF AM'),' Lichen planus','X-ray');
Insert into HOSPITAL.PATIENTRECORDS (FIRSTNAME,LASTNAME,PHONE,PROCEDURE,START_DT,END_DT,DIAGNOSIS,TESTNAME) values ('Ryan','Brown',5162505992,'eye transplant',to_timestamp('24-OCT-20 08.18.38.000000000 PM','DD-MON-RR HH.MI.SSXFF AM'),to_timestamp('24-OCT-20 11.38.02.000000000 PM','DD-MON-RR HH.MI.SSXFF AM'),' Leukocytoclastic vasculitis','MRI');
Insert into HOSPITAL.PATIENTRECORDS (FIRSTNAME,LASTNAME,PHONE,PROCEDURE,START_DT,END_DT,DIAGNOSIS,TESTNAME) values ('Lauren','Johnson',5162506158,'Root Canal',to_timestamp('28-DEC-20 01.10.00.000000000 AM','DD-MON-RR HH.MI.SSXFF AM'),to_timestamp('28-DEC-20 04.31.27.000000000 AM','DD-MON-RR HH.MI.SSXFF AM'),' Leukemia','CT scan');
Insert into HOSPITAL.PATIENTRECORDS (FIRSTNAME,LASTNAME,PHONE,PROCEDURE,START_DT,END_DT,DIAGNOSIS,TESTNAME) values ('Lillian','Nguyen',5162504062,'Knee surgery',to_timestamp('01-NOV-20 06.08.03.000000000 PM','DD-MON-RR HH.MI.SSXFF AM'),to_timestamp('02-NOV-20 04.08.03.000000000 PM','DD-MON-RR HH.MI.SSXFF AM'),' Lens dislocation','Drug test');
Insert into HOSPITAL.PATIENTRECORDS (FIRSTNAME,LASTNAME,PHONE,PROCEDURE,START_DT,END_DT,DIAGNOSIS,TESTNAME) values ('Aiden','Tran',5162502783,'Lazer Hair removal',to_timestamp('28-OCT-20 11.48.05.000000000 AM','DD-MON-RR HH.MI.SSXFF AM'),to_timestamp('28-OCT-20 03.13.13.000000000 PM','DD-MON-RR HH.MI.SSXFF AM'),' Leiomyosarcoma','HIV test');
Insert into HOSPITAL.PATIENTRECORDS (FIRSTNAME,LASTNAME,PHONE,PROCEDURE,START_DT,END_DT,DIAGNOSIS,TESTNAME) values ('Elijah','Rodriguez',5162509995,'gallbladder surgery',to_timestamp('15-NOV-20 12.42.54.000000000 AM','DD-MON-RR HH.MI.SSXFF AM'),to_timestamp('15-NOV-20 04.53.27.000000000 AM','DD-MON-RR HH.MI.SSXFF AM'),' Leiomyoma','Pregnancy test');
Insert into HOSPITAL.PATIENTRECORDS (FIRSTNAME,LASTNAME,PHONE,PROCEDURE,START_DT,END_DT,DIAGNOSIS,TESTNAME) values ('Emma','Nguyen',5162505058,'Breast implantation',to_timestamp('06-OCT-20 05.12.45.000000000 AM','DD-MON-RR HH.MI.SSXFF AM'),to_timestamp('06-OCT-20 08.38.07.000000000 AM','DD-MON-RR HH.MI.SSXFF AM'),' Lead poisoning','Kidney function tests');
Insert into HOSPITAL.PATIENTRECORDS (FIRSTNAME,LASTNAME,PHONE,PROCEDURE,START_DT,END_DT,DIAGNOSIS,TESTNAME) values ('Mia','Lopez',5162500605,'Bypass surgery',to_timestamp('17-JAN-21 06.47.01.000000000 AM','DD-MON-RR HH.MI.SSXFF AM'),to_timestamp('17-JAN-21 10.27.46.000000000 AM','DD-MON-RR HH.MI.SSXFF AM'),' Laryngeal cancer','Liver function tests');
Insert into HOSPITAL.PATIENTRECORDS (FIRSTNAME,LASTNAME,PHONE,PROCEDURE,START_DT,END_DT,DIAGNOSIS,TESTNAME) values ('Noah','Tran',5162502084,'Bypass surgery',to_timestamp('04-JAN-21 12.54.40.000000000 AM','DD-MON-RR HH.MI.SSXFF AM'),to_timestamp('04-JAN-21 04.20.12.000000000 AM','DD-MON-RR HH.MI.SSXFF AM'),' Labyrinthitis','Thyroid function tests');
Insert into HOSPITAL.PATIENTRECORDS (FIRSTNAME,LASTNAME,PHONE,PROCEDURE,START_DT,END_DT,DIAGNOSIS,TESTNAME) values ('Owen','Kim',5162505941,'Accident treatement',to_timestamp('27-JAN-21 06.35.19.000000000 AM','DD-MON-RR HH.MI.SSXFF AM'),to_timestamp('27-JAN-21 09.55.45.000000000 AM','DD-MON-RR HH.MI.SSXFF AM'),' Klinefelter''s syndrome','Lipid panel');
Insert into HOSPITAL.PATIENTRECORDS (FIRSTNAME,LASTNAME,PHONE,PROCEDURE,START_DT,END_DT,DIAGNOSIS,TESTNAME) values ('Sophia','Martinez',5162507338,'eye transplant',to_timestamp('24-OCT-20 08.18.38.000000000 PM','DD-MON-RR HH.MI.SSXFF AM'),to_timestamp('24-OCT-20 11.38.02.000000000 PM','DD-MON-RR HH.MI.SSXFF AM'),' Kidney stones','Comprehensive metabolic panel (CMP)');
Insert into HOSPITAL.PATIENTRECORDS (FIRSTNAME,LASTNAME,PHONE,PROCEDURE,START_DT,END_DT,DIAGNOSIS,TESTNAME) values ('Liam','Garcia',5162508010,'bypass surgery',to_timestamp('27-DEC-20 06.19.11.000000000 AM','DD-MON-RR HH.MI.SSXFF AM'),to_timestamp('27-DEC-20 09.47.17.000000000 AM','DD-MON-RR HH.MI.SSXFF AM'),' Kidney cancer','Complete blood count (CBC)');
Insert into HOSPITAL.PATIENTRECORDS (FIRSTNAME,LASTNAME,PHONE,PROCEDURE,START_DT,END_DT,DIAGNOSIS,TESTNAME) values ('Lucas','Hernandez',9736680644,'Breast implantation',to_timestamp('06-OCT-20 05.12.45.000000000 AM','DD-MON-RR HH.MI.SSXFF AM'),to_timestamp('06-OCT-20 08.38.07.000000000 AM','DD-MON-RR HH.MI.SSXFF AM'),' Kawasaki disease','biopsy');
Insert into HOSPITAL.PATIENTRECORDS (FIRSTNAME,LASTNAME,PHONE,PROCEDURE,START_DT,END_DT,DIAGNOSIS,TESTNAME) values ('Evelyn','Nguyen',9736680912,'emergency Room',to_timestamp('04-NOV-20 11.29.40.000000000 AM','DD-MON-RR HH.MI.SSXFF AM'),to_timestamp('04-NOV-20 03.27.58.000000000 PM','DD-MON-RR HH.MI.SSXFF AM'),' Jaundice','urine tests');
Insert into HOSPITAL.PATIENTRECORDS (FIRSTNAME,LASTNAME,PHONE,PROCEDURE,START_DT,END_DT,DIAGNOSIS,TESTNAME) values ('Lydia','Tran',9736686040,'Accident treatment',to_timestamp('19-JAN-21 02.40.33.000000000 AM','DD-MON-RR HH.MI.SSXFF AM'),to_timestamp('19-JAN-21 06.08.11.000000000 AM','DD-MON-RR HH.MI.SSXFF AM'),' Iron deficiency anemia','blood tests');
Insert into HOSPITAL.PATIENTRECORDS (FIRSTNAME,LASTNAME,PHONE,PROCEDURE,START_DT,END_DT,DIAGNOSIS,TESTNAME) values ('Michael','Nguyen',9736686857,'Knee surgery',to_timestamp('01-DEC-20 10.48.00.000000000 AM','DD-MON-RR HH.MI.SSXFF AM'),to_timestamp('01-DEC-20 02.21.20.000000000 PM','DD-MON-RR HH.MI.SSXFF AM'),' Irritable bowel syndrome','X-ray');
Insert into HOSPITAL.PATIENTRECORDS (FIRSTNAME,LASTNAME,PHONE,PROCEDURE,START_DT,END_DT,DIAGNOSIS,TESTNAME) values ('Benjamin','Kim',9736681210,'gallbladder surgery',to_timestamp('03-FEB-21 04.58.10.000000000 PM','DD-MON-RR HH.MI.SSXFF AM'),to_timestamp('03-FEB-21 08.44.19.000000000 PM','DD-MON-RR HH.MI.SSXFF AM'),' Intestinal obstruction','MRI');
Insert into HOSPITAL.PATIENTRECORDS (FIRSTNAME,LASTNAME,PHONE,PROCEDURE,START_DT,END_DT,DIAGNOSIS,TESTNAME) values ('Elijah','Nguyen',9736682203,'Lazer Hair removal',to_timestamp('28-OCT-20 11.48.05.000000000 AM','DD-MON-RR HH.MI.SSXFF AM'),to_timestamp('28-OCT-20 03.13.13.000000000 PM','DD-MON-RR HH.MI.SSXFF AM'),' Insomnia','CT scan');
Insert into HOSPITAL.PATIENTRECORDS (FIRSTNAME,LASTNAME,PHONE,PROCEDURE,START_DT,END_DT,DIAGNOSIS,TESTNAME) values ('Emily','Kim',9736685053,'Thyroid surgery',to_timestamp('27-DEC-20 03.40.30.000000000 PM','DD-MON-RR HH.MI.SSXFF AM'),to_timestamp('27-DEC-20 06.33.59.000000000 PM','DD-MON-RR HH.MI.SSXFF AM'),' Influenza','Drug test');
Insert into HOSPITAL.PATIENTRECORDS (FIRSTNAME,LASTNAME,PHONE,PROCEDURE,START_DT,END_DT,DIAGNOSIS,TESTNAME) values ('Emma','Hernandez',9736686718,'Accident treatement',to_timestamp('10-NOV-20 04.43.49.000000000 AM','DD-MON-RR HH.MI.SSXFF AM'),to_timestamp('10-NOV-20 08.22.51.000000000 AM','DD-MON-RR HH.MI.SSXFF AM'),' Infertility','HIV test');
Insert into HOSPITAL.PATIENTRECORDS (FIRSTNAME,LASTNAME,PHONE,PROCEDURE,START_DT,END_DT,DIAGNOSIS,TESTNAME) values ('Benjamin','Tran',9736681706,'Breast implantation',to_timestamp('22-NOV-20 05.10.35.000000000 PM','DD-MON-RR HH.MI.SSXFF AM'),to_timestamp('22-NOV-20 08.41.46.000000000 PM','DD-MON-RR HH.MI.SSXFF AM'),' Impotence','Pregnancy test');
Insert into HOSPITAL.PATIENTRECORDS (FIRSTNAME,LASTNAME,PHONE,PROCEDURE,START_DT,END_DT,DIAGNOSIS,TESTNAME) values ('Chloe','Garcia',9736683729,'Breast implantation',to_timestamp('03-NOV-20 03.51.40.000000000 AM','DD-MON-RR HH.MI.SSXFF AM'),to_timestamp('03-NOV-20 07.17.45.000000000 AM','DD-MON-RR HH.MI.SSXFF AM'),' Immunodeficiency','Kidney function tests');
Insert into HOSPITAL.PATIENTRECORDS (FIRSTNAME,LASTNAME,PHONE,PROCEDURE,START_DT,END_DT,DIAGNOSIS,TESTNAME) values ('David','Martinez',9736686890,'Accident treatment',to_timestamp('12-DEC-20 05.58.11.000000000 AM','DD-MON-RR HH.MI.SSXFF AM'),to_timestamp('12-DEC-20 08.28.45.000000000 AM','DD-MON-RR HH.MI.SSXFF AM'),' IgA nephropathy','Liver function tests');
Insert into HOSPITAL.PATIENTRECORDS (FIRSTNAME,LASTNAME,PHONE,PROCEDURE,START_DT,END_DT,DIAGNOSIS,TESTNAME) values ('Evelyn','Hernandez',9736683367,'Face plastic surgery',to_timestamp('02-OCT-20 07.39.28.000000000 AM','DD-MON-RR HH.MI.SSXFF AM'),to_timestamp('02-OCT-20 11.45.10.000000000 AM','DD-MON-RR HH.MI.SSXFF AM'),' Idiopathic thrombocytopenic purpura','Thyroid function tests');
Insert into HOSPITAL.PATIENTRECORDS (FIRSTNAME,LASTNAME,PHONE,PROCEDURE,START_DT,END_DT,DIAGNOSIS,TESTNAME) values ('George','Lopez',9736684473,'Child Delivery',to_timestamp('07-OCT-20 01.27.55.000000000 PM','DD-MON-RR HH.MI.SSXFF AM'),to_timestamp('07-OCT-20 04.53.28.000000000 PM','DD-MON-RR HH.MI.SSXFF AM'),' Hypothyroidism','Lipid panel');
Insert into HOSPITAL.PATIENTRECORDS (FIRSTNAME,LASTNAME,PHONE,PROCEDURE,START_DT,END_DT,DIAGNOSIS,TESTNAME) values ('Jacob','Rodriguez',9736686623,'Nose surgery',to_timestamp('07-FEB-21 04.39.03.000000000 AM','DD-MON-RR HH.MI.SSXFF AM'),to_timestamp('07-FEB-21 08.05.14.000000000 AM','DD-MON-RR HH.MI.SSXFF AM'),' Hypoglycemia','Comprehensive metabolic panel (CMP)');
Insert into HOSPITAL.PATIENTRECORDS (FIRSTNAME,LASTNAME,PHONE,PROCEDURE,START_DT,END_DT,DIAGNOSIS,TESTNAME) values ('Jason','Kim',9736686066,'Face plastic surgery',to_timestamp('06-OCT-20 03.13.01.000000000 AM','DD-MON-RR HH.MI.SSXFF AM'),to_timestamp('06-OCT-20 05.44.41.000000000 AM','DD-MON-RR HH.MI.SSXFF AM'),' Hyperthyroidism','Complete blood count (CBC)');
Insert into HOSPITAL.PATIENTRECORDS (FIRSTNAME,LASTNAME,PHONE,PROCEDURE,START_DT,END_DT,DIAGNOSIS,TESTNAME) values ('.Jonathan','Martinez',9736681974,'Open heart surgery',to_timestamp('13-JAN-21 01.34.24.000000000 AM','DD-MON-RR HH.MI.SSXFF AM'),to_timestamp('13-JAN-21 04.58.15.000000000 AM','DD-MON-RR HH.MI.SSXFF AM'),' Hypertension','biopsy');
Insert into HOSPITAL.PATIENTRECORDS (FIRSTNAME,LASTNAME,PHONE,PROCEDURE,START_DT,END_DT,DIAGNOSIS,TESTNAME) values ('Joseph','Garcia',9736685092,'Breast implantation',to_timestamp('16-JAN-21 02.48.03.000000000 AM','DD-MON-RR HH.MI.SSXFF AM'),to_timestamp('09-FEB-21 10.59.06.000000000 PM','DD-MON-RR HH.MI.SSXFF AM'),' Hyperkalemia','urine tests');
Insert into HOSPITAL.PATIENTRECORDS (FIRSTNAME,LASTNAME,PHONE,PROCEDURE,START_DT,END_DT,DIAGNOSIS,TESTNAME) values ('Joshua','Kim',9736686987,'colon cancer removal',to_timestamp('09-JAN-21 10.25.16.000000000 PM','DD-MON-RR HH.MI.SSXFF AM'),to_timestamp('10-JAN-21 02.06.10.000000000 AM','DD-MON-RR HH.MI.SSXFF AM'),' Hyperglycemia','blood tests');
Insert into HOSPITAL.PATIENTRECORDS (FIRSTNAME,LASTNAME,PHONE,PROCEDURE,START_DT,END_DT,DIAGNOSIS,TESTNAME) values ('Juana','Hernandez',9736680693,'Face plastic surgery',to_timestamp('06-OCT-20 03.13.01.000000000 AM','DD-MON-RR HH.MI.SSXFF AM'),to_timestamp('06-OCT-20 05.44.41.000000000 AM','DD-MON-RR HH.MI.SSXFF AM'),' Hypercalcemia','X-ray');
Insert into HOSPITAL.PATIENTRECORDS (FIRSTNAME,LASTNAME,PHONE,PROCEDURE,START_DT,END_DT,DIAGNOSIS,TESTNAME) values ('Kayla','Lopez',9736681010,'Root Canal',to_timestamp('21-DEC-20 02.06.05.000000000 PM','DD-MON-RR HH.MI.SSXFF AM'),to_timestamp('21-DEC-20 05.34.25.000000000 PM','DD-MON-RR HH.MI.SSXFF AM'),' Hyperaldosteronism','MRI');
Insert into HOSPITAL.PATIENTRECORDS (FIRSTNAME,LASTNAME,PHONE,PROCEDURE,START_DT,END_DT,DIAGNOSIS,TESTNAME) values ('Katherine','Martinez',9736684582,'Accident treatement',to_timestamp('10-NOV-20 04.43.49.000000000 AM','DD-MON-RR HH.MI.SSXFF AM'),to_timestamp('10-NOV-20 08.22.51.000000000 AM','DD-MON-RR HH.MI.SSXFF AM'),' Hydronephrosis','CT scan');
Insert into HOSPITAL.PATIENTRECORDS (FIRSTNAME,LASTNAME,PHONE,PROCEDURE,START_DT,END_DT,DIAGNOSIS,TESTNAME) values ('Kimberly','Garcia',9736680647,'eye transplant',to_timestamp('30-JAN-21 11.43.25.000000000 PM','DD-MON-RR HH.MI.SSXFF AM'),to_timestamp('31-JAN-21 03.30.02.000000000 AM','DD-MON-RR HH.MI.SSXFF AM'),' Hydrocephalus','Drug test');
Insert into HOSPITAL.PATIENTRECORDS (FIRSTNAME,LASTNAME,PHONE,PROCEDURE,START_DT,END_DT,DIAGNOSIS,TESTNAME) values ('Laura','Kim',9736689789,'Child Delivery',to_timestamp('14-DEC-20 04.04.22.000000000 AM','DD-MON-RR HH.MI.SSXFF AM'),to_timestamp('14-DEC-20 07.37.51.000000000 AM','DD-MON-RR HH.MI.SSXFF AM'),' Huntington''s disease','HIV test');
Insert into HOSPITAL.PATIENTRECORDS (FIRSTNAME,LASTNAME,PHONE,PROCEDURE,START_DT,END_DT,DIAGNOSIS,TESTNAME) values ('Lucas','Hernandezz',9736686691,'Breast implantation',to_timestamp('22-NOV-20 05.10.35.000000000 PM','DD-MON-RR HH.MI.SSXFF AM'),to_timestamp('22-NOV-20 08.41.46.000000000 PM','DD-MON-RR HH.MI.SSXFF AM'),' Hodgkin''s disease','Pregnancy test');
Insert into HOSPITAL.PATIENTRECORDS (FIRSTNAME,LASTNAME,PHONE,PROCEDURE,START_DT,END_DT,DIAGNOSIS,TESTNAME) values ('Maria','Kim',9736680350,'Child Delivery',to_timestamp('10-DEC-20 03.40.49.000000000 AM','DD-MON-RR HH.MI.SSXFF AM'),to_timestamp('10-DEC-20 06.59.52.000000000 AM','DD-MON-RR HH.MI.SSXFF AM'),' Herpes zoster','Kidney function tests');
Insert into HOSPITAL.PATIENTRECORDS (FIRSTNAME,LASTNAME,PHONE,PROCEDURE,START_DT,END_DT,DIAGNOSIS,TESTNAME) values ('Martinez','kia',9736685518,'Child Delivery',to_timestamp('24-OCT-20 05.59.02.000000000 PM','DD-MON-RR HH.MI.SSXFF AM'),to_timestamp('24-OCT-20 09.10.35.000000000 PM','DD-MON-RR HH.MI.SSXFF AM'),' Herpes simplex','Liver function tests');
Insert into HOSPITAL.PATIENTRECORDS (FIRSTNAME,LASTNAME,PHONE,PROCEDURE,START_DT,END_DT,DIAGNOSIS,TESTNAME) values ('Matthew','Nguyen',9736684679,'colon cancer removal',to_timestamp('09-JAN-21 10.25.16.000000000 PM','DD-MON-RR HH.MI.SSXFF AM'),to_timestamp('10-JAN-21 02.06.10.000000000 AM','DD-MON-RR HH.MI.SSXFF AM'),' Hepatitis C','Thyroid function tests');
Insert into HOSPITAL.PATIENTRECORDS (FIRSTNAME,LASTNAME,PHONE,PROCEDURE,START_DT,END_DT,DIAGNOSIS,TESTNAME) values ('Michelle','Hernandez',9736682436,'Child Delivery',to_timestamp('09-FEB-21 04.06.11.000000000 PM','DD-MON-RR HH.MI.SSXFF AM'),to_timestamp('09-FEB-21 08.02.37.000000000 PM','DD-MON-RR HH.MI.SSXFF AM'),' Hepatitis B','Lipid panel');
Insert into HOSPITAL.PATIENTRECORDS (FIRSTNAME,LASTNAME,PHONE,PROCEDURE,START_DT,END_DT,DIAGNOSIS,TESTNAME) values ('Miguel','Lopez',9736685399,'Breast implantation',to_timestamp('03-NOV-20 03.51.40.000000000 AM','DD-MON-RR HH.MI.SSXFF AM'),to_timestamp('03-NOV-20 07.17.45.000000000 AM','DD-MON-RR HH.MI.SSXFF AM'),' Hepatitis','Comprehensive metabolic panel (CMP)');
Insert into HOSPITAL.PATIENTRECORDS (FIRSTNAME,LASTNAME,PHONE,PROCEDURE,START_DT,END_DT,DIAGNOSIS,TESTNAME) values ('Nathan','Kim',9736688861,'Thyroid surgery',to_timestamp('09-NOV-20 02.23.28.000000000 AM','DD-MON-RR HH.MI.SSXFF AM'),to_timestamp('09-NOV-20 05.44.32.000000000 AM','DD-MON-RR HH.MI.SSXFF AM'),' Hepatic encephalopathy','Complete blood count (CBC)');
Insert into HOSPITAL.PATIENTRECORDS (FIRSTNAME,LASTNAME,PHONE,PROCEDURE,START_DT,END_DT,DIAGNOSIS,TESTNAME) values ('Nicole','Tran',9736685297,'Child Delivery',to_timestamp('10-DEC-20 03.40.49.000000000 AM','DD-MON-RR HH.MI.SSXFF AM'),to_timestamp('10-DEC-20 06.59.52.000000000 AM','DD-MON-RR HH.MI.SSXFF AM'),' Hemophilia','biopsy');
Insert into HOSPITAL.PATIENTRECORDS (FIRSTNAME,LASTNAME,PHONE,PROCEDURE,START_DT,END_DT,DIAGNOSIS,TESTNAME) values ('Olivia','Nguyen',9736689404,'emergency Room',to_timestamp('04-NOV-20 11.29.40.000000000 AM','DD-MON-RR HH.MI.SSXFF AM'),to_timestamp('04-NOV-20 03.27.58.000000000 PM','DD-MON-RR HH.MI.SSXFF AM'),' Hemolytic anemia','urine tests');
Insert into HOSPITAL.PATIENTRECORDS (FIRSTNAME,LASTNAME,PHONE,PROCEDURE,START_DT,END_DT,DIAGNOSIS,TESTNAME) values ('Owen','Tran',9736689260,'emergency Room',to_timestamp('17-NOV-20 02.52.03.000000000 PM','DD-MON-RR HH.MI.SSXFF AM'),to_timestamp('17-NOV-20 06.37.56.000000000 PM','DD-MON-RR HH.MI.SSXFF AM'),' Hemochromatosis','blood tests');
Insert into HOSPITAL.PATIENTRECORDS (FIRSTNAME,LASTNAME,PHONE,PROCEDURE,START_DT,END_DT,DIAGNOSIS,TESTNAME) values ('Rachel','Kim',9736684959,'emergency Room',to_timestamp('20-NOV-20 08.48.21.000000000 AM','DD-MON-RR HH.MI.SSXFF AM'),to_timestamp('20-NOV-20 12.11.20.000000000 PM','DD-MON-RR HH.MI.SSXFF AM'),' Hemangioma','X-ray');
Insert into HOSPITAL.PATIENTRECORDS (FIRSTNAME,LASTNAME,PHONE,PROCEDURE,START_DT,END_DT,DIAGNOSIS,TESTNAME) values ('Raymond','Hernandez',9736683918,'Child Delivery',to_timestamp('24-OCT-20 05.59.02.000000000 PM','DD-MON-RR HH.MI.SSXFF AM'),to_timestamp('24-OCT-20 09.10.35.000000000 PM','DD-MON-RR HH.MI.SSXFF AM'),' Heart failure','MRI');
Insert into HOSPITAL.PATIENTRECORDS (FIRSTNAME,LASTNAME,PHONE,PROCEDURE,START_DT,END_DT,DIAGNOSIS,TESTNAME) values ('Ryan','Tran',9736685552,'hemorrhoid removal',to_timestamp('01-OCT-20 11.21.19.000000000 AM','DD-MON-RR HH.MI.SSXFF AM'),to_timestamp('01-OCT-20 02.44.10.000000000 PM','DD-MON-RR HH.MI.SSXFF AM'),' Hashimoto''s disease','CT scan');
Insert into HOSPITAL.PATIENTRECORDS (FIRSTNAME,LASTNAME,PHONE,PROCEDURE,START_DT,END_DT,DIAGNOSIS,TESTNAME) values ('Samantha','Kim',9736688912,'Nose surgery',to_timestamp('05-NOV-20 10.39.09.000000000 PM','DD-MON-RR HH.MI.SSXFF AM'),to_timestamp('05-NOV-20 01.51.48.000000000 AM','DD-MON-RR HH.MI.SSXFF AM'),' Growth hormone deficiency','Drug test');
Insert into HOSPITAL.PATIENTRECORDS (FIRSTNAME,LASTNAME,PHONE,PROCEDURE,START_DT,END_DT,DIAGNOSIS,TESTNAME) values ('Sarah','Kim',9736688382,'colon cancer removal',to_timestamp('09-JAN-21 10.25.16.000000000 PM','DD-MON-RR HH.MI.SSXFF AM'),to_timestamp('10-JAN-21 02.06.10.000000000 AM','DD-MON-RR HH.MI.SSXFF AM'),' Graves'' disease','HIV test');
Insert into HOSPITAL.PATIENTRECORDS (FIRSTNAME,LASTNAME,PHONE,PROCEDURE,START_DT,END_DT,DIAGNOSIS,TESTNAME) values ('Sophia','Kim',9736684828,'Root Canal',to_timestamp('21-NOV-20 11.29.35.000000000 AM','DD-MON-RR HH.MI.SSXFF AM'),to_timestamp('21-NOV-20 02.56.41.000000000 PM','DD-MON-RR HH.MI.SSXFF AM'),' Gaucher''s disease','Pregnancy test');
Insert into HOSPITAL.PATIENTRECORDS (FIRSTNAME,LASTNAME,PHONE,PROCEDURE,START_DT,END_DT,DIAGNOSIS,TESTNAME) values ('Stephanie','Kim',9736686730,'Bypass surgery',to_timestamp('04-JAN-21 12.54.40.000000000 AM','DD-MON-RR HH.MI.SSXFF AM'),to_timestamp('04-JAN-21 04.20.12.000000000 AM','DD-MON-RR HH.MI.SSXFF AM'),' Gastroesophageal reflux disease','Kidney function tests');
Insert into HOSPITAL.PATIENTRECORDS (FIRSTNAME,LASTNAME,PHONE,PROCEDURE,START_DT,END_DT,DIAGNOSIS,TESTNAME) values ('Steven','Lopez',9736680115,'Child Delivery',to_timestamp('26-JAN-21 01.19.30.000000000 PM','DD-MON-RR HH.MI.SSXFF AM'),to_timestamp('26-JAN-21 04.38.50.000000000 PM','DD-MON-RR HH.MI.SSXFF AM'),' Gastroenteritis','Liver function tests');
Insert into HOSPITAL.PATIENTRECORDS (FIRSTNAME,LASTNAME,PHONE,PROCEDURE,START_DT,END_DT,DIAGNOSIS,TESTNAME) values ('Tyler','Tran',9736681136,'Accident treatment',to_timestamp('12-DEC-20 05.58.11.000000000 AM','DD-MON-RR HH.MI.SSXFF AM'),to_timestamp('12-DEC-20 08.28.45.000000000 AM','DD-MON-RR HH.MI.SSXFF AM'),' Gastric cancer','Thyroid function tests');
Insert into HOSPITAL.PATIENTRECORDS (FIRSTNAME,LASTNAME,PHONE,PROCEDURE,START_DT,END_DT,DIAGNOSIS,TESTNAME) values ('Vanessa','Martinez',9736685217,'Accident treatement',to_timestamp('27-JAN-21 06.35.19.000000000 AM','DD-MON-RR HH.MI.SSXFF AM'),to_timestamp('27-JAN-21 09.55.45.000000000 AM','DD-MON-RR HH.MI.SSXFF AM'),' Fifth disease','Lipid panel');
Insert into HOSPITAL.PATIENTRECORDS (FIRSTNAME,LASTNAME,PHONE,PROCEDURE,START_DT,END_DT,DIAGNOSIS,TESTNAME) values ('William','Garcia',9736684730,'emergency Room',to_timestamp('17-NOV-20 10.50.00.000000000 AM','DD-MON-RR HH.MI.SSXFF AM'),to_timestamp('17-NOV-20 01.21.24.000000000 PM','DD-MON-RR HH.MI.SSXFF AM'),' Fenichel''s syndrome','Comprehensive metabolic panel (CMP)');
Insert into HOSPITAL.PATIENTRECORDS (FIRSTNAME,LASTNAME,PHONE,PROCEDURE,START_DT,END_DT,DIAGNOSIS,TESTNAME) values ('Wyatt','Tran',9736688714,'Breast implantation',to_timestamp('16-JAN-21 02.48.03.000000000 AM','DD-MON-RR HH.MI.SSXFF AM'),to_timestamp('09-FEB-21 10.59.06.000000000 PM','DD-MON-RR HH.MI.SSXFF AM'),' Fatty liver disease','Complete blood count (CBC)');
Insert into HOSPITAL.PATIENTRECORDS (FIRSTNAME,LASTNAME,PHONE,PROCEDURE,START_DT,END_DT,DIAGNOSIS,TESTNAME) values ('Zoe','Tran',9736684880,'colon cancer removal',to_timestamp('01-NOV-20 03.43.33.000000000 PM','DD-MON-RR HH.MI.SSXFF AM'),to_timestamp('01-NOV-20 06.45.36.000000000 PM','DD-MON-RR HH.MI.SSXFF AM'),' Failure to thrive','biopsy');
Insert into HOSPITAL.PATIENTRECORDS (FIRSTNAME,LASTNAME,PHONE,PROCEDURE,START_DT,END_DT,DIAGNOSIS,TESTNAME) values ('Aaron','Kim',9736684060,'Bypass surgery',to_timestamp('04-JAN-21 12.54.40.000000000 AM','DD-MON-RR HH.MI.SSXFF AM'),to_timestamp('04-JAN-21 04.20.12.000000000 AM','DD-MON-RR HH.MI.SSXFF AM'),' Fabry''s disease','urine tests');
Insert into HOSPITAL.PATIENTRECORDS (FIRSTNAME,LASTNAME,PHONE,PROCEDURE,START_DT,END_DT,DIAGNOSIS,TESTNAME) values ('Abby','Tran',9736680270,'hemorrhoid removal',to_timestamp('01-OCT-20 11.21.19.000000000 AM','DD-MON-RR HH.MI.SSXFF AM'),to_timestamp('01-OCT-20 02.44.10.000000000 PM','DD-MON-RR HH.MI.SSXFF AM'),' Essential thrombocythemia','blood tests');
Insert into HOSPITAL.PATIENTRECORDS (FIRSTNAME,LASTNAME,PHONE,PROCEDURE,START_DT,END_DT,DIAGNOSIS,TESTNAME) values ('Johnie','Smith',3128660474,'emergency Room',to_timestamp('17-NOV-20 02.52.03.000000000 PM','DD-MON-RR HH.MI.SSXFF AM'),to_timestamp('17-NOV-20 06.37.56.000000000 PM','DD-MON-RR HH.MI.SSXFF AM'),' Norovirus','urine tests');
Insert into HOSPITAL.PATIENTRECORDS (FIRSTNAME,LASTNAME,PHONE,PROCEDURE,START_DT,END_DT,DIAGNOSIS,TESTNAME) values ('James','Johnson',3128661719,'Knee surgery',to_timestamp('01-NOV-20 06.08.03.000000000 PM','DD-MON-RR HH.MI.SSXFF AM'),to_timestamp('02-NOV-20 04.08.03.000000000 PM','DD-MON-RR HH.MI.SSXFF AM'),' Mycoplasma pneumoniae','blood tests');
Insert into HOSPITAL.PATIENTRECORDS (FIRSTNAME,LASTNAME,PHONE,PROCEDURE,START_DT,END_DT,DIAGNOSIS,TESTNAME) values ('Robertt','Williams',3128666999,'Nose surgery',to_timestamp('08-FEB-21 04.45.57.000000000 PM','DD-MON-RR HH.MI.SSXFF AM'),to_timestamp('08-FEB-21 08.07.32.000000000 PM','DD-MON-RR HH.MI.SSXFF AM'),' MRSA','X-ray');
Insert into HOSPITAL.PATIENTRECORDS (FIRSTNAME,LASTNAME,PHONE,PROCEDURE,START_DT,END_DT,DIAGNOSIS,TESTNAME) values ('Christoper','Jones',3128669761,'colon cancer removal',to_timestamp('09-FEB-21 10.17.22.000000000 AM','DD-MON-RR HH.MI.SSXFF AM'),to_timestamp('09-FEB-21 01.46.50.000000000 PM','DD-MON-RR HH.MI.SSXFF AM'),' Meningitis','MRI');
Insert into HOSPITAL.PATIENTRECORDS (FIRSTNAME,LASTNAME,PHONE,PROCEDURE,START_DT,END_DT,DIAGNOSIS,TESTNAME) values ('George','Brown',3128661931,'Accident treatment',to_timestamp('19-JAN-21 02.40.33.000000000 AM','DD-MON-RR HH.MI.SSXFF AM'),to_timestamp('19-JAN-21 06.08.11.000000000 AM','DD-MON-RR HH.MI.SSXFF AM'),' Measles','CT scan');
Insert into HOSPITAL.PATIENTRECORDS (FIRSTNAME,LASTNAME,PHONE,PROCEDURE,START_DT,END_DT,DIAGNOSIS,TESTNAME) values ('Deborah','Miller',3128661550,'Root Canal',to_timestamp('21-DEC-20 02.06.05.000000000 PM','DD-MON-RR HH.MI.SSXFF AM'),to_timestamp('21-DEC-20 05.34.25.000000000 PM','DD-MON-RR HH.MI.SSXFF AM'),' Malaria','Drug test');
Insert into HOSPITAL.PATIENTRECORDS (FIRSTNAME,LASTNAME,PHONE,PROCEDURE,START_DT,END_DT,DIAGNOSIS,TESTNAME) values ('Karen','Wilson',3128666274,'colon cancer removal',to_timestamp('09-FEB-21 10.17.22.000000000 AM','DD-MON-RR HH.MI.SSXFF AM'),to_timestamp('09-FEB-21 01.46.50.000000000 PM','DD-MON-RR HH.MI.SSXFF AM'),' Lyme disease','HIV test');
Insert into HOSPITAL.PATIENTRECORDS (FIRSTNAME,LASTNAME,PHONE,PROCEDURE,START_DT,END_DT,DIAGNOSIS,TESTNAME) values ('Kathy','Moore',3128662058,'hair transplant',to_timestamp('25-NOV-20 04.01.22.000000000 PM','DD-MON-RR HH.MI.SSXFF AM'),to_timestamp('25-NOV-20 07.11.01.000000000 PM','DD-MON-RR HH.MI.SSXFF AM'),' Listeriosis','Pregnancy test');
Insert into HOSPITAL.PATIENTRECORDS (FIRSTNAME,LASTNAME,PHONE,PROCEDURE,START_DT,END_DT,DIAGNOSIS,TESTNAME) values ('Lisa','Taylor',3128664667,'Open heart surgery',to_timestamp('26-NOV-20 02.18.38.000000000 AM','DD-MON-RR HH.MI.SSXFF AM'),to_timestamp('26-NOV-20 05.40.46.000000000 AM','DD-MON-RR HH.MI.SSXFF AM'),' Leptospirosis','Kidney function tests');
Insert into HOSPITAL.PATIENTRECORDS (FIRSTNAME,LASTNAME,PHONE,PROCEDURE,START_DT,END_DT,DIAGNOSIS,TESTNAME) values ('Nancy','Anderson',3128665587,'Child Delivery',to_timestamp('24-JAN-21 10.17.27.000000000 PM','DD-MON-RR HH.MI.SSXFF AM'),to_timestamp('24-JAN-21 01.36.42.000000000 AM','DD-MON-RR HH.MI.SSXFF AM'),' Legionnaires'' disease','Liver function tests');
Insert into HOSPITAL.PATIENTRECORDS (FIRSTNAME,LASTNAME,PHONE,PROCEDURE,START_DT,END_DT,DIAGNOSIS,TESTNAME) values ('Stephanie','Carter',3128667982,'Thyroid surgery',to_timestamp('07-FEB-21 05.17.57.000000000 AM','DD-MON-RR HH.MI.SSXFF AM'),to_timestamp('07-FEB-21 08.45.49.000000000 AM','DD-MON-RR HH.MI.SSXFF AM'),' Influenza','Thyroid function tests');
Insert into HOSPITAL.PATIENTRECORDS (FIRSTNAME,LASTNAME,PHONE,PROCEDURE,START_DT,END_DT,DIAGNOSIS,TESTNAME) values ('Melissa','Edwards',3128667018,'Child Delivery',to_timestamp('24-JAN-21 10.17.27.000000000 PM','DD-MON-RR HH.MI.SSXFF AM'),to_timestamp('24-JAN-21 01.36.42.000000000 AM','DD-MON-RR HH.MI.SSXFF AM'),' Human T-lymphotropic virus','Lipid panel');
Insert into HOSPITAL.PATIENTRECORDS (FIRSTNAME,LASTNAME,PHONE,PROCEDURE,START_DT,END_DT,DIAGNOSIS,TESTNAME) values ('Emily','Richards',3128660374,'colon cancer removal',to_timestamp('27-DEC-20 12.48.11.000000000 PM','DD-MON-RR HH.MI.SSXFF AM'),to_timestamp('27-DEC-20 04.33.25.000000000 PM','DD-MON-RR HH.MI.SSXFF AM'),' Human respiratory syncytial virus','Comprehensive metabolic panel (CMP)');
Insert into HOSPITAL.PATIENTRECORDS (FIRSTNAME,LASTNAME,PHONE,PROCEDURE,START_DT,END_DT,DIAGNOSIS,TESTNAME) values ('Ashley','Nelson',3128665322,'Lazer Hair removal',to_timestamp('09-JAN-21 04.51.32.000000000 AM','DD-MON-RR HH.MI.SSXFF AM'),to_timestamp('09-JAN-21 08.37.50.000000000 AM','DD-MON-RR HH.MI.SSXFF AM'),' Human parainfluenza virus','Complete blood count (CBC)');
Insert into HOSPITAL.PATIENTRECORDS (FIRSTNAME,LASTNAME,PHONE,PROCEDURE,START_DT,END_DT,DIAGNOSIS,TESTNAME) values ('Sarah','Parker',3128667151,'eye transplant',to_timestamp('30-JAN-21 11.43.25.000000000 PM','DD-MON-RR HH.MI.SSXFF AM'),to_timestamp('31-JAN-21 03.30.02.000000000 AM','DD-MON-RR HH.MI.SSXFF AM'),' Human papillomavirus','biopsy');
Insert into HOSPITAL.PATIENTRECORDS (FIRSTNAME,LASTNAME,PHONE,PROCEDURE,START_DT,END_DT,DIAGNOSIS,TESTNAME) values ('Kimberly','Clark',3128667371,'Accident treatment',to_timestamp('12-DEC-20 05.58.11.000000000 AM','DD-MON-RR HH.MI.SSXFF AM'),to_timestamp('12-DEC-20 08.28.45.000000000 AM','DD-MON-RR HH.MI.SSXFF AM'),' Human metapneumovirus','urine tests');
Insert into HOSPITAL.PATIENTRECORDS (FIRSTNAME,LASTNAME,PHONE,PROCEDURE,START_DT,END_DT,DIAGNOSIS,TESTNAME) values ('Carolyn','Lewis',3128665296,'Thyroid surgery',to_timestamp('24-DEC-20 02.02.26.000000000 PM','DD-MON-RR HH.MI.SSXFF AM'),to_timestamp('24-DEC-20 05.25.00.000000000 PM','DD-MON-RR HH.MI.SSXFF AM'),' HIV','blood tests');
Insert into HOSPITAL.PATIENTRECORDS (FIRSTNAME,LASTNAME,PHONE,PROCEDURE,START_DT,END_DT,DIAGNOSIS,TESTNAME) values ('Betty','Murray',3128665720,'Root Canal',to_timestamp('28-DEC-20 01.10.00.000000000 AM','DD-MON-RR HH.MI.SSXFF AM'),to_timestamp('28-DEC-20 04.31.27.000000000 AM','DD-MON-RR HH.MI.SSXFF AM'),' Herpes simplex virus','X-ray');
Insert into HOSPITAL.PATIENTRECORDS (FIRSTNAME,LASTNAME,PHONE,PROCEDURE,START_DT,END_DT,DIAGNOSIS,TESTNAME) values ('Dorothy','Turner',3128661596,'Lazer Hair removal',to_timestamp('09-NOV-20 01.05.28.000000000 PM','DD-MON-RR HH.MI.SSXFF AM'),to_timestamp('09-NOV-20 03.35.36.000000000 PM','DD-MON-RR HH.MI.SSXFF AM'),' Hepatitis','MRI');
Insert into HOSPITAL.PATIENTRECORDS (FIRSTNAME,LASTNAME,PHONE,PROCEDURE,START_DT,END_DT,DIAGNOSIS,TESTNAME) values ('Beverly','King',3128662457,'Face plastic surgery',to_timestamp('26-DEC-20 10.42.09.000000000 AM','DD-MON-RR HH.MI.SSXFF AM'),to_timestamp('26-DEC-20 01.55.11.000000000 PM','DD-MON-RR HH.MI.SSXFF AM'),' Haemophilus influenzae','CT scan');
Insert into HOSPITAL.PATIENTRECORDS (FIRSTNAME,LASTNAME,PHONE,PROCEDURE,START_DT,END_DT,DIAGNOSIS,TESTNAME) values ('John','Donie',3128666606,'bypass surgery',to_timestamp('12-DEC-20 05.29.57.000000000 AM','DD-MON-RR HH.MI.SSXFF AM'),to_timestamp('12-DEC-20 08.51.11.000000000 AM','DD-MON-RR HH.MI.SSXFF AM'),' Gonorrhea','Drug test');
Insert into HOSPITAL.PATIENTRECORDS (FIRSTNAME,LASTNAME,PHONE,PROCEDURE,START_DT,END_DT,DIAGNOSIS,TESTNAME) values ('Jane','Doe',3128660108,'Face plastic surgery',to_timestamp('06-OCT-20 03.13.01.000000000 AM','DD-MON-RR HH.MI.SSXFF AM'),to_timestamp('06-OCT-20 05.44.41.000000000 AM','DD-MON-RR HH.MI.SSXFF AM'),' Giardiasis','HIV test');
Insert into HOSPITAL.PATIENTRECORDS (FIRSTNAME,LASTNAME,PHONE,PROCEDURE,START_DT,END_DT,DIAGNOSIS,TESTNAME) values ('John','Smit',3128664877,'Breast implantation',to_timestamp('06-OCT-20 05.12.45.000000000 AM','DD-MON-RR HH.MI.SSXFF AM'),to_timestamp('06-OCT-20 08.38.07.000000000 AM','DD-MON-RR HH.MI.SSXFF AM'),' Ebola virus disease','Pregnancy test');
Insert into HOSPITAL.PATIENTRECORDS (FIRSTNAME,LASTNAME,PHONE,PROCEDURE,START_DT,END_DT,DIAGNOSIS,TESTNAME) values ('Jane','Smith',3128661089,'colon cancer removal',to_timestamp('27-DEC-20 12.48.11.000000000 PM','DD-MON-RR HH.MI.SSXFF AM'),to_timestamp('27-DEC-20 04.33.25.000000000 PM','DD-MON-RR HH.MI.SSXFF AM'),' Encephalitis','Kidney function tests');
Insert into HOSPITAL.PATIENTRECORDS (FIRSTNAME,LASTNAME,PHONE,PROCEDURE,START_DT,END_DT,DIAGNOSIS,TESTNAME) values ('John','Johnson',3128667676,'bypass surgery',to_timestamp('05-NOV-20 09.54.11.000000000 AM','DD-MON-RR HH.MI.SSXFF AM'),to_timestamp('05-NOV-20 01.27.22.000000000 PM','DD-MON-RR HH.MI.SSXFF AM'),' Diphtheria','Liver function tests');
Insert into HOSPITAL.PATIENTRECORDS (FIRSTNAME,LASTNAME,PHONE,PROCEDURE,START_DT,END_DT,DIAGNOSIS,TESTNAME) values ('Jane','Johnsonson',3128666432,'Face plastic surgery',to_timestamp('16-OCT-20 06.38.29.000000000 AM','DD-MON-RR HH.MI.SSXFF AM'),to_timestamp('16-OCT-20 10.02.26.000000000 AM','DD-MON-RR HH.MI.SSXFF AM'),' Cyclosporiasis','Thyroid function tests');
Insert into HOSPITAL.PATIENTRECORDS (FIRSTNAME,LASTNAME,PHONE,PROCEDURE,START_DT,END_DT,DIAGNOSIS,TESTNAME) values ('John','Williams',3128661359,'colon cancer removal',to_timestamp('23-OCT-20 05.01.18.000000000 PM','DD-MON-RR HH.MI.SSXFF AM'),to_timestamp('23-OCT-20 08.25.20.000000000 PM','DD-MON-RR HH.MI.SSXFF AM'),' Cryptococcosis','Lipid panel');
Insert into HOSPITAL.PATIENTRECORDS (FIRSTNAME,LASTNAME,PHONE,PROCEDURE,START_DT,END_DT,DIAGNOSIS,TESTNAME) values ('Jane','Williams',3128667918,'bypass surgery',to_timestamp('27-DEC-20 06.19.11.000000000 AM','DD-MON-RR HH.MI.SSXFF AM'),to_timestamp('27-DEC-20 09.47.17.000000000 AM','DD-MON-RR HH.MI.SSXFF AM'),' Cholera','Comprehensive metabolic panel (CMP)');
Insert into HOSPITAL.PATIENTRECORDS (FIRSTNAME,LASTNAME,PHONE,PROCEDURE,START_DT,END_DT,DIAGNOSIS,TESTNAME) values ('John','Jones',3128663007,'Lazer Hair removal',to_timestamp('30-NOV-20 10.45.11.000000000 PM','DD-MON-RR HH.MI.SSXFF AM'),to_timestamp('30-NOV-20 02.39.35.000000000 AM','DD-MON-RR HH.MI.SSXFF AM'),' Chikungunya','Complete blood count (CBC)');
Insert into HOSPITAL.PATIENTRECORDS (FIRSTNAME,LASTNAME,PHONE,PROCEDURE,START_DT,END_DT,DIAGNOSIS,TESTNAME) values ('Jane','Jones',3128665738,'Root Canal',to_timestamp('28-DEC-20 01.10.00.000000000 AM','DD-MON-RR HH.MI.SSXFF AM'),to_timestamp('28-DEC-20 04.31.27.000000000 AM','DD-MON-RR HH.MI.SSXFF AM'),' Campylobacteriosis','biopsy');
Insert into HOSPITAL.PATIENTRECORDS (FIRSTNAME,LASTNAME,PHONE,PROCEDURE,START_DT,END_DT,DIAGNOSIS,TESTNAME) values ('John','Brown',3128662533,'Accident treatment',to_timestamp('20-DEC-20 07.55.20.000000000 AM','DD-MON-RR HH.MI.SSXFF AM'),to_timestamp('20-DEC-20 11.48.11.000000000 AM','DD-MON-RR HH.MI.SSXFF AM'),' Bordetellosis','urine tests');
Insert into HOSPITAL.PATIENTRECORDS (FIRSTNAME,LASTNAME,PHONE,PROCEDURE,START_DT,END_DT,DIAGNOSIS,TESTNAME) values ('Jane','Brown',3128669638,'Nose surgery',to_timestamp('05-NOV-20 10.39.09.000000000 PM','DD-MON-RR HH.MI.SSXFF AM'),to_timestamp('05-NOV-20 01.51.48.000000000 AM','DD-MON-RR HH.MI.SSXFF AM'),' Avian influenza','blood tests');
Insert into HOSPITAL.PATIENTRECORDS (FIRSTNAME,LASTNAME,PHONE,PROCEDURE,START_DT,END_DT,DIAGNOSIS,TESTNAME) values ('John','Davis',3128664404,'hemorrhoid removal',to_timestamp('07-OCT-20 03.59.58.000000000 AM','DD-MON-RR HH.MI.SSXFF AM'),to_timestamp('07-OCT-20 08.03.03.000000000 AM','DD-MON-RR HH.MI.SSXFF AM'),' African swine fever','X-ray');
Insert into HOSPITAL.PATIENTRECORDS (FIRSTNAME,LASTNAME,PHONE,PROCEDURE,START_DT,END_DT,DIAGNOSIS,TESTNAME) values ('Jane','Davis',3128661879,'Thyroid surgery',to_timestamp('24-DEC-20 02.02.26.000000000 PM','DD-MON-RR HH.MI.SSXFF AM'),to_timestamp('24-DEC-20 05.25.00.000000000 PM','DD-MON-RR HH.MI.SSXFF AM'),' Adenoviruses','MRI');
Insert into HOSPITAL.PATIENTRECORDS (FIRSTNAME,LASTNAME,PHONE,PROCEDURE,START_DT,END_DT,DIAGNOSIS,TESTNAME) values ('John','Miller',3128660889,'eye transplant',to_timestamp('03-OCT-20 02.21.02.000000000 PM','DD-MON-RR HH.MI.SSXFF AM'),to_timestamp('03-OCT-20 05.54.42.000000000 PM','DD-MON-RR HH.MI.SSXFF AM'),' Yersinia pestis','CT scan');
Insert into HOSPITAL.PATIENTRECORDS (FIRSTNAME,LASTNAME,PHONE,PROCEDURE,START_DT,END_DT,DIAGNOSIS,TESTNAME) values ('Jane','Miller',3128667382,'hemorrhoid removal',to_timestamp('11-NOV-20 04.15.14.000000000 PM','DD-MON-RR HH.MI.SSXFF AM'),to_timestamp('11-NOV-20 07.58.46.000000000 PM','DD-MON-RR HH.MI.SSXFF AM'),' Yersinia enterocolitica','Drug test');
Insert into HOSPITAL.PATIENTRECORDS (FIRSTNAME,LASTNAME,PHONE,PROCEDURE,START_DT,END_DT,DIAGNOSIS,TESTNAME) values ('John','Wilson',3128664343,'hair transplant',to_timestamp('09-NOV-20 05.09.17.000000000 AM','DD-MON-RR HH.MI.SSXFF AM'),to_timestamp('09-NOV-20 08.34.02.000000000 AM','DD-MON-RR HH.MI.SSXFF AM'),' West Nile virus','HIV test');
Insert into HOSPITAL.PATIENTRECORDS (FIRSTNAME,LASTNAME,PHONE,PROCEDURE,START_DT,END_DT,DIAGNOSIS,TESTNAME) values ('Jane','Wilson',3128662663,'Lazer Hair removal',to_timestamp('09-JAN-21 04.51.32.000000000 AM','DD-MON-RR HH.MI.SSXFF AM'),to_timestamp('09-JAN-21 08.37.50.000000000 AM','DD-MON-RR HH.MI.SSXFF AM'),' Varicella','Pregnancy test');
Insert into HOSPITAL.PATIENTRECORDS (FIRSTNAME,LASTNAME,PHONE,PROCEDURE,START_DT,END_DT,DIAGNOSIS,TESTNAME) values ('John','Moore',3128660018,'Child Delivery',to_timestamp('12-DEC-20 10.54.40.000000000 PM','DD-MON-RR HH.MI.SSXFF AM'),to_timestamp('12-DEC-20 02.16.18.000000000 AM','DD-MON-RR HH.MI.SSXFF AM'),' Typhoid fever','Kidney function tests');
Insert into HOSPITAL.PATIENTRECORDS (FIRSTNAME,LASTNAME,PHONE,PROCEDURE,START_DT,END_DT,DIAGNOSIS,TESTNAME) values ('Jane','Moore',3128667585,'emergency Room',to_timestamp('12-JAN-21 07.08.28.000000000 AM','DD-MON-RR HH.MI.SSXFF AM'),to_timestamp('12-JAN-21 10.30.17.000000000 AM','DD-MON-RR HH.MI.SSXFF AM'),' Trichomoniasis','Liver function tests');
Insert into HOSPITAL.PATIENTRECORDS (FIRSTNAME,LASTNAME,PHONE,PROCEDURE,START_DT,END_DT,DIAGNOSIS,TESTNAME) values ('John','Taylor',3128668983,'colon cancer removal',to_timestamp('09-JAN-21 10.25.16.000000000 PM','DD-MON-RR HH.MI.SSXFF AM'),to_timestamp('10-JAN-21 02.06.10.000000000 AM','DD-MON-RR HH.MI.SSXFF AM'),' Syphilis','Thyroid function tests');
Insert into HOSPITAL.PATIENTRECORDS (FIRSTNAME,LASTNAME,PHONE,PROCEDURE,START_DT,END_DT,DIAGNOSIS,TESTNAME) values ('Jane','Taylor',3128661247,'Bypass surgery',to_timestamp('04-JAN-21 12.54.40.000000000 AM','DD-MON-RR HH.MI.SSXFF AM'),to_timestamp('04-JAN-21 04.20.12.000000000 AM','DD-MON-RR HH.MI.SSXFF AM'),' Streptococcus pneumoniae','Lipid panel');
Insert into HOSPITAL.PATIENTRECORDS (FIRSTNAME,LASTNAME,PHONE,PROCEDURE,START_DT,END_DT,DIAGNOSIS,TESTNAME) values ('John','Anderson',3128665747,'Breast implantation',to_timestamp('04-JAN-21 05.43.11.000000000 PM','DD-MON-RR HH.MI.SSXFF AM'),to_timestamp('04-JAN-21 09.06.20.000000000 PM','DD-MON-RR HH.MI.SSXFF AM'),' Staphylococcus aureus','Comprehensive metabolic panel (CMP)');
Insert into HOSPITAL.PATIENTRECORDS (FIRSTNAME,LASTNAME,PHONE,PROCEDURE,START_DT,END_DT,DIAGNOSIS,TESTNAME) values ('Jane','Anderson',3128661108,'bypass surgery',to_timestamp('12-DEC-20 05.29.57.000000000 AM','DD-MON-RR HH.MI.SSXFF AM'),to_timestamp('12-DEC-20 08.51.11.000000000 AM','DD-MON-RR HH.MI.SSXFF AM'),' Smallpox','Complete blood count (CBC)');
Insert into HOSPITAL.PATIENTRECORDS (FIRSTNAME,LASTNAME,PHONE,PROCEDURE,START_DT,END_DT,DIAGNOSIS,TESTNAME) values ('John','Thomas',3128669682,'Root Canal',to_timestamp('21-DEC-20 02.06.05.000000000 PM','DD-MON-RR HH.MI.SSXFF AM'),to_timestamp('21-DEC-20 05.34.25.000000000 PM','DD-MON-RR HH.MI.SSXFF AM'),' Scabies','biopsy');
Insert into HOSPITAL.PATIENTRECORDS (FIRSTNAME,LASTNAME,PHONE,PROCEDURE,START_DT,END_DT,DIAGNOSIS,TESTNAME) values ('Jane','Thomas',3128666169,'gallbladder surgery',to_timestamp('15-NOV-20 12.42.54.000000000 AM','DD-MON-RR HH.MI.SSXFF AM'),to_timestamp('15-NOV-20 04.53.27.000000000 AM','DD-MON-RR HH.MI.SSXFF AM'),' SARS','urine tests');
Insert into HOSPITAL.PATIENTRECORDS (FIRSTNAME,LASTNAME,PHONE,PROCEDURE,START_DT,END_DT,DIAGNOSIS,TESTNAME) values ('John','Jackson',3128667850,'Child Delivery',to_timestamp('24-JAN-21 10.17.27.000000000 PM','DD-MON-RR HH.MI.SSXFF AM'),to_timestamp('24-JAN-21 01.36.42.000000000 AM','DD-MON-RR HH.MI.SSXFF AM'),' Salmonellosis','blood tests');
Insert into HOSPITAL.PATIENTRECORDS (FIRSTNAME,LASTNAME,PHONE,PROCEDURE,START_DT,END_DT,DIAGNOSIS,TESTNAME) values ('Jane','Jackson',3128666011,'Root Canal',to_timestamp('24-DEC-20 09.40.40.000000000 AM','DD-MON-RR HH.MI.SSXFF AM'),to_timestamp('24-DEC-20 01.13.17.000000000 PM','DD-MON-RR HH.MI.SSXFF AM'),' Rubella','X-ray');
Insert into HOSPITAL.PATIENTRECORDS (FIRSTNAME,LASTNAME,PHONE,PROCEDURE,START_DT,END_DT,DIAGNOSIS,TESTNAME) values ('John','Harris',3128668817,'Accident treatment',to_timestamp('19-JAN-21 02.40.33.000000000 AM','DD-MON-RR HH.MI.SSXFF AM'),to_timestamp('19-JAN-21 06.08.11.000000000 AM','DD-MON-RR HH.MI.SSXFF AM'),' Rotavirus','MRI');
Insert into HOSPITAL.PATIENTRECORDS (FIRSTNAME,LASTNAME,PHONE,PROCEDURE,START_DT,END_DT,DIAGNOSIS,TESTNAME) values ('Amber','Kim',9736688638,'Accident treatment',to_timestamp('21-JAN-21 02.48.57.000000000 PM','DD-MON-RR HH.MI.SSXFF AM'),to_timestamp('21-JAN-21 06.11.19.000000000 PM','DD-MON-RR HH.MI.SSXFF AM'),' Erectile dysfunction','X-ray');
Insert into HOSPITAL.PATIENTRECORDS (FIRSTNAME,LASTNAME,PHONE,PROCEDURE,START_DT,END_DT,DIAGNOSIS,TESTNAME) values ('Andrea','Kim',9736682400,'Thyroid surgery',to_timestamp('07-FEB-21 05.17.57.000000000 AM','DD-MON-RR HH.MI.SSXFF AM'),to_timestamp('07-FEB-21 08.45.49.000000000 AM','DD-MON-RR HH.MI.SSXFF AM'),' Epidermolysis bullosa','MRI');
Insert into HOSPITAL.PATIENTRECORDS (FIRSTNAME,LASTNAME,PHONE,PROCEDURE,START_DT,END_DT,DIAGNOSIS,TESTNAME) values ('Andrew','Hernandez',9736688547,'hair transplant',to_timestamp('27-JAN-21 11.39.07.000000000 PM','DD-MON-RR HH.MI.SSXFF AM'),to_timestamp('28-JAN-21 02.04.20.000000000 AM','DD-MON-RR HH.MI.SSXFF AM'),' Endometriosis','CT scan');
Insert into HOSPITAL.PATIENTRECORDS (FIRSTNAME,LASTNAME,PHONE,PROCEDURE,START_DT,END_DT,DIAGNOSIS,TESTNAME) values ('Andy','Tran',9736682501,'Knee surgery',to_timestamp('26-JAN-21 11.58.02.000000000 AM','DD-MON-RR HH.MI.SSXFF AM'),to_timestamp('26-JAN-21 03.20.35.000000000 PM','DD-MON-RR HH.MI.SSXFF AM'),' Endocarditis','Drug test');
Insert into HOSPITAL.PATIENTRECORDS (FIRSTNAME,LASTNAME,PHONE,PROCEDURE,START_DT,END_DT,DIAGNOSIS,TESTNAME) values ('Angelina','Nguyen',9736685924,'Open heart surgery',to_timestamp('26-NOV-20 02.18.38.000000000 AM','DD-MON-RR HH.MI.SSXFF AM'),to_timestamp('26-NOV-20 05.40.46.000000000 AM','DD-MON-RR HH.MI.SSXFF AM'),' Emberger''s syndrome','HIV test');
Insert into HOSPITAL.PATIENTRECORDS (FIRSTNAME,LASTNAME,PHONE,PROCEDURE,START_DT,END_DT,DIAGNOSIS,TESTNAME) values ('Anna','Tran',9736683798,'Child Delivery',to_timestamp('27-JAN-21 06.48.16.000000000 PM','DD-MON-RR HH.MI.SSXFF AM'),to_timestamp('27-JAN-21 10.26.41.000000000 PM','DD-MON-RR HH.MI.SSXFF AM'),' Eating disorders','Pregnancy test');
Insert into HOSPITAL.PATIENTRECORDS (FIRSTNAME,LASTNAME,PHONE,PROCEDURE,START_DT,END_DT,DIAGNOSIS,TESTNAME) values ('Anthony','Kim',9736685534,'Bypass surgery',to_timestamp('04-JAN-21 12.54.40.000000000 AM','DD-MON-RR HH.MI.SSXFF AM'),to_timestamp('04-JAN-21 04.20.12.000000000 AM','DD-MON-RR HH.MI.SSXFF AM'),' Dysthymia','Kidney function tests');
Insert into HOSPITAL.PATIENTRECORDS (FIRSTNAME,LASTNAME,PHONE,PROCEDURE,START_DT,END_DT,DIAGNOSIS,TESTNAME) values ('Ashley','Kim',9736684291,'Face plastic surgery',to_timestamp('16-OCT-20 06.38.29.000000000 AM','DD-MON-RR HH.MI.SSXFF AM'),to_timestamp('16-OCT-20 10.02.26.000000000 AM','DD-MON-RR HH.MI.SSXFF AM'),' Duchenne''s muscular dystrophy','Liver function tests');
Insert into HOSPITAL.PATIENTRECORDS (FIRSTNAME,LASTNAME,PHONE,PROCEDURE,START_DT,END_DT,DIAGNOSIS,TESTNAME) values ('Ayden','Garcia',9736684912,'bypass surgery',to_timestamp('12-DEC-20 05.29.57.000000000 AM','DD-MON-RR HH.MI.SSXFF AM'),to_timestamp('12-DEC-20 08.51.11.000000000 AM','DD-MON-RR HH.MI.SSXFF AM'),' Diverticulitis','Thyroid function tests');
Insert into HOSPITAL.PATIENTRECORDS (FIRSTNAME,LASTNAME,PHONE,PROCEDURE,START_DT,END_DT,DIAGNOSIS,TESTNAME) values ('Brandon','Hernandez',9736686097,'bypass surgery',to_timestamp('12-NOV-20 04.59.01.000000000 AM','DD-MON-RR HH.MI.SSXFF AM'),to_timestamp('12-NOV-20 08.20.07.000000000 AM','DD-MON-RR HH.MI.SSXFF AM'),' Diabetic neuropathy','Lipid panel');
Insert into HOSPITAL.PATIENTRECORDS (FIRSTNAME,LASTNAME,PHONE,PROCEDURE,START_DT,END_DT,DIAGNOSIS,TESTNAME) values ('Brayden','Hernandez',9736687932,'Accident treatement',to_timestamp('27-JAN-21 06.35.19.000000000 AM','DD-MON-RR HH.MI.SSXFF AM'),to_timestamp('27-JAN-21 09.55.45.000000000 AM','DD-MON-RR HH.MI.SSXFF AM'),' Diabetic ketoacidosis','Comprehensive metabolic panel (CMP)');
Insert into HOSPITAL.PATIENTRECORDS (FIRSTNAME,LASTNAME,PHONE,PROCEDURE,START_DT,END_DT,DIAGNOSIS,TESTNAME) values ('Brianna','Kim',9736684230,'eye transplant',to_timestamp('24-OCT-20 08.18.38.000000000 PM','DD-MON-RR HH.MI.SSXFF AM'),to_timestamp('24-OCT-20 11.38.02.000000000 PM','DD-MON-RR HH.MI.SSXFF AM'),' Diabetes mellitus','Complete blood count (CBC)');
Insert into HOSPITAL.PATIENTRECORDS (FIRSTNAME,LASTNAME,PHONE,PROCEDURE,START_DT,END_DT,DIAGNOSIS,TESTNAME) values ('Cameron','Hernandez',9736680839,'bypass surgery',to_timestamp('12-DEC-20 05.29.57.000000000 AM','DD-MON-RR HH.MI.SSXFF AM'),to_timestamp('12-DEC-20 08.51.11.000000000 AM','DD-MON-RR HH.MI.SSXFF AM'),' Dermatomyositis','biopsy');
Insert into HOSPITAL.PATIENTRECORDS (FIRSTNAME,LASTNAME,PHONE,PROCEDURE,START_DT,END_DT,DIAGNOSIS,TESTNAME) values ('Carla','Tran',9736685770,'Root Canal',to_timestamp('21-DEC-20 02.06.05.000000000 PM','DD-MON-RR HH.MI.SSXFF AM'),to_timestamp('21-DEC-20 05.34.25.000000000 PM','DD-MON-RR HH.MI.SSXFF AM'),' Dermatitis','urine tests');
Insert into HOSPITAL.PATIENTRECORDS (FIRSTNAME,LASTNAME,PHONE,PROCEDURE,START_DT,END_DT,DIAGNOSIS,TESTNAME) values ('Carlos','Tran',9736682013,'gallbladder surgery',to_timestamp('30-JAN-21 10.02.35.000000000 AM','DD-MON-RR HH.MI.SSXFF AM'),to_timestamp('30-JAN-21 01.24.30.000000000 PM','DD-MON-RR HH.MI.SSXFF AM'),' Dementia','blood tests');
Insert into HOSPITAL.PATIENTRECORDS (FIRSTNAME,LASTNAME,PHONE,PROCEDURE,START_DT,END_DT,DIAGNOSIS,TESTNAME) values ('Cayden','Tran',9736686206,'Thyroid surgery',to_timestamp('07-FEB-21 05.17.57.000000000 AM','DD-MON-RR HH.MI.SSXFF AM'),to_timestamp('07-FEB-21 08.45.49.000000000 AM','DD-MON-RR HH.MI.SSXFF AM'),' Cystic fibrosis','X-ray');
Insert into HOSPITAL.PATIENTRECORDS (FIRSTNAME,LASTNAME,PHONE,PROCEDURE,START_DT,END_DT,DIAGNOSIS,TESTNAME) values ('Christopher','Kim',9736680320,'Nose surgery',to_timestamp('03-OCT-20 07.24.17.000000000 PM','DD-MON-RR HH.MI.SSXFF AM'),to_timestamp('03-OCT-20 10.55.21.000000000 PM','DD-MON-RR HH.MI.SSXFF AM'),' Cyclic vomiting syndrome','MRI');
Insert into HOSPITAL.PATIENTRECORDS (FIRSTNAME,LASTNAME,PHONE,PROCEDURE,START_DT,END_DT,DIAGNOSIS,TESTNAME) values ('Daisy','Tran',9736689902,'Nose surgery',to_timestamp('08-FEB-21 04.45.57.000000000 PM','DD-MON-RR HH.MI.SSXFF AM'),to_timestamp('08-FEB-21 08.07.32.000000000 PM','DD-MON-RR HH.MI.SSXFF AM'),' Cushing''s disease','CT scan');
Insert into HOSPITAL.PATIENTRECORDS (FIRSTNAME,LASTNAME,PHONE,PROCEDURE,START_DT,END_DT,DIAGNOSIS,TESTNAME) values ('Daniel','Hernandez',9736680740,'Accident treatement',to_timestamp('07-OCT-20 12.23.55.000000000 AM','DD-MON-RR HH.MI.SSXFF AM'),to_timestamp('07-OCT-20 03.08.32.000000000 AM','DD-MON-RR HH.MI.SSXFF AM'),' Crohn''s disease','Drug test');
Insert into HOSPITAL.PATIENTRECORDS (FIRSTNAME,LASTNAME,PHONE,PROCEDURE,START_DT,END_DT,DIAGNOSIS,TESTNAME) values ('David','Kim',9736682574,'bypass surgery',to_timestamp('12-NOV-20 04.59.01.000000000 AM','DD-MON-RR HH.MI.SSXFF AM'),to_timestamp('12-NOV-20 08.20.07.000000000 AM','DD-MON-RR HH.MI.SSXFF AM'),' Coronary artery disease','HIV test');
Insert into HOSPITAL.PATIENTRECORDS (FIRSTNAME,LASTNAME,PHONE,PROCEDURE,START_DT,END_DT,DIAGNOSIS,TESTNAME) values ('Dawson','Tran',9736680390,'Child Delivery',to_timestamp('05-DEC-20 07.52.09.000000000 PM','DD-MON-RR HH.MI.SSXFF AM'),to_timestamp('05-DEC-20 11.23.05.000000000 PM','DD-MON-RR HH.MI.SSXFF AM'),' contact dermatitis','Pregnancy test');
Insert into HOSPITAL.PATIENTRECORDS (FIRSTNAME,LASTNAME,PHONE,PROCEDURE,START_DT,END_DT,DIAGNOSIS,TESTNAME) values ('Dylan','Tran',9736685712,'hair transplant',to_timestamp('09-NOV-20 05.09.17.000000000 AM','DD-MON-RR HH.MI.SSXFF AM'),to_timestamp('09-NOV-20 08.34.02.000000000 AM','DD-MON-RR HH.MI.SSXFF AM'),' Conn''s syndrome','Kidney function tests');
Insert into HOSPITAL.PATIENTRECORDS (FIRSTNAME,LASTNAME,PHONE,PROCEDURE,START_DT,END_DT,DIAGNOSIS,TESTNAME) values ('Eli','Kim',9736688855,'Thyroid surgery',to_timestamp('24-DEC-20 02.02.26.000000000 PM','DD-MON-RR HH.MI.SSXFF AM'),to_timestamp('24-DEC-20 05.25.00.000000000 PM','DD-MON-RR HH.MI.SSXFF AM'),' Congestive heart failure','Liver function tests');
Insert into HOSPITAL.PATIENTRECORDS (FIRSTNAME,LASTNAME,PHONE,PROCEDURE,START_DT,END_DT,DIAGNOSIS,TESTNAME) values ('Elijah','Kim',9736686625,'gallbladder surgery',to_timestamp('02-NOV-20 01.03.50.000000000 AM','DD-MON-RR HH.MI.SSXFF AM'),to_timestamp('02-NOV-20 04.27.08.000000000 AM','DD-MON-RR HH.MI.SSXFF AM'),' Cold agglutinin disease','Thyroid function tests');
Insert into HOSPITAL.PATIENTRECORDS (FIRSTNAME,LASTNAME,PHONE,PROCEDURE,START_DT,END_DT,DIAGNOSIS,TESTNAME) values ('Eliza','Tran',9736686486,'Lazer Hair removal',to_timestamp('30-NOV-20 10.45.11.000000000 PM','DD-MON-RR HH.MI.SSXFF AM'),to_timestamp('30-NOV-20 02.39.35.000000000 AM','DD-MON-RR HH.MI.SSXFF AM'),' Coarctation of the aorta','Lipid panel');
Insert into HOSPITAL.PATIENTRECORDS (FIRSTNAME,LASTNAME,PHONE,PROCEDURE,START_DT,END_DT,DIAGNOSIS,TESTNAME) values ('Elizabeth','Tran',9736687834,'colon cancer removal',to_timestamp('23-OCT-20 05.01.18.000000000 PM','DD-MON-RR HH.MI.SSXFF AM'),to_timestamp('23-OCT-20 08.25.20.000000000 PM','DD-MON-RR HH.MI.SSXFF AM'),' Clubfoot','Comprehensive metabolic panel (CMP)');
Insert into HOSPITAL.PATIENTRECORDS (FIRSTNAME,LASTNAME,PHONE,PROCEDURE,START_DT,END_DT,DIAGNOSIS,TESTNAME) values ('Ella','Tran',9736682961,'hemorrhoid removal',to_timestamp('10-FEB-21 08.55.59.000000000 AM','DD-MON-RR HH.MI.SSXFF AM'),to_timestamp('10-FEB-21 12.28.02.000000000 PM','DD-MON-RR HH.MI.SSXFF AM'),' Cleft lip and palate','Complete blood count (CBC)');
Insert into HOSPITAL.PATIENTRECORDS (FIRSTNAME,LASTNAME,PHONE,PROCEDURE,START_DT,END_DT,DIAGNOSIS,TESTNAME) values ('Emily','Tran',9736686684,'Nose surgery',to_timestamp('03-OCT-20 07.24.17.000000000 PM','DD-MON-RR HH.MI.SSXFF AM'),to_timestamp('03-OCT-20 10.55.21.000000000 PM','DD-MON-RR HH.MI.SSXFF AM'),' Cirrhosis','biopsy');
Insert into HOSPITAL.PATIENTRECORDS (FIRSTNAME,LASTNAME,PHONE,PROCEDURE,START_DT,END_DT,DIAGNOSIS,TESTNAME) values ('Ethan','Kim',9736681443,'Breast implantation',to_timestamp('06-OCT-20 05.12.45.000000000 AM','DD-MON-RR HH.MI.SSXFF AM'),to_timestamp('06-OCT-20 08.38.07.000000000 AM','DD-MON-RR HH.MI.SSXFF AM'),' Chronic obstructive pulmonary disease','urine tests');
Insert into HOSPITAL.PATIENTRECORDS (FIRSTNAME,LASTNAME,PHONE,PROCEDURE,START_DT,END_DT,DIAGNOSIS,TESTNAME) values ('Eva','Tran',9736688279,'Lazer Hair removal',to_timestamp('23-OCT-20 10.44.02.000000000 PM','DD-MON-RR HH.MI.SSXFF AM'),to_timestamp('23-OCT-20 02.05.34.000000000 AM','DD-MON-RR HH.MI.SSXFF AM'),' Chronic myelogenous leukemia','blood tests');
Insert into HOSPITAL.PATIENTRECORDS (FIRSTNAME,LASTNAME,PHONE,PROCEDURE,START_DT,END_DT,DIAGNOSIS,TESTNAME) values ('Gavin','Tran',9736685582,'Open heart surgery',to_timestamp('29-DEC-20 10.05.26.000000000 PM','DD-MON-RR HH.MI.SSXFF AM'),to_timestamp('30-DEC-20 02.48.24.000000000 AM','DD-MON-RR HH.MI.SSXFF AM'),' Chronic lymphocytic leukemia','X-ray');
Insert into HOSPITAL.PATIENTRECORDS (FIRSTNAME,LASTNAME,PHONE,PROCEDURE,START_DT,END_DT,DIAGNOSIS,TESTNAME) values ('Hayden','Tran',9736680357,'Open heart surgery',to_timestamp('29-DEC-20 10.05.26.000000000 PM','DD-MON-RR HH.MI.SSXFF AM'),to_timestamp('30-DEC-20 02.48.24.000000000 AM','DD-MON-RR HH.MI.SSXFF AM'),' Chronic kidney disease','MRI');
Insert into HOSPITAL.PATIENTRECORDS (FIRSTNAME,LASTNAME,PHONE,PROCEDURE,START_DT,END_DT,DIAGNOSIS,TESTNAME) values ('Ian','Tran',9736683158,'Face plastic surgery',to_timestamp('16-OCT-20 06.38.29.000000000 AM','DD-MON-RR HH.MI.SSXFF AM'),to_timestamp('16-OCT-20 10.02.26.000000000 AM','DD-MON-RR HH.MI.SSXFF AM'),' Chronic fatigue syndrome','CT scan');
Insert into HOSPITAL.PATIENTRECORDS (FIRSTNAME,LASTNAME,PHONE,PROCEDURE,START_DT,END_DT,DIAGNOSIS,TESTNAME) values ('Isaac','Kim',9736685451,'Accident treatment',to_timestamp('21-JAN-21 02.48.57.000000000 PM','DD-MON-RR HH.MI.SSXFF AM'),to_timestamp('21-JAN-21 06.11.19.000000000 PM','DD-MON-RR HH.MI.SSXFF AM'),' Chalazion','Drug test');
Insert into HOSPITAL.PATIENTRECORDS (FIRSTNAME,LASTNAME,PHONE,PROCEDURE,START_DT,END_DT,DIAGNOSIS,TESTNAME) values ('Isaiah','Tran',9736683861,'bypass surgery',to_timestamp('27-DEC-20 06.19.11.000000000 AM','DD-MON-RR HH.MI.SSXFF AM'),to_timestamp('27-DEC-20 09.47.17.000000000 AM','DD-MON-RR HH.MI.SSXFF AM'),' Cervical cancer','HIV test');
Insert into HOSPITAL.PATIENTRECORDS (FIRSTNAME,LASTNAME,PHONE,PROCEDURE,START_DT,END_DT,DIAGNOSIS,TESTNAME) values ('Jacob','Tran',9736682272,'Lazer Hair removal',to_timestamp('09-JAN-21 04.51.32.000000000 AM','DD-MON-RR HH.MI.SSXFF AM'),to_timestamp('09-JAN-21 08.37.50.000000000 AM','DD-MON-RR HH.MI.SSXFF AM'),' Bursitis','Pregnancy test');
Insert into HOSPITAL.PATIENTRECORDS (FIRSTNAME,LASTNAME,PHONE,PROCEDURE,START_DT,END_DT,DIAGNOSIS,TESTNAME) values ('Jacqueline','Tran',9736684576,'Thyroid surgery',to_timestamp('27-DEC-20 03.40.30.000000000 PM','DD-MON-RR HH.MI.SSXFF AM'),to_timestamp('27-DEC-20 06.33.59.000000000 PM','DD-MON-RR HH.MI.SSXFF AM'),' Bulimia nervosa','Kidney function tests');
Insert into HOSPITAL.PATIENTRECORDS (FIRSTNAME,LASTNAME,PHONE,PROCEDURE,START_DT,END_DT,DIAGNOSIS,TESTNAME) values ('Jared','Kim',9736689459,'colon cancer removal',to_timestamp('01-NOV-20 03.43.33.000000000 PM','DD-MON-RR HH.MI.SSXFF AM'),to_timestamp('01-NOV-20 06.45.36.000000000 PM','DD-MON-RR HH.MI.SSXFF AM'),' Bronchitis','Liver function tests');
Insert into HOSPITAL.PATIENTRECORDS (FIRSTNAME,LASTNAME,PHONE,PROCEDURE,START_DT,END_DT,DIAGNOSIS,TESTNAME) values ('Jason','Tran',9736681909,'Accident treatement',to_timestamp('27-JAN-21 06.35.19.000000000 AM','DD-MON-RR HH.MI.SSXFF AM'),to_timestamp('27-JAN-21 09.55.45.000000000 AM','DD-MON-RR HH.MI.SSXFF AM'),' Brain abscess','Thyroid function tests');
Insert into HOSPITAL.PATIENTRECORDS (FIRSTNAME,LASTNAME,PHONE,PROCEDURE,START_DT,END_DT,DIAGNOSIS,TESTNAME) values ('Javier','Tran',9736681434,'colon cancer removal',to_timestamp('01-NOV-20 03.43.33.000000000 PM','DD-MON-RR HH.MI.SSXFF AM'),to_timestamp('01-NOV-20 06.45.36.000000000 PM','DD-MON-RR HH.MI.SSXFF AM'),' Brain cancer','Lipid panel');
Insert into HOSPITAL.PATIENTRECORDS (FIRSTNAME,LASTNAME,PHONE,PROCEDURE,START_DT,END_DT,DIAGNOSIS,TESTNAME) values ('Jaxon','Tran',9736689679,'Knee surgery',to_timestamp('01-NOV-20 06.08.03.000000000 PM','DD-MON-RR HH.MI.SSXFF AM'),to_timestamp('02-NOV-20 04.08.03.000000000 PM','DD-MON-RR HH.MI.SSXFF AM'),' Bone cancer','Comprehensive metabolic panel (CMP)');
Insert into HOSPITAL.PATIENTRECORDS (FIRSTNAME,LASTNAME,PHONE,PROCEDURE,START_DT,END_DT,DIAGNOSIS,TESTNAME) values ('Jayden','Tran',9736680042,'Bypass surgery',to_timestamp('16-OCT-20 04.29.11.000000000 AM','DD-MON-RR HH.MI.SSXFF AM'),to_timestamp('16-JAN-21 06.32.32.000000000 AM','DD-MON-RR HH.MI.SSXFF AM'),' Bladder cancer','Complete blood count (CBC)');
Insert into HOSPITAL.PATIENTRECORDS (FIRSTNAME,LASTNAME,PHONE,PROCEDURE,START_DT,END_DT,DIAGNOSIS,TESTNAME) values ('Jeremy','Kim',9736683069,'bypass surgery',to_timestamp('12-NOV-20 04.59.01.000000000 AM','DD-MON-RR HH.MI.SSXFF AM'),to_timestamp('12-NOV-20 08.20.07.000000000 AM','DD-MON-RR HH.MI.SSXFF AM'),' Bipolar disorder','biopsy');
Insert into HOSPITAL.PATIENTRECORDS (FIRSTNAME,LASTNAME,PHONE,PROCEDURE,START_DT,END_DT,DIAGNOSIS,TESTNAME) values ('George','Washingtonn',9736680859,'Accident treatement',to_timestamp('07-OCT-20 12.23.55.000000000 AM','DD-MON-RR HH.MI.SSXFF AM'),to_timestamp('07-OCT-20 03.08.32.000000000 AM','DD-MON-RR HH.MI.SSXFF AM'),' Biliary atresia','urine tests');
Insert into HOSPITAL.PATIENTRECORDS (FIRSTNAME,LASTNAME,PHONE,PROCEDURE,START_DT,END_DT,DIAGNOSIS,TESTNAME) values ('John','Adamsmith',9736681870,'hemorrhoid removal',to_timestamp('01-OCT-20 11.21.19.000000000 AM','DD-MON-RR HH.MI.SSXFF AM'),to_timestamp('01-OCT-20 02.44.10.000000000 PM','DD-MON-RR HH.MI.SSXFF AM'),' Benign prostatic hyperplasia','blood tests');
Insert into HOSPITAL.PATIENTRECORDS (FIRSTNAME,LASTNAME,PHONE,PROCEDURE,START_DT,END_DT,DIAGNOSIS,TESTNAME) values ('Tom','Jefferson',9736684942,'Thyroid surgery',to_timestamp('27-DEC-20 03.40.30.000000000 PM','DD-MON-RR HH.MI.SSXFF AM'),to_timestamp('27-DEC-20 06.33.59.000000000 PM','DD-MON-RR HH.MI.SSXFF AM'),' Bell''s palsy','X-ray');
Insert into HOSPITAL.PATIENTRECORDS (FIRSTNAME,LASTNAME,PHONE,PROCEDURE,START_DT,END_DT,DIAGNOSIS,TESTNAME) values ('Jack','Madison',9736684484,'Lazer Hair removal',to_timestamp('09-JAN-21 04.51.32.000000000 AM','DD-MON-RR HH.MI.SSXFF AM'),to_timestamp('09-JAN-21 08.37.50.000000000 AM','DD-MON-RR HH.MI.SSXFF AM'),' Avascular necrosis','MRI');
Insert into HOSPITAL.PATIENTRECORDS (FIRSTNAME,LASTNAME,PHONE,PROCEDURE,START_DT,END_DT,DIAGNOSIS,TESTNAME) values ('James','Monro',9736683158,'Open heart surgery',to_timestamp('26-NOV-20 02.18.38.000000000 AM','DD-MON-RR HH.MI.SSXFF AM'),to_timestamp('26-NOV-20 05.40.46.000000000 AM','DD-MON-RR HH.MI.SSXFF AM'),' Autoimmune hepatitis','CT scan');
Insert into HOSPITAL.PATIENTRECORDS (FIRSTNAME,LASTNAME,PHONE,PROCEDURE,START_DT,END_DT,DIAGNOSIS,TESTNAME) values ('John','Quinccy',9736683482,'Lazer Hair removal',to_timestamp('23-OCT-20 10.44.02.000000000 PM','DD-MON-RR HH.MI.SSXFF AM'),to_timestamp('23-OCT-20 02.05.34.000000000 AM','DD-MON-RR HH.MI.SSXFF AM'),' Autoimmune hemolytic anemia','Drug test');
Insert into HOSPITAL.PATIENTRECORDS (FIRSTNAME,LASTNAME,PHONE,PROCEDURE,START_DT,END_DT,DIAGNOSIS,TESTNAME) values ('Andrew','Jackie',9736682831,'Accident treatment',to_timestamp('05-OCT-20 11.20.55.000000000 PM','DD-MON-RR HH.MI.SSXFF AM'),to_timestamp('06-OCT-20 03.13.04.000000000 AM','DD-MON-RR HH.MI.SSXFF AM'),' Autism','HIV test');
Insert into HOSPITAL.PATIENTRECORDS (FIRSTNAME,LASTNAME,PHONE,PROCEDURE,START_DT,END_DT,DIAGNOSIS,TESTNAME) values ('Martin','Vannesse',9736686520,'Child Delivery',to_timestamp('14-DEC-20 04.04.22.000000000 AM','DD-MON-RR HH.MI.SSXFF AM'),to_timestamp('14-DEC-20 07.37.51.000000000 AM','DD-MON-RR HH.MI.SSXFF AM'),' Attention deficit hyperactivity disorder','Pregnancy test');
Insert into HOSPITAL.PATIENTRECORDS (FIRSTNAME,LASTNAME,PHONE,PROCEDURE,START_DT,END_DT,DIAGNOSIS,TESTNAME) values ('William','Henryson',9736687811,'bypass surgery',to_timestamp('12-NOV-20 04.59.01.000000000 AM','DD-MON-RR HH.MI.SSXFF AM'),to_timestamp('12-NOV-20 08.20.07.000000000 AM','DD-MON-RR HH.MI.SSXFF AM'),' Atopic dermatitis','Kidney function tests');
Insert into HOSPITAL.PATIENTRECORDS (FIRSTNAME,LASTNAME,PHONE,PROCEDURE,START_DT,END_DT,DIAGNOSIS,TESTNAME) values ('John','Tylerson',9736683476,'Accident treatement',to_timestamp('10-NOV-20 04.43.49.000000000 AM','DD-MON-RR HH.MI.SSXFF AM'),to_timestamp('10-NOV-20 08.22.51.000000000 AM','DD-MON-RR HH.MI.SSXFF AM'),' Atherosclerosis','Liver function tests');
Insert into HOSPITAL.PATIENTRECORDS (FIRSTNAME,LASTNAME,PHONE,PROCEDURE,START_DT,END_DT,DIAGNOSIS,TESTNAME) values ('James','Polk',4703997817,'Nose surgery',to_timestamp('08-FEB-21 04.45.57.000000000 PM','DD-MON-RR HH.MI.SSXFF AM'),to_timestamp('08-FEB-21 08.07.32.000000000 PM','DD-MON-RR HH.MI.SSXFF AM'),' Arrhythmias','Thyroid function tests');
Insert into HOSPITAL.PATIENTRECORDS (FIRSTNAME,LASTNAME,PHONE,PROCEDURE,START_DT,END_DT,DIAGNOSIS,TESTNAME) values ('Zachary','Taylorson',4703995511,'hemorrhoid removal',to_timestamp('07-OCT-20 03.59.58.000000000 AM','DD-MON-RR HH.MI.SSXFF AM'),to_timestamp('07-OCT-20 08.03.03.000000000 AM','DD-MON-RR HH.MI.SSXFF AM'),' Appendicitis','Lipid panel');
Insert into HOSPITAL.PATIENTRECORDS (FIRSTNAME,LASTNAME,PHONE,PROCEDURE,START_DT,END_DT,DIAGNOSIS,TESTNAME) values ('Millard','Fillmorie',4703998269,'hemorrhoid removal',to_timestamp('11-NOV-20 04.15.14.000000000 PM','DD-MON-RR HH.MI.SSXFF AM'),to_timestamp('11-NOV-20 07.58.46.000000000 PM','DD-MON-RR HH.MI.SSXFF AM'),' Aortic stenosis','Comprehensive metabolic panel (CMP)');
Insert into HOSPITAL.PATIENTRECORDS (FIRSTNAME,LASTNAME,PHONE,PROCEDURE,START_DT,END_DT,DIAGNOSIS,TESTNAME) values ('Franklin','Piercee',4703997219,'emergency Room',to_timestamp('04-NOV-20 11.29.40.000000000 AM','DD-MON-RR HH.MI.SSXFF AM'),to_timestamp('04-NOV-20 03.27.58.000000000 PM','DD-MON-RR HH.MI.SSXFF AM'),' Aortic aneurysm','Complete blood count (CBC)');
Insert into HOSPITAL.PATIENTRECORDS (FIRSTNAME,LASTNAME,PHONE,PROCEDURE,START_DT,END_DT,DIAGNOSIS,TESTNAME) values ('James','Buchananson',4703991626,'emergency Room',to_timestamp('12-JAN-21 07.08.28.000000000 AM','DD-MON-RR HH.MI.SSXFF AM'),to_timestamp('12-JAN-21 10.30.17.000000000 AM','DD-MON-RR HH.MI.SSXFF AM'),' Angina','biopsy');
Insert into HOSPITAL.PATIENTRECORDS (FIRSTNAME,LASTNAME,PHONE,PROCEDURE,START_DT,END_DT,DIAGNOSIS,TESTNAME) values ('Abraham','Lincolnn',4703998535,'colon cancer removal',to_timestamp('27-DEC-20 12.48.11.000000000 PM','DD-MON-RR HH.MI.SSXFF AM'),to_timestamp('27-DEC-20 04.33.25.000000000 PM','DD-MON-RR HH.MI.SSXFF AM'),' Anemia','urine tests');
Insert into HOSPITAL.PATIENTRECORDS (FIRSTNAME,LASTNAME,PHONE,PROCEDURE,START_DT,END_DT,DIAGNOSIS,TESTNAME) values ('Andrew','Johnsonson',4703993510,'Accident treatment',to_timestamp('21-JAN-21 02.48.57.000000000 PM','DD-MON-RR HH.MI.SSXFF AM'),to_timestamp('21-JAN-21 06.11.19.000000000 PM','DD-MON-RR HH.MI.SSXFF AM'),' Amenorrhea','blood tests');
Insert into HOSPITAL.PATIENTRECORDS (FIRSTNAME,LASTNAME,PHONE,PROCEDURE,START_DT,END_DT,DIAGNOSIS,TESTNAME) values ('Ulysses','Grantsomn',4703996050,'Accident treatement',to_timestamp('05-NOV-20 04.03.08.000000000 AM','DD-MON-RR HH.MI.SSXFF AM'),to_timestamp('05-NOV-20 07.27.07.000000000 AM','DD-MON-RR HH.MI.SSXFF AM'),' Alzheimer''s disease','X-ray');
Insert into HOSPITAL.PATIENTRECORDS (FIRSTNAME,LASTNAME,PHONE,PROCEDURE,START_DT,END_DT,DIAGNOSIS,TESTNAME) values ('Rutherford','Hayess',4703996772,'hair transplant',to_timestamp('27-JAN-21 11.39.07.000000000 PM','DD-MON-RR HH.MI.SSXFF AM'),to_timestamp('28-JAN-21 02.04.20.000000000 AM','DD-MON-RR HH.MI.SSXFF AM'),' Alcoholic hepatitis','MRI');
Insert into HOSPITAL.PATIENTRECORDS (FIRSTNAME,LASTNAME,PHONE,PROCEDURE,START_DT,END_DT,DIAGNOSIS,TESTNAME) values ('James','Garfieldson',4703999070,'Child Delivery',to_timestamp('14-DEC-20 04.04.22.000000000 AM','DD-MON-RR HH.MI.SSXFF AM'),to_timestamp('14-DEC-20 07.37.51.000000000 AM','DD-MON-RR HH.MI.SSXFF AM'),' Alcohol dependence','CT scan');
Insert into HOSPITAL.PATIENTRECORDS (FIRSTNAME,LASTNAME,PHONE,PROCEDURE,START_DT,END_DT,DIAGNOSIS,TESTNAME) values ('Chester','Arthurr',4703991458,'Bypass surgery',to_timestamp('17-JAN-21 06.47.01.000000000 AM','DD-MON-RR HH.MI.SSXFF AM'),to_timestamp('17-JAN-21 10.27.46.000000000 AM','DD-MON-RR HH.MI.SSXFF AM'),' AIDS-related complex','Drug test');
Insert into HOSPITAL.PATIENTRECORDS (FIRSTNAME,LASTNAME,PHONE,PROCEDURE,START_DT,END_DT,DIAGNOSIS,TESTNAME) values ('Grover','Clevelandd',4703998104,'Knee surgery',to_timestamp('25-NOV-20 10.24.40.000000000 AM','DD-MON-RR HH.MI.SSXFF AM'),to_timestamp('25-NOV-20 01.59.29.000000000 PM','DD-MON-RR HH.MI.SSXFF AM'),' Addison''s disease','HIV test');
Insert into HOSPITAL.PATIENTRECORDS (FIRSTNAME,LASTNAME,PHONE,PROCEDURE,START_DT,END_DT,DIAGNOSIS,TESTNAME) values ('Benjamin','Harrisson',4703992116,'emergency Room',to_timestamp('04-NOV-20 11.29.40.000000000 AM','DD-MON-RR HH.MI.SSXFF AM'),to_timestamp('04-NOV-20 03.27.58.000000000 PM','DD-MON-RR HH.MI.SSXFF AM'),' Acute respiratory distress syndrome','Pregnancy test');
Insert into HOSPITAL.PATIENTRECORDS (FIRSTNAME,LASTNAME,PHONE,PROCEDURE,START_DT,END_DT,DIAGNOSIS,TESTNAME) values ('Grover','Clevelando',4703990242,'Knee surgery',to_timestamp('01-DEC-20 10.48.00.000000000 AM','DD-MON-RR HH.MI.SSXFF AM'),to_timestamp('01-DEC-20 02.21.20.000000000 PM','DD-MON-RR HH.MI.SSXFF AM'),' Acute kidney injury','Kidney function tests');
Insert into HOSPITAL.PATIENTRECORDS (FIRSTNAME,LASTNAME,PHONE,PROCEDURE,START_DT,END_DT,DIAGNOSIS,TESTNAME) values ('William','McKinleyy',4703998075,'bypass surgery',to_timestamp('05-NOV-20 09.54.11.000000000 AM','DD-MON-RR HH.MI.SSXFF AM'),to_timestamp('05-NOV-20 01.27.22.000000000 PM','DD-MON-RR HH.MI.SSXFF AM'),' Acute coronary syndrome','Liver function tests');
Insert into HOSPITAL.PATIENTRECORDS (FIRSTNAME,LASTNAME,PHONE,PROCEDURE,START_DT,END_DT,DIAGNOSIS,TESTNAME) values ('Theodore','Roosevelt',4703993438,'Nose surgery',to_timestamp('07-FEB-21 04.39.03.000000000 AM','DD-MON-RR HH.MI.SSXFF AM'),to_timestamp('07-FEB-21 08.05.14.000000000 AM','DD-MON-RR HH.MI.SSXFF AM'),' Acanthosis nigricans','Thyroid function tests');
Insert into HOSPITAL.PATIENTRECORDS (FIRSTNAME,LASTNAME,PHONE,PROCEDURE,START_DT,END_DT,DIAGNOSIS,TESTNAME) values ('William','Howard',4703993900,'Child Delivery',to_timestamp('10-DEC-20 03.40.49.000000000 AM','DD-MON-RR HH.MI.SSXFF AM'),to_timestamp('10-DEC-20 06.59.52.000000000 AM','DD-MON-RR HH.MI.SSXFF AM'),' Wilson''s disease','Lipid panel');
Insert into HOSPITAL.PATIENTRECORDS (FIRSTNAME,LASTNAME,PHONE,PROCEDURE,START_DT,END_DT,DIAGNOSIS,TESTNAME) values ('Woodrow','Wilson',4703994436,'Root Canal',to_timestamp('21-NOV-20 11.29.35.000000000 AM','DD-MON-RR HH.MI.SSXFF AM'),to_timestamp('21-NOV-20 02.56.41.000000000 PM','DD-MON-RR HH.MI.SSXFF AM'),' Werner syndrome','Comprehensive metabolic panel (CMP)');
Insert into HOSPITAL.PATIENTRECORDS (FIRSTNAME,LASTNAME,PHONE,PROCEDURE,START_DT,END_DT,DIAGNOSIS,TESTNAME) values ('Warren','Harding',4703996200,'Accident treatement',to_timestamp('08-NOV-20 07.16.05.000000000 AM','DD-MON-RR HH.MI.SSXFF AM'),to_timestamp('08-NOV-20 10.51.50.000000000 AM','DD-MON-RR HH.MI.SSXFF AM'),' Vitamin D deficiency','Complete blood count (CBC)');
Insert into HOSPITAL.PATIENTRECORDS (FIRSTNAME,LASTNAME,PHONE,PROCEDURE,START_DT,END_DT,DIAGNOSIS,TESTNAME) values ('Calvin','Coolidge',4703992445,'Child Delivery',to_timestamp('10-DEC-20 03.40.49.000000000 AM','DD-MON-RR HH.MI.SSXFF AM'),to_timestamp('10-DEC-20 06.59.52.000000000 AM','DD-MON-RR HH.MI.SSXFF AM'),' Venous thromboembolism (VTE)','biopsy');
Insert into HOSPITAL.PATIENTRECORDS (FIRSTNAME,LASTNAME,PHONE,PROCEDURE,START_DT,END_DT,DIAGNOSIS,TESTNAME) values ('Herbert','Hoover',4703995428,'Accident treatment',to_timestamp('19-JAN-21 02.40.33.000000000 AM','DD-MON-RR HH.MI.SSXFF AM'),to_timestamp('19-JAN-21 06.08.11.000000000 AM','DD-MON-RR HH.MI.SSXFF AM'),' Varicose veins','urine tests');
Insert into HOSPITAL.PATIENTRECORDS (FIRSTNAME,LASTNAME,PHONE,PROCEDURE,START_DT,END_DT,DIAGNOSIS,TESTNAME) values ('Franklin','Roosevelt',4703998153,'Nose surgery',to_timestamp('07-FEB-21 04.39.03.000000000 AM','DD-MON-RR HH.MI.SSXFF AM'),to_timestamp('07-FEB-21 08.05.14.000000000 AM','DD-MON-RR HH.MI.SSXFF AM'),' Urinary tract infection (UTI)','blood tests');
Insert into HOSPITAL.PATIENTRECORDS (FIRSTNAME,LASTNAME,PHONE,PROCEDURE,START_DT,END_DT,DIAGNOSIS,TESTNAME) values ('Harry','Truman',4703995039,'Thyroid surgery',to_timestamp('11-JAN-21 02.24.50.000000000 AM','DD-MON-RR HH.MI.SSXFF AM'),to_timestamp('11-JAN-21 06.05.34.000000000 AM','DD-MON-RR HH.MI.SSXFF AM'),' Ulcerative colitis','X-ray');
Insert into HOSPITAL.PATIENTRECORDS (FIRSTNAME,LASTNAME,PHONE,PROCEDURE,START_DT,END_DT,DIAGNOSIS,TESTNAME) values ('Dwight','Eisenhower',4703990170,'Accident treatement',to_timestamp('27-JAN-21 06.35.19.000000000 AM','DD-MON-RR HH.MI.SSXFF AM'),to_timestamp('27-JAN-21 09.55.45.000000000 AM','DD-MON-RR HH.MI.SSXFF AM'),' Tourette''s syndrome','MRI');
Insert into HOSPITAL.PATIENTRECORDS (FIRSTNAME,LASTNAME,PHONE,PROCEDURE,START_DT,END_DT,DIAGNOSIS,TESTNAME) values ('John','Kennedy',4703990514,'bypass surgery',to_timestamp('12-DEC-20 05.29.57.000000000 AM','DD-MON-RR HH.MI.SSXFF AM'),to_timestamp('12-DEC-20 08.51.11.000000000 AM','DD-MON-RR HH.MI.SSXFF AM'),' Thyroid disease','CT scan');
Insert into HOSPITAL.PATIENTRECORDS (FIRSTNAME,LASTNAME,PHONE,PROCEDURE,START_DT,END_DT,DIAGNOSIS,TESTNAME) values ('Lyndon','Johnson',4703996999,'Accident treatment',to_timestamp('21-JAN-21 02.48.57.000000000 PM','DD-MON-RR HH.MI.SSXFF AM'),to_timestamp('21-JAN-21 06.11.19.000000000 PM','DD-MON-RR HH.MI.SSXFF AM'),' Thyroid cancer','Drug test');
Insert into HOSPITAL.PATIENTRECORDS (FIRSTNAME,LASTNAME,PHONE,PROCEDURE,START_DT,END_DT,DIAGNOSIS,TESTNAME) values ('Richard','Nixon',4703990759,'Nose surgery',to_timestamp('03-OCT-20 07.24.17.000000000 PM','DD-MON-RR HH.MI.SSXFF AM'),to_timestamp('03-OCT-20 10.55.21.000000000 PM','DD-MON-RR HH.MI.SSXFF AM'),' Sleep apnea','HIV test');
Insert into HOSPITAL.PATIENTRECORDS (FIRSTNAME,LASTNAME,PHONE,PROCEDURE,START_DT,END_DT,DIAGNOSIS,TESTNAME) values ('Gerald','Ford',4703991764,'Open heart surgery',to_timestamp('30-NOV-20 04.54.43.000000000 AM','DD-MON-RR HH.MI.SSXFF AM'),to_timestamp('30-NOV-20 07.51.11.000000000 AM','DD-MON-RR HH.MI.SSXFF AM'),' Sjögren''s syndrome','Pregnancy test');
Insert into HOSPITAL.PATIENTRECORDS (FIRSTNAME,LASTNAME,PHONE,PROCEDURE,START_DT,END_DT,DIAGNOSIS,TESTNAME) values ('Jimmy','Carter',4703999209,'Face plastic surgery',to_timestamp('26-DEC-20 10.42.09.000000000 AM','DD-MON-RR HH.MI.SSXFF AM'),to_timestamp('26-DEC-20 01.55.11.000000000 PM','DD-MON-RR HH.MI.SSXFF AM'),' Schizophrenia','Kidney function tests');
Insert into HOSPITAL.PATIENTRECORDS (FIRSTNAME,LASTNAME,PHONE,PROCEDURE,START_DT,END_DT,DIAGNOSIS,TESTNAME) values ('Ronald','Reagan',4703992172,'emergency Room',to_timestamp('04-NOV-20 11.29.40.000000000 AM','DD-MON-RR HH.MI.SSXFF AM'),to_timestamp('04-NOV-20 03.27.58.000000000 PM','DD-MON-RR HH.MI.SSXFF AM'),' Rosacea','Liver function tests');
Insert into HOSPITAL.PATIENTRECORDS (FIRSTNAME,LASTNAME,PHONE,PROCEDURE,START_DT,END_DT,DIAGNOSIS,TESTNAME) values ('George','Bush',4703998747,'Nose surgery',to_timestamp('05-NOV-20 10.39.09.000000000 PM','DD-MON-RR HH.MI.SSXFF AM'),to_timestamp('05-NOV-20 01.51.48.000000000 AM','DD-MON-RR HH.MI.SSXFF AM'),' Rheumatoid arthritis (RA)','Thyroid function tests');
Insert into HOSPITAL.PATIENTRECORDS (FIRSTNAME,LASTNAME,PHONE,PROCEDURE,START_DT,END_DT,DIAGNOSIS,TESTNAME) values ('Bill','Clinton',4703997006,'Face plastic surgery',to_timestamp('16-OCT-20 06.38.29.000000000 AM','DD-MON-RR HH.MI.SSXFF AM'),to_timestamp('16-OCT-20 10.02.26.000000000 AM','DD-MON-RR HH.MI.SSXFF AM'),' Raynaud''s disease','Lipid panel');
Insert into HOSPITAL.PATIENTRECORDS (FIRSTNAME,LASTNAME,PHONE,PROCEDURE,START_DT,END_DT,DIAGNOSIS,TESTNAME) values ('George','Hush',4703997543,'Knee surgery',to_timestamp('24-JAN-21 07.03.46.000000000 PM','DD-MON-RR HH.MI.SSXFF AM'),to_timestamp('24-JAN-21 10.38.14.000000000 PM','DD-MON-RR HH.MI.SSXFF AM'),' Psoriasis','Comprehensive metabolic panel (CMP)');
Insert into HOSPITAL.PATIENTRECORDS (FIRSTNAME,LASTNAME,PHONE,PROCEDURE,START_DT,END_DT,DIAGNOSIS,TESTNAME) values ('Barack','Obama',4703996354,'bypass surgery',to_timestamp('27-DEC-20 06.19.11.000000000 AM','DD-MON-RR HH.MI.SSXFF AM'),to_timestamp('27-DEC-20 09.47.17.000000000 AM','DD-MON-RR HH.MI.SSXFF AM'),' Prostate cancer','Complete blood count (CBC)');
Insert into HOSPITAL.PATIENTRECORDS (FIRSTNAME,LASTNAME,PHONE,PROCEDURE,START_DT,END_DT,DIAGNOSIS,TESTNAME) values ('Donald','Trump',4703997816,'gallbladder surgery',to_timestamp('02-NOV-20 01.03.50.000000000 AM','DD-MON-RR HH.MI.SSXFF AM'),to_timestamp('02-NOV-20 04.27.08.000000000 AM','DD-MON-RR HH.MI.SSXFF AM'),' Pneumonia','biopsy');
Insert into HOSPITAL.PATIENTRECORDS (FIRSTNAME,LASTNAME,PHONE,PROCEDURE,START_DT,END_DT,DIAGNOSIS,TESTNAME) values ('George','Washington',4703990966,'Accident treatment',to_timestamp('05-OCT-20 11.20.55.000000000 PM','DD-MON-RR HH.MI.SSXFF AM'),to_timestamp('06-OCT-20 03.13.04.000000000 AM','DD-MON-RR HH.MI.SSXFF AM'),' Parkinson''s disease','urine tests');
Insert into HOSPITAL.PATIENTRECORDS (FIRSTNAME,LASTNAME,PHONE,PROCEDURE,START_DT,END_DT,DIAGNOSIS,TESTNAME) values ('John','Adams',4703995275,'Child Delivery',to_timestamp('24-JAN-21 10.17.27.000000000 PM','DD-MON-RR HH.MI.SSXFF AM'),to_timestamp('24-JAN-21 01.36.42.000000000 AM','DD-MON-RR HH.MI.SSXFF AM'),' Nephrotic syndrome','blood tests');
Insert into HOSPITAL.PATIENTRECORDS (FIRSTNAME,LASTNAME,PHONE,PROCEDURE,START_DT,END_DT,DIAGNOSIS,TESTNAME) values ('Thomas','Jefferson',4703990297,'hemorrhoid removal',to_timestamp('27-DEC-20 11.05.45.000000000 PM','DD-MON-RR HH.MI.SSXFF AM'),to_timestamp('28-DEC-20 03.33.46.000000000 AM','DD-MON-RR HH.MI.SSXFF AM'),' Narcolepsy','X-ray');
Insert into HOSPITAL.PATIENTRECORDS (FIRSTNAME,LASTNAME,PHONE,PROCEDURE,START_DT,END_DT,DIAGNOSIS,TESTNAME) values ('James','Madison',4703998673,'colon cancer removal',to_timestamp('09-FEB-21 10.17.22.000000000 AM','DD-MON-RR HH.MI.SSXFF AM'),to_timestamp('09-FEB-21 01.46.50.000000000 PM','DD-MON-RR HH.MI.SSXFF AM'),' Myocarditis','MRI');
Insert into HOSPITAL.PATIENTRECORDS (FIRSTNAME,LASTNAME,PHONE,PROCEDURE,START_DT,END_DT,DIAGNOSIS,TESTNAME) values ('James','Monroe',4703998703,'hair transplant',to_timestamp('09-NOV-20 05.09.17.000000000 AM','DD-MON-RR HH.MI.SSXFF AM'),to_timestamp('09-NOV-20 08.34.02.000000000 AM','DD-MON-RR HH.MI.SSXFF AM'),' Multiple sclerosis (MS)','CT scan');
Insert into HOSPITAL.PATIENTRECORDS (FIRSTNAME,LASTNAME,PHONE,PROCEDURE,START_DT,END_DT,DIAGNOSIS,TESTNAME) values ('John','Quincy',4703996191,'Bypass surgery',to_timestamp('25-DEC-20 11.46.53.000000000 AM','DD-MON-RR HH.MI.SSXFF AM'),to_timestamp('25-DEC-20 03.06.01.000000000 PM','DD-MON-RR HH.MI.SSXFF AM'),' Migraine','Drug test');
Insert into HOSPITAL.PATIENTRECORDS (FIRSTNAME,LASTNAME,PHONE,PROCEDURE,START_DT,END_DT,DIAGNOSIS,TESTNAME) values ('Andrew','Jackson',4703997965,'hemorrhoid removal',to_timestamp('07-OCT-20 03.59.58.000000000 AM','DD-MON-RR HH.MI.SSXFF AM'),to_timestamp('07-OCT-20 08.03.03.000000000 AM','DD-MON-RR HH.MI.SSXFF AM'),' Lupus','HIV test');
Insert into HOSPITAL.PATIENTRECORDS (FIRSTNAME,LASTNAME,PHONE,PROCEDURE,START_DT,END_DT,DIAGNOSIS,TESTNAME) values ('Martin','Van',4703998231,'Breast implantation',to_timestamp('16-JAN-21 02.48.03.000000000 AM','DD-MON-RR HH.MI.SSXFF AM'),to_timestamp('09-FEB-21 10.59.06.000000000 PM','DD-MON-RR HH.MI.SSXFF AM'),' Leukemia','Pregnancy test');
Insert into HOSPITAL.PATIENTRECORDS (FIRSTNAME,LASTNAME,PHONE,PROCEDURE,START_DT,END_DT,DIAGNOSIS,TESTNAME) values ('William','Henry',4703999827,'Bypass surgery',to_timestamp('04-JAN-21 12.54.40.000000000 AM','DD-MON-RR HH.MI.SSXFF AM'),to_timestamp('04-JAN-21 04.20.12.000000000 AM','DD-MON-RR HH.MI.SSXFF AM'),' Kidney disease','Kidney function tests');
Insert into HOSPITAL.PATIENTRECORDS (FIRSTNAME,LASTNAME,PHONE,PROCEDURE,START_DT,END_DT,DIAGNOSIS,TESTNAME) values ('John','Tyler',4703995092,'Root Canal',to_timestamp('24-DEC-20 09.40.40.000000000 AM','DD-MON-RR HH.MI.SSXFF AM'),to_timestamp('24-DEC-20 01.13.17.000000000 PM','DD-MON-RR HH.MI.SSXFF AM'),' Irritable bowel syndrome (IBS)','Liver function tests');
Insert into HOSPITAL.PATIENTRECORDS (FIRSTNAME,LASTNAME,PHONE,PROCEDURE,START_DT,END_DT,DIAGNOSIS,TESTNAME) values ('James','K.',4703999885,'Lazer Hair removal',to_timestamp('23-OCT-20 10.44.02.000000000 PM','DD-MON-RR HH.MI.SSXFF AM'),to_timestamp('23-OCT-20 02.05.34.000000000 AM','DD-MON-RR HH.MI.SSXFF AM'),' Huntington''s disease','Thyroid function tests');
Insert into HOSPITAL.PATIENTRECORDS (FIRSTNAME,LASTNAME,PHONE,PROCEDURE,START_DT,END_DT,DIAGNOSIS,TESTNAME) values ('Zachary','Taylor',4703997561,'Accident treatement',to_timestamp('07-OCT-20 12.23.55.000000000 AM','DD-MON-RR HH.MI.SSXFF AM'),to_timestamp('07-OCT-20 03.08.32.000000000 AM','DD-MON-RR HH.MI.SSXFF AM'),' HIV/AIDS','Lipid panel');
Insert into HOSPITAL.PATIENTRECORDS (FIRSTNAME,LASTNAME,PHONE,PROCEDURE,START_DT,END_DT,DIAGNOSIS,TESTNAME) values ('Millard','Fillmore',4703999550,'Child Delivery',to_timestamp('24-OCT-20 05.59.02.000000000 PM','DD-MON-RR HH.MI.SSXFF AM'),to_timestamp('24-OCT-20 09.10.35.000000000 PM','DD-MON-RR HH.MI.SSXFF AM'),' High cholesterol','Comprehensive metabolic panel (CMP)');
Insert into HOSPITAL.PATIENTRECORDS (FIRSTNAME,LASTNAME,PHONE,PROCEDURE,START_DT,END_DT,DIAGNOSIS,TESTNAME) values ('Franklin','Pierce',4703996739,'Accident treatement',to_timestamp('08-NOV-20 07.16.05.000000000 AM','DD-MON-RR HH.MI.SSXFF AM'),to_timestamp('08-NOV-20 10.51.50.000000000 AM','DD-MON-RR HH.MI.SSXFF AM'),' High blood pressure (hypertension)','Complete blood count (CBC)');
Insert into HOSPITAL.PATIENTRECORDS (FIRSTNAME,LASTNAME,PHONE,PROCEDURE,START_DT,END_DT,DIAGNOSIS,TESTNAME) values ('James','Buchanan',4703998794,'Open heart surgery',to_timestamp('29-DEC-20 10.05.26.000000000 PM','DD-MON-RR HH.MI.SSXFF AM'),to_timestamp('30-DEC-20 02.48.24.000000000 AM','DD-MON-RR HH.MI.SSXFF AM'),' Hepatitis C','biopsy');
Insert into HOSPITAL.PATIENTRECORDS (FIRSTNAME,LASTNAME,PHONE,PROCEDURE,START_DT,END_DT,DIAGNOSIS,TESTNAME) values ('Abraham','Lincoln',4703993596,'hair transplant',to_timestamp('27-JAN-21 11.39.07.000000000 PM','DD-MON-RR HH.MI.SSXFF AM'),to_timestamp('28-JAN-21 02.04.20.000000000 AM','DD-MON-RR HH.MI.SSXFF AM'),' Hemorrhoids','urine tests');
Insert into HOSPITAL.PATIENTRECORDS (FIRSTNAME,LASTNAME,PHONE,PROCEDURE,START_DT,END_DT,DIAGNOSIS,TESTNAME) values ('Andrew','Johnson',4703996595,'Bypass surgery',to_timestamp('17-JAN-21 06.47.01.000000000 AM','DD-MON-RR HH.MI.SSXFF AM'),to_timestamp('17-JAN-21 10.27.46.000000000 AM','DD-MON-RR HH.MI.SSXFF AM'),' Heart disease','blood tests');
Insert into HOSPITAL.PATIENTRECORDS (FIRSTNAME,LASTNAME,PHONE,PROCEDURE,START_DT,END_DT,DIAGNOSIS,TESTNAME) values ('Ulysses','Grant',4703995779,'gallbladder surgery',to_timestamp('03-FEB-21 04.58.10.000000000 PM','DD-MON-RR HH.MI.SSXFF AM'),to_timestamp('03-FEB-21 08.44.19.000000000 PM','DD-MON-RR HH.MI.SSXFF AM'),' Hashimoto''s disease','X-ray');
Insert into HOSPITAL.PATIENTRECORDS (FIRSTNAME,LASTNAME,PHONE,PROCEDURE,START_DT,END_DT,DIAGNOSIS,TESTNAME) values ('Rutherford','Hayes',4703993134,'emergency Room',to_timestamp('20-NOV-20 08.48.21.000000000 AM','DD-MON-RR HH.MI.SSXFF AM'),to_timestamp('20-NOV-20 12.11.20.000000000 PM','DD-MON-RR HH.MI.SSXFF AM'),' Gastroesophageal reflux disease (GERD)','MRI');
Insert into HOSPITAL.PATIENTRECORDS (FIRSTNAME,LASTNAME,PHONE,PROCEDURE,START_DT,END_DT,DIAGNOSIS,TESTNAME) values ('James','Garfield',4703990808,'Breast implantation',to_timestamp('04-JAN-21 05.43.11.000000000 PM','DD-MON-RR HH.MI.SSXFF AM'),to_timestamp('04-JAN-21 09.06.20.000000000 PM','DD-MON-RR HH.MI.SSXFF AM'),' Fibromyalgia','CT scan');
Insert into HOSPITAL.PATIENTRECORDS (FIRSTNAME,LASTNAME,PHONE,PROCEDURE,START_DT,END_DT,DIAGNOSIS,TESTNAME) values ('Chester','Arthur',4703993174,'Breast implantation',to_timestamp('22-NOV-20 05.10.35.000000000 PM','DD-MON-RR HH.MI.SSXFF AM'),to_timestamp('22-NOV-20 08.41.46.000000000 PM','DD-MON-RR HH.MI.SSXFF AM'),' Epilepsy','Drug test');
Insert into HOSPITAL.PATIENTRECORDS (FIRSTNAME,LASTNAME,PHONE,PROCEDURE,START_DT,END_DT,DIAGNOSIS,TESTNAME) values ('Grover','Clevelanden',4703990685,'hemorrhoid removal',to_timestamp('11-NOV-20 04.15.14.000000000 PM','DD-MON-RR HH.MI.SSXFF AM'),to_timestamp('11-NOV-20 07.58.46.000000000 PM','DD-MON-RR HH.MI.SSXFF AM'),' Endometriosis','HIV test');
Insert into HOSPITAL.PATIENTRECORDS (FIRSTNAME,LASTNAME,PHONE,PROCEDURE,START_DT,END_DT,DIAGNOSIS,TESTNAME) values ('Benjamin','Harrison',4703997383,'Thyroid surgery',to_timestamp('11-JAN-21 02.24.50.000000000 AM','DD-MON-RR HH.MI.SSXFF AM'),to_timestamp('11-JAN-21 06.05.34.000000000 AM','DD-MON-RR HH.MI.SSXFF AM'),' Diabetes','Pregnancy test');
Insert into HOSPITAL.PATIENTRECORDS (FIRSTNAME,LASTNAME,PHONE,PROCEDURE,START_DT,END_DT,DIAGNOSIS,TESTNAME) values ('Grover','Cleveland',4703998788,'gallbladder surgery',to_timestamp('03-FEB-21 04.58.10.000000000 PM','DD-MON-RR HH.MI.SSXFF AM'),to_timestamp('03-FEB-21 08.44.19.000000000 PM','DD-MON-RR HH.MI.SSXFF AM'),' Depression','Kidney function tests');
Insert into HOSPITAL.PATIENTRECORDS (FIRSTNAME,LASTNAME,PHONE,PROCEDURE,START_DT,END_DT,DIAGNOSIS,TESTNAME) values ('William','McKinley',4703994458,'Knee surgery',to_timestamp('25-NOV-20 10.24.40.000000000 AM','DD-MON-RR HH.MI.SSXFF AM'),to_timestamp('25-NOV-20 01.59.29.000000000 PM','DD-MON-RR HH.MI.SSXFF AM'),' Crohn''s disease','Liver function tests');
Insert into HOSPITAL.PATIENTRECORDS (FIRSTNAME,LASTNAME,PHONE,PROCEDURE,START_DT,END_DT,DIAGNOSIS,TESTNAME) values ('Theodore','Roosevelton',4703994235,'Child Delivery',to_timestamp('09-FEB-21 04.06.11.000000000 PM','DD-MON-RR HH.MI.SSXFF AM'),to_timestamp('09-FEB-21 08.02.37.000000000 PM','DD-MON-RR HH.MI.SSXFF AM'),' Colon cancer','Thyroid function tests');
Insert into HOSPITAL.PATIENTRECORDS (FIRSTNAME,LASTNAME,PHONE,PROCEDURE,START_DT,END_DT,DIAGNOSIS,TESTNAME) values ('William','Howardson',4703995698,'Knee surgery',to_timestamp('26-JAN-21 11.58.02.000000000 AM','DD-MON-RR HH.MI.SSXFF AM'),to_timestamp('26-JAN-21 03.20.35.000000000 PM','DD-MON-RR HH.MI.SSXFF AM'),' Breast cancer','Lipid panel');
Insert into HOSPITAL.PATIENTRECORDS (FIRSTNAME,LASTNAME,PHONE,PROCEDURE,START_DT,END_DT,DIAGNOSIS,TESTNAME) values ('Woodrow','Wilsonnie',4703990123,'Bypass surgery',to_timestamp('17-JAN-21 06.47.01.000000000 AM','DD-MON-RR HH.MI.SSXFF AM'),to_timestamp('17-JAN-21 10.27.46.000000000 AM','DD-MON-RR HH.MI.SSXFF AM'),' Asthma','Comprehensive metabolic panel (CMP)');
Insert into HOSPITAL.PATIENTRECORDS (FIRSTNAME,LASTNAME,PHONE,PROCEDURE,START_DT,END_DT,DIAGNOSIS,TESTNAME) values ('Warren','G.',4703999558,'Nose surgery',to_timestamp('12-OCT-20 09.05.54.000000000 AM','DD-MON-RR HH.MI.SSXFF AM'),to_timestamp('12-OCT-20 12.40.53.000000000 PM','DD-MON-RR HH.MI.SSXFF AM'),' Arthritis','Complete blood count (CBC)');
Insert into HOSPITAL.PATIENTRECORDS (FIRSTNAME,LASTNAME,PHONE,PROCEDURE,START_DT,END_DT,DIAGNOSIS,TESTNAME) values ('Calvin','Coolidgo',4703997446,'Lazer Hair removal',to_timestamp('28-OCT-20 11.48.05.000000000 AM','DD-MON-RR HH.MI.SSXFF AM'),to_timestamp('28-OCT-20 03.13.13.000000000 PM','DD-MON-RR HH.MI.SSXFF AM'),' Alzheimer''s disease','biopsy');
Insert into HOSPITAL.PATIENTRECORDS (FIRSTNAME,LASTNAME,PHONE,PROCEDURE,START_DT,END_DT,DIAGNOSIS,TESTNAME) values ('Herbert','Hooverd',4703998217,'Knee surgery',to_timestamp('24-JAN-21 07.03.46.000000000 PM','DD-MON-RR HH.MI.SSXFF AM'),to_timestamp('24-JAN-21 10.38.14.000000000 PM','DD-MON-RR HH.MI.SSXFF AM'),' Urinary Tract Infection','urine tests');
Insert into HOSPITAL.PATIENTRECORDS (FIRSTNAME,LASTNAME,PHONE,PROCEDURE,START_DT,END_DT,DIAGNOSIS,TESTNAME) values ('Franklin','D.',4703998277,'Accident treatment',to_timestamp('20-DEC-20 07.55.20.000000000 AM','DD-MON-RR HH.MI.SSXFF AM'),to_timestamp('20-DEC-20 11.48.11.000000000 AM','DD-MON-RR HH.MI.SSXFF AM'),' Ulcerative Colitis','blood tests');
Insert into HOSPITAL.PATIENTRECORDS (FIRSTNAME,LASTNAME,PHONE,PROCEDURE,START_DT,END_DT,DIAGNOSIS,TESTNAME) values ('Harry','S.',4703995980,'Root Canal',to_timestamp('28-DEC-20 01.10.00.000000000 AM','DD-MON-RR HH.MI.SSXFF AM'),to_timestamp('28-DEC-20 04.31.27.000000000 AM','DD-MON-RR HH.MI.SSXFF AM'),' Tinnitus','X-ray');
Insert into HOSPITAL.PATIENTRECORDS (FIRSTNAME,LASTNAME,PHONE,PROCEDURE,START_DT,END_DT,DIAGNOSIS,TESTNAME) values ('Dwight','D.',4703997058,'Bypass surgery',to_timestamp('27-DEC-20 08.00.21.000000000 AM','DD-MON-RR HH.MI.SSXFF AM'),to_timestamp('27-DEC-20 10.47.46.000000000 AM','DD-MON-RR HH.MI.SSXFF AM'),' Thyroid Disease','MRI');
Insert into HOSPITAL.PATIENTRECORDS (FIRSTNAME,LASTNAME,PHONE,PROCEDURE,START_DT,END_DT,DIAGNOSIS,TESTNAME) values ('John','F.',4703990843,'Breast implantation',to_timestamp('06-OCT-20 05.12.45.000000000 AM','DD-MON-RR HH.MI.SSXFF AM'),to_timestamp('06-OCT-20 08.38.07.000000000 AM','DD-MON-RR HH.MI.SSXFF AM'),' STDs','CT scan');
Insert into HOSPITAL.PATIENTRECORDS (FIRSTNAME,LASTNAME,PHONE,PROCEDURE,START_DT,END_DT,DIAGNOSIS,TESTNAME) values ('Lyndon','B.',4703991912,'Child Delivery',to_timestamp('27-JAN-21 06.48.16.000000000 PM','DD-MON-RR HH.MI.SSXFF AM'),to_timestamp('27-JAN-21 10.26.41.000000000 PM','DD-MON-RR HH.MI.SSXFF AM'),' Sleep Apnea','Drug test');
Insert into HOSPITAL.PATIENTRECORDS (FIRSTNAME,LASTNAME,PHONE,PROCEDURE,START_DT,END_DT,DIAGNOSIS,TESTNAME) values ('Richard','Nixonn',4703999819,'gallbladder surgery',to_timestamp('30-JAN-21 10.02.35.000000000 AM','DD-MON-RR HH.MI.SSXFF AM'),to_timestamp('30-JAN-21 01.24.30.000000000 PM','DD-MON-RR HH.MI.SSXFF AM'),' SIDS','HIV test');
Insert into HOSPITAL.PATIENTRECORDS (FIRSTNAME,LASTNAME,PHONE,PROCEDURE,START_DT,END_DT,DIAGNOSIS,TESTNAME) values ('Gerald','Fordd',4703992168,'emergency Room',to_timestamp('17-NOV-20 02.52.03.000000000 PM','DD-MON-RR HH.MI.SSXFF AM'),to_timestamp('17-NOV-20 06.37.56.000000000 PM','DD-MON-RR HH.MI.SSXFF AM'),' Schizophrenia','Pregnancy test');
Insert into HOSPITAL.PATIENTRECORDS (FIRSTNAME,LASTNAME,PHONE,PROCEDURE,START_DT,END_DT,DIAGNOSIS,TESTNAME) values ('Jimmy','Carterson',4703997858,'colon cancer removal',to_timestamp('09-JAN-21 10.25.16.000000000 PM','DD-MON-RR HH.MI.SSXFF AM'),to_timestamp('10-JAN-21 02.06.10.000000000 AM','DD-MON-RR HH.MI.SSXFF AM'),' PTSD','Kidney function tests');
Insert into HOSPITAL.PATIENTRECORDS (FIRSTNAME,LASTNAME,PHONE,PROCEDURE,START_DT,END_DT,DIAGNOSIS,TESTNAME) values ('Ronald','Reaganor',4703993819,'Child Delivery',to_timestamp('24-OCT-20 05.59.02.000000000 PM','DD-MON-RR HH.MI.SSXFF AM'),to_timestamp('24-OCT-20 09.10.35.000000000 PM','DD-MON-RR HH.MI.SSXFF AM'),' Pregnancy','Liver function tests');
Insert into HOSPITAL.PATIENTRECORDS (FIRSTNAME,LASTNAME,PHONE,PROCEDURE,START_DT,END_DT,DIAGNOSIS,TESTNAME) values ('George','H.',4703999175,'Nose surgery',to_timestamp('12-OCT-20 09.05.54.000000000 AM','DD-MON-RR HH.MI.SSXFF AM'),to_timestamp('12-OCT-20 12.40.53.000000000 PM','DD-MON-RR HH.MI.SSXFF AM'),' Parkinson''s Disease','Thyroid function tests');
Insert into HOSPITAL.PATIENTRECORDS (FIRSTNAME,LASTNAME,PHONE,PROCEDURE,START_DT,END_DT,DIAGNOSIS,TESTNAME) values ('Bill','Clintonn',4703999446,'Accident treatment',to_timestamp('12-DEC-20 05.58.11.000000000 AM','DD-MON-RR HH.MI.SSXFF AM'),to_timestamp('12-DEC-20 08.28.45.000000000 AM','DD-MON-RR HH.MI.SSXFF AM'),' Osteoporosis','Lipid panel');
Insert into HOSPITAL.PATIENTRECORDS (FIRSTNAME,LASTNAME,PHONE,PROCEDURE,START_DT,END_DT,DIAGNOSIS,TESTNAME) values ('George','W.',4703998409,'gallbladder surgery',to_timestamp('02-NOV-20 01.03.50.000000000 AM','DD-MON-RR HH.MI.SSXFF AM'),to_timestamp('02-NOV-20 04.27.08.000000000 AM','DD-MON-RR HH.MI.SSXFF AM'),' OCD','Comprehensive metabolic panel (CMP)');
Insert into HOSPITAL.PATIENTRECORDS (FIRSTNAME,LASTNAME,PHONE,PROCEDURE,START_DT,END_DT,DIAGNOSIS,TESTNAME) values ('Barack','Odama',4703996998,'Accident treatment',to_timestamp('05-OCT-20 11.20.55.000000000 PM','DD-MON-RR HH.MI.SSXFF AM'),to_timestamp('06-OCT-20 03.13.04.000000000 AM','DD-MON-RR HH.MI.SSXFF AM'),' Obesity','Complete blood count (CBC)');
Insert into HOSPITAL.PATIENTRECORDS (FIRSTNAME,LASTNAME,PHONE,PROCEDURE,START_DT,END_DT,DIAGNOSIS,TESTNAME) values ('Donald','Trumpp',4703996736,'Child Delivery',to_timestamp('05-DEC-20 07.52.09.000000000 PM','DD-MON-RR HH.MI.SSXFF AM'),to_timestamp('05-DEC-20 11.23.05.000000000 PM','DD-MON-RR HH.MI.SSXFF AM'),' Narcolepsy','biopsy');
Insert into HOSPITAL.PATIENTRECORDS (FIRSTNAME,LASTNAME,PHONE,PROCEDURE,START_DT,END_DT,DIAGNOSIS,TESTNAME) values ('George','Washinmachine',4703998856,'Child Delivery',to_timestamp('26-JAN-21 01.19.30.000000000 PM','DD-MON-RR HH.MI.SSXFF AM'),to_timestamp('26-JAN-21 04.38.50.000000000 PM','DD-MON-RR HH.MI.SSXFF AM'),' Multiple Sclerosis','urine tests');
Insert into HOSPITAL.PATIENTRECORDS (FIRSTNAME,LASTNAME,PHONE,PROCEDURE,START_DT,END_DT,DIAGNOSIS,TESTNAME) values ('John','Adamson',4703991830,'Open heart surgery',to_timestamp('29-DEC-20 10.05.26.000000000 PM','DD-MON-RR HH.MI.SSXFF AM'),to_timestamp('30-DEC-20 02.48.24.000000000 AM','DD-MON-RR HH.MI.SSXFF AM'),' Migraines','blood tests');
Insert into HOSPITAL.PATIENTRECORDS (FIRSTNAME,LASTNAME,PHONE,PROCEDURE,START_DT,END_DT,DIAGNOSIS,TESTNAME) values ('Thomas','Jefferton',4703993406,'Accident treatment',to_timestamp('21-JAN-21 02.48.57.000000000 PM','DD-MON-RR HH.MI.SSXFF AM'),to_timestamp('21-JAN-21 06.11.19.000000000 PM','DD-MON-RR HH.MI.SSXFF AM'),' Lyme Disease','X-ray');
Insert into HOSPITAL.PATIENTRECORDS (FIRSTNAME,LASTNAME,PHONE,PROCEDURE,START_DT,END_DT,DIAGNOSIS,TESTNAME) values ('James','Madisonnn',4703992350,'hair transplant',to_timestamp('07-JAN-21 12.38.04.000000000 PM','DD-MON-RR HH.MI.SSXFF AM'),to_timestamp('07-JAN-21 04.12.37.000000000 PM','DD-MON-RR HH.MI.SSXFF AM'),' Lupus','MRI');
Insert into HOSPITAL.PATIENTRECORDS (FIRSTNAME,LASTNAME,PHONE,PROCEDURE,START_DT,END_DT,DIAGNOSIS,TESTNAME) values ('James','Monish',4703997874,'emergency Room',to_timestamp('17-NOV-20 10.50.00.000000000 AM','DD-MON-RR HH.MI.SSXFF AM'),to_timestamp('17-NOV-20 01.21.24.000000000 PM','DD-MON-RR HH.MI.SSXFF AM'),' Kidney Disease','CT scan');
Insert into HOSPITAL.PATIENTRECORDS (FIRSTNAME,LASTNAME,PHONE,PROCEDURE,START_DT,END_DT,DIAGNOSIS,TESTNAME) values ('John','Quincyy',4703995645,'Accident treatement',to_timestamp('10-NOV-20 04.43.49.000000000 AM','DD-MON-RR HH.MI.SSXFF AM'),to_timestamp('10-NOV-20 08.22.51.000000000 AM','DD-MON-RR HH.MI.SSXFF AM'),' High Blood Pressure','Drug test');
Insert into HOSPITAL.PATIENTRECORDS (FIRSTNAME,LASTNAME,PHONE,PROCEDURE,START_DT,END_DT,DIAGNOSIS,TESTNAME) values ('Andrew','Jacksone',4703999568,'hair transplant',to_timestamp('25-NOV-20 04.01.22.000000000 PM','DD-MON-RR HH.MI.SSXFF AM'),to_timestamp('25-NOV-20 07.11.01.000000000 PM','DD-MON-RR HH.MI.SSXFF AM'),' Hepatitis','HIV test');
Insert into HOSPITAL.PATIENTRECORDS (FIRSTNAME,LASTNAME,PHONE,PROCEDURE,START_DT,END_DT,DIAGNOSIS,TESTNAME) values ('Martin','Vane',4703995673,'hemorrhoid removal',to_timestamp('27-DEC-20 11.05.45.000000000 PM','DD-MON-RR HH.MI.SSXFF AM'),to_timestamp('28-DEC-20 03.33.46.000000000 AM','DD-MON-RR HH.MI.SSXFF AM'),' Heart Disease','Pregnancy test');
Insert into HOSPITAL.PATIENTRECORDS (FIRSTNAME,LASTNAME,PHONE,PROCEDURE,START_DT,END_DT,DIAGNOSIS,TESTNAME) values ('William','Henryy',4703996601,'Breast implantation',to_timestamp('22-NOV-20 05.10.35.000000000 PM','DD-MON-RR HH.MI.SSXFF AM'),to_timestamp('22-NOV-20 08.41.46.000000000 PM','DD-MON-RR HH.MI.SSXFF AM'),' GERD','Kidney function tests');
Insert into HOSPITAL.PATIENTRECORDS (FIRSTNAME,LASTNAME,PHONE,PROCEDURE,START_DT,END_DT,DIAGNOSIS,TESTNAME) values ('John','Tailor',4703994411,'Bypass surgery',to_timestamp('04-JAN-21 12.54.40.000000000 AM','DD-MON-RR HH.MI.SSXFF AM'),to_timestamp('04-JAN-21 04.20.12.000000000 AM','DD-MON-RR HH.MI.SSXFF AM'),' Epilepsy','Liver function tests');
Insert into HOSPITAL.PATIENTRECORDS (FIRSTNAME,LASTNAME,PHONE,PROCEDURE,START_DT,END_DT,DIAGNOSIS,TESTNAME) values ('William','Johnson',4703997048,'hemorrhoid removal',to_timestamp('10-FEB-21 08.55.59.000000000 AM','DD-MON-RR HH.MI.SSXFF AM'),to_timestamp('10-FEB-21 12.28.02.000000000 PM','DD-MON-RR HH.MI.SSXFF AM'),' Eating Disorders','Thyroid function tests');
Insert into HOSPITAL.PATIENTRECORDS (FIRSTNAME,LASTNAME,PHONE,PROCEDURE,START_DT,END_DT,DIAGNOSIS,TESTNAME) values ('John','Smith',4703997126,'Lazer Hair removal',to_timestamp('28-OCT-20 11.48.05.000000000 AM','DD-MON-RR HH.MI.SSXFF AM'),to_timestamp('28-OCT-20 03.13.13.000000000 PM','DD-MON-RR HH.MI.SSXFF AM'),' Diabetes','Lipid panel');
Insert into HOSPITAL.PATIENTRECORDS (FIRSTNAME,LASTNAME,PHONE,PROCEDURE,START_DT,END_DT,DIAGNOSIS,TESTNAME) values ('Robert','Williams',4703995753,'hair transplant',to_timestamp('09-NOV-20 05.09.17.000000000 AM','DD-MON-RR HH.MI.SSXFF AM'),to_timestamp('09-NOV-20 08.34.02.000000000 AM','DD-MON-RR HH.MI.SSXFF AM'),' Depression','Comprehensive metabolic panel (CMP)');
Insert into HOSPITAL.PATIENTRECORDS (FIRSTNAME,LASTNAME,PHONE,PROCEDURE,START_DT,END_DT,DIAGNOSIS,TESTNAME) values ('Christopher','Jones',4703994914,'hemorrhoid removal',to_timestamp('27-DEC-20 11.05.45.000000000 PM','DD-MON-RR HH.MI.SSXFF AM'),to_timestamp('28-DEC-20 03.33.46.000000000 AM','DD-MON-RR HH.MI.SSXFF AM'),' Crohn''s Disease','Complete blood count (CBC)');
Insert into HOSPITAL.PATIENTRECORDS (FIRSTNAME,LASTNAME,PHONE,PROCEDURE,START_DT,END_DT,DIAGNOSIS,TESTNAME) values ('Joseph','Brown',4703996042,'Nose surgery',to_timestamp('05-NOV-20 10.39.09.000000000 PM','DD-MON-RR HH.MI.SSXFF AM'),to_timestamp('05-NOV-20 01.51.48.000000000 AM','DD-MON-RR HH.MI.SSXFF AM'),' Celiac Disease','biopsy');
Insert into HOSPITAL.PATIENTRECORDS (FIRSTNAME,LASTNAME,PHONE,PROCEDURE,START_DT,END_DT,DIAGNOSIS,TESTNAME) values ('Timothy','Davis',4703993585,'Child Delivery',to_timestamp('09-FEB-21 04.06.11.000000000 PM','DD-MON-RR HH.MI.SSXFF AM'),to_timestamp('09-FEB-21 08.02.37.000000000 PM','DD-MON-RR HH.MI.SSXFF AM'),' Autism','urine tests');
Insert into HOSPITAL.PATIENTRECORDS (FIRSTNAME,LASTNAME,PHONE,PROCEDURE,START_DT,END_DT,DIAGNOSIS,TESTNAME) values ('Benjamin','Miller',4703991476,'hemorrhoid removal',to_timestamp('07-OCT-20 03.59.58.000000000 AM','DD-MON-RR HH.MI.SSXFF AM'),to_timestamp('07-OCT-20 08.03.03.000000000 AM','DD-MON-RR HH.MI.SSXFF AM'),' Asthma','blood tests');
Insert into HOSPITAL.PATIENTRECORDS (FIRSTNAME,LASTNAME,PHONE,PROCEDURE,START_DT,END_DT,DIAGNOSIS,TESTNAME) values ('George','Thompson',4703992574,'Accident treatement',to_timestamp('07-OCT-20 12.23.55.000000000 AM','DD-MON-RR HH.MI.SSXFF AM'),to_timestamp('07-OCT-20 03.08.32.000000000 AM','DD-MON-RR HH.MI.SSXFF AM'),' Arthritis','X-ray');
Insert into HOSPITAL.PATIENTRECORDS (FIRSTNAME,LASTNAME,PHONE,PROCEDURE,START_DT,END_DT,DIAGNOSIS,TESTNAME) values ('Ronald','Moore',4703997855,'Breast implantation',to_timestamp('16-JAN-21 02.48.03.000000000 AM','DD-MON-RR HH.MI.SSXFF AM'),to_timestamp('09-FEB-21 10.59.06.000000000 PM','DD-MON-RR HH.MI.SSXFF AM'),' Alzheimer''s Disease','MRI');
Insert into HOSPITAL.PATIENTRECORDS (FIRSTNAME,LASTNAME,PHONE,PROCEDURE,START_DT,END_DT,DIAGNOSIS,TESTNAME) values ('Larry','Anderson',4703991538,'eye transplant',to_timestamp('03-OCT-20 02.21.02.000000000 PM','DD-MON-RR HH.MI.SSXFF AM'),to_timestamp('03-OCT-20 05.54.42.000000000 PM','DD-MON-RR HH.MI.SSXFF AM'),' ADD/ADHD','CT scan');
--------------------------------------------------------
--  DDL for Index NURSE_PK1
--------------------------------------------------------

  CREATE UNIQUE INDEX "HOSPITAL"."NURSE_PK1" ON "HOSPITAL"."NURSE" ("NURSEID") 
  PCTFREE 10 INITRANS 2 MAXTRANS 255 COMPUTE STATISTICS 
  STORAGE(INITIAL 65536 NEXT 1048576 MINEXTENTS 1 MAXEXTENTS 2147483645
  PCTINCREASE 0 FREELISTS 1 FREELIST GROUPS 1
  BUFFER_POOL DEFAULT FLASH_CACHE DEFAULT CELL_FLASH_CACHE DEFAULT)
  TABLESPACE "USERS" ;
--------------------------------------------------------
--  DDL for Index APPOINTMENT_PK1
--------------------------------------------------------

  CREATE UNIQUE INDEX "HOSPITAL"."APPOINTMENT_PK1" ON "HOSPITAL"."APPOINTMENT" ("AID") 
  PCTFREE 10 INITRANS 2 MAXTRANS 255 COMPUTE STATISTICS 
  STORAGE(INITIAL 65536 NEXT 1048576 MINEXTENTS 1 MAXEXTENTS 2147483645
  PCTINCREASE 0 FREELISTS 1 FREELIST GROUPS 1
  BUFFER_POOL DEFAULT FLASH_CACHE DEFAULT CELL_FLASH_CACHE DEFAULT)
  TABLESPACE "USERS" ;
--------------------------------------------------------
--  DDL for Index APPOINTMENTLAB_PK1
--------------------------------------------------------

  CREATE UNIQUE INDEX "HOSPITAL"."APPOINTMENTLAB_PK1" ON "HOSPITAL"."APPOINTMENTLAB" ("AID", "LABTESTID") 
  PCTFREE 10 INITRANS 2 MAXTRANS 255 COMPUTE STATISTICS 
  STORAGE(INITIAL 65536 NEXT 1048576 MINEXTENTS 1 MAXEXTENTS 2147483645
  PCTINCREASE 0 FREELISTS 1 FREELIST GROUPS 1
  BUFFER_POOL DEFAULT FLASH_CACHE DEFAULT CELL_FLASH_CACHE DEFAULT)
  TABLESPACE "USERS" ;
--------------------------------------------------------
--  DDL for Index DEPARTMENT_PK1
--------------------------------------------------------

  CREATE UNIQUE INDEX "HOSPITAL"."DEPARTMENT_PK1" ON "HOSPITAL"."DEPARTMENT" ("DEPTID") 
  PCTFREE 10 INITRANS 2 MAXTRANS 255 COMPUTE STATISTICS 
  STORAGE(INITIAL 65536 NEXT 1048576 MINEXTENTS 1 MAXEXTENTS 2147483645
  PCTINCREASE 0 FREELISTS 1 FREELIST GROUPS 1
  BUFFER_POOL DEFAULT FLASH_CACHE DEFAULT CELL_FLASH_CACHE DEFAULT)
  TABLESPACE "USERS" ;
--------------------------------------------------------
--  DDL for Index DOCDEPT_PK1
--------------------------------------------------------

  CREATE UNIQUE INDEX "HOSPITAL"."DOCDEPT_PK1" ON "HOSPITAL"."DOCDEPT" ("DOCTORID", "DEPTID") 
  PCTFREE 10 INITRANS 2 MAXTRANS 255 COMPUTE STATISTICS 
  STORAGE(INITIAL 65536 NEXT 1048576 MINEXTENTS 1 MAXEXTENTS 2147483645
  PCTINCREASE 0 FREELISTS 1 FREELIST GROUPS 1
  BUFFER_POOL DEFAULT FLASH_CACHE DEFAULT CELL_FLASH_CACHE DEFAULT)
  TABLESPACE "USERS" ;
--------------------------------------------------------
--  DDL for Index DOCTOR_PK1
--------------------------------------------------------

  CREATE UNIQUE INDEX "HOSPITAL"."DOCTOR_PK1" ON "HOSPITAL"."DOCTOR" ("DOCTORID") 
  PCTFREE 10 INITRANS 2 MAXTRANS 255 COMPUTE STATISTICS 
  STORAGE(INITIAL 65536 NEXT 1048576 MINEXTENTS 1 MAXEXTENTS 2147483645
  PCTINCREASE 0 FREELISTS 1 FREELIST GROUPS 1
  BUFFER_POOL DEFAULT FLASH_CACHE DEFAULT CELL_FLASH_CACHE DEFAULT)
  TABLESPACE "USERS" ;
--------------------------------------------------------
--  DDL for Index UC_DOCTOR
--------------------------------------------------------

  CREATE UNIQUE INDEX "HOSPITAL"."UC_DOCTOR" ON "HOSPITAL"."DOCTOR" ("DEMAIL", "DPHONE") 
  PCTFREE 10 INITRANS 2 MAXTRANS 255 COMPUTE STATISTICS 
  STORAGE(INITIAL 65536 NEXT 1048576 MINEXTENTS 1 MAXEXTENTS 2147483645
  PCTINCREASE 0 FREELISTS 1 FREELIST GROUPS 1
  BUFFER_POOL DEFAULT FLASH_CACHE DEFAULT CELL_FLASH_CACHE DEFAULT)
  TABLESPACE "USERS" ;
--------------------------------------------------------
--  DDL for Index HOSPITALSTAFF_PK1
--------------------------------------------------------

  CREATE UNIQUE INDEX "HOSPITAL"."HOSPITALSTAFF_PK1" ON "HOSPITAL"."HOSPITALSTAFF" ("STAFFID") 
  PCTFREE 10 INITRANS 2 MAXTRANS 255 COMPUTE STATISTICS 
  STORAGE(INITIAL 65536 NEXT 1048576 MINEXTENTS 1 MAXEXTENTS 2147483645
  PCTINCREASE 0 FREELISTS 1 FREELIST GROUPS 1
  BUFFER_POOL DEFAULT FLASH_CACHE DEFAULT CELL_FLASH_CACHE DEFAULT)
  TABLESPACE "USERS" ;
--------------------------------------------------------
--  DDL for Index INSURANCE_PK1
--------------------------------------------------------

  CREATE UNIQUE INDEX "HOSPITAL"."INSURANCE_PK1" ON "HOSPITAL"."INSURANCE" ("INSURANCEID") 
  PCTFREE 10 INITRANS 2 MAXTRANS 255 COMPUTE STATISTICS 
  STORAGE(INITIAL 65536 NEXT 1048576 MINEXTENTS 1 MAXEXTENTS 2147483645
  PCTINCREASE 0 FREELISTS 1 FREELIST GROUPS 1
  BUFFER_POOL DEFAULT FLASH_CACHE DEFAULT CELL_FLASH_CACHE DEFAULT)
  TABLESPACE "USERS" ;
--------------------------------------------------------
--  DDL for Index LABTEST_PK1
--------------------------------------------------------

  CREATE UNIQUE INDEX "HOSPITAL"."LABTEST_PK1" ON "HOSPITAL"."LABTEST" ("LABTESTID") 
  PCTFREE 10 INITRANS 2 MAXTRANS 255 COMPUTE STATISTICS 
  STORAGE(INITIAL 65536 NEXT 1048576 MINEXTENTS 1 MAXEXTENTS 2147483645
  PCTINCREASE 0 FREELISTS 1 FREELIST GROUPS 1
  BUFFER_POOL DEFAULT FLASH_CACHE DEFAULT CELL_FLASH_CACHE DEFAULT)
  TABLESPACE "USERS" ;
--------------------------------------------------------
--  DDL for Index PATIENT_PK1
--------------------------------------------------------

  CREATE UNIQUE INDEX "HOSPITAL"."PATIENT_PK1" ON "HOSPITAL"."PATIENT" ("PATIENTID") 
  PCTFREE 10 INITRANS 2 MAXTRANS 255 COMPUTE STATISTICS 
  STORAGE(INITIAL 65536 NEXT 1048576 MINEXTENTS 1 MAXEXTENTS 2147483645
  PCTINCREASE 0 FREELISTS 1 FREELIST GROUPS 1
  BUFFER_POOL DEFAULT FLASH_CACHE DEFAULT CELL_FLASH_CACHE DEFAULT)
  TABLESPACE "USERS" ;
--------------------------------------------------------
--  DDL for Index UC_PATIENT
--------------------------------------------------------

  CREATE UNIQUE INDEX "HOSPITAL"."UC_PATIENT" ON "HOSPITAL"."PATIENT" ("EMAIL", "SSN") 
  PCTFREE 10 INITRANS 2 MAXTRANS 255 COMPUTE STATISTICS 
  STORAGE(INITIAL 65536 NEXT 1048576 MINEXTENTS 1 MAXEXTENTS 2147483645
  PCTINCREASE 0 FREELISTS 1 FREELIST GROUPS 1
  BUFFER_POOL DEFAULT FLASH_CACHE DEFAULT CELL_FLASH_CACHE DEFAULT)
  TABLESPACE "USERS" ;
--------------------------------------------------------
--  DDL for Index PATIENTPROCEDURE_PK1
--------------------------------------------------------

  CREATE UNIQUE INDEX "HOSPITAL"."PATIENTPROCEDURE_PK1" ON "HOSPITAL"."PATIENTPROCEDURE" ("PATIENTID", "PROCEDUREID") 
  PCTFREE 10 INITRANS 2 MAXTRANS 255 COMPUTE STATISTICS 
  STORAGE(INITIAL 65536 NEXT 1048576 MINEXTENTS 1 MAXEXTENTS 2147483645
  PCTINCREASE 0 FREELISTS 1 FREELIST GROUPS 1
  BUFFER_POOL DEFAULT FLASH_CACHE DEFAULT CELL_FLASH_CACHE DEFAULT)
  TABLESPACE "USERS" ;
--------------------------------------------------------
--  DDL for Index PROCEDURE_PK1
--------------------------------------------------------

  CREATE UNIQUE INDEX "HOSPITAL"."PROCEDURE_PK1" ON "HOSPITAL"."PROCEDURE" ("PROCEDUREID") 
  PCTFREE 10 INITRANS 2 MAXTRANS 255 COMPUTE STATISTICS 
  STORAGE(INITIAL 65536 NEXT 1048576 MINEXTENTS 1 MAXEXTENTS 2147483645
  PCTINCREASE 0 FREELISTS 1 FREELIST GROUPS 1
  BUFFER_POOL DEFAULT FLASH_CACHE DEFAULT CELL_FLASH_CACHE DEFAULT)
  TABLESPACE "USERS" ;
--------------------------------------------------------
--  DDL for Index PROCEDUREDOC_PK1
--------------------------------------------------------

  CREATE UNIQUE INDEX "HOSPITAL"."PROCEDUREDOC_PK1" ON "HOSPITAL"."PROCEDUREDOC" ("DOCTORID", "PROCEDUREID") 
  PCTFREE 10 INITRANS 2 MAXTRANS 255 COMPUTE STATISTICS 
  STORAGE(INITIAL 65536 NEXT 1048576 MINEXTENTS 1 MAXEXTENTS 2147483645
  PCTINCREASE 0 FREELISTS 1 FREELIST GROUPS 1
  BUFFER_POOL DEFAULT FLASH_CACHE DEFAULT CELL_FLASH_CACHE DEFAULT)
  TABLESPACE "USERS" ;
--------------------------------------------------------
--  DDL for Index ROOMS_PK1
--------------------------------------------------------

  CREATE UNIQUE INDEX "HOSPITAL"."ROOMS_PK1" ON "HOSPITAL"."ROOMS" ("ROOMID") 
  PCTFREE 10 INITRANS 2 MAXTRANS 255 COMPUTE STATISTICS 
  STORAGE(INITIAL 65536 NEXT 1048576 MINEXTENTS 1 MAXEXTENTS 2147483645
  PCTINCREASE 0 FREELISTS 1 FREELIST GROUPS 1
  BUFFER_POOL DEFAULT FLASH_CACHE DEFAULT CELL_FLASH_CACHE DEFAULT)
  TABLESPACE "USERS" ;
--------------------------------------------------------
--  DDL for Index ROOMTYPE_PK1
--------------------------------------------------------

  CREATE UNIQUE INDEX "HOSPITAL"."ROOMTYPE_PK1" ON "HOSPITAL"."ROOMTYPE" ("ROOMTYPEID") 
  PCTFREE 10 INITRANS 2 MAXTRANS 255 COMPUTE STATISTICS 
  STORAGE(INITIAL 65536 NEXT 1048576 MINEXTENTS 1 MAXEXTENTS 2147483645
  PCTINCREASE 0 FREELISTS 1 FREELIST GROUPS 1
  BUFFER_POOL DEFAULT FLASH_CACHE DEFAULT CELL_FLASH_CACHE DEFAULT)
  TABLESPACE "USERS" ;
--------------------------------------------------------
--  DDL for Index SHIFT_PK1
--------------------------------------------------------

  CREATE UNIQUE INDEX "HOSPITAL"."SHIFT_PK1" ON "HOSPITAL"."SHIFT" ("SHIFTID") 
  PCTFREE 10 INITRANS 2 MAXTRANS 255 COMPUTE STATISTICS 
  STORAGE(INITIAL 65536 NEXT 1048576 MINEXTENTS 1 MAXEXTENTS 2147483645
  PCTINCREASE 0 FREELISTS 1 FREELIST GROUPS 1
  BUFFER_POOL DEFAULT FLASH_CACHE DEFAULT CELL_FLASH_CACHE DEFAULT)
  TABLESPACE "USERS" ;
--------------------------------------------------------
--  DDL for Trigger TRG_APPOINTMENT_APPOINTMENTID
--------------------------------------------------------

  CREATE OR REPLACE NONEDITIONABLE TRIGGER "HOSPITAL"."TRG_APPOINTMENT_APPOINTMENTID" 
  BEFORE INSERT ON appointment
  FOR EACH ROW
BEGIN
  :new.aid := appointmentid_seq.nextval;
END;

/
ALTER TRIGGER "HOSPITAL"."TRG_APPOINTMENT_APPOINTMENTID" ENABLE;
--------------------------------------------------------
--  DDL for Trigger TRG_DOCTOR_DOCTORID
--------------------------------------------------------

  CREATE OR REPLACE NONEDITIONABLE TRIGGER "HOSPITAL"."TRG_DOCTOR_DOCTORID" 
  BEFORE INSERT ON doctor
  FOR EACH ROW
BEGIN
  :new.doctorid := doctorid_seq.nextval;
END;

/
ALTER TRIGGER "HOSPITAL"."TRG_DOCTOR_DOCTORID" ENABLE;
--------------------------------------------------------
--  DDL for Trigger TRG_NURSE_NURSEID
--------------------------------------------------------

  CREATE OR REPLACE NONEDITIONABLE TRIGGER "HOSPITAL"."TRG_NURSE_NURSEID" 
  BEFORE INSERT ON nurse
  FOR EACH ROW
BEGIN
  :new.nurseid := nurseid_seq.nextval;
END;

/
ALTER TRIGGER "HOSPITAL"."TRG_NURSE_NURSEID" ENABLE;
--------------------------------------------------------
--  DDL for Trigger TRG_PROCEDURE_PROCEDUREID
--------------------------------------------------------

  CREATE OR REPLACE NONEDITIONABLE TRIGGER "HOSPITAL"."TRG_PROCEDURE_PROCEDUREID" 
  BEFORE INSERT ON procedure
  FOR EACH ROW
BEGIN
  :new.procedureid := procedureid_seq.nextval;
END;

/
ALTER TRIGGER "HOSPITAL"."TRG_PROCEDURE_PROCEDUREID" ENABLE;
--------------------------------------------------------
--  DDL for Trigger TRG_PATIENT_PATINETID
--------------------------------------------------------

  CREATE OR REPLACE NONEDITIONABLE TRIGGER "HOSPITAL"."TRG_PATIENT_PATINETID" 
  BEFORE INSERT ON patient
  FOR EACH ROW
BEGIN
  :new.patientid := patientid_seq.nextval;
END;

/
ALTER TRIGGER "HOSPITAL"."TRG_PATIENT_PATINETID" ENABLE;
--------------------------------------------------------
--  DDL for Trigger TRG_STAFF_STAFFID
--------------------------------------------------------

  CREATE OR REPLACE NONEDITIONABLE TRIGGER "HOSPITAL"."TRG_STAFF_STAFFID" 
  BEFORE INSERT ON hospitalstaff
  FOR EACH ROW
BEGIN
  :new.staffid := staffid_seq.nextval;
END;

/
ALTER TRIGGER "HOSPITAL"."TRG_STAFF_STAFFID" ENABLE;
--------------------------------------------------------
--  DDL for Trigger TRG_NURSE_NURSEID
--------------------------------------------------------

  CREATE OR REPLACE NONEDITIONABLE TRIGGER "HOSPITAL"."TRG_NURSE_NURSEID" 
  BEFORE INSERT ON nurse
  FOR EACH ROW
BEGIN
  :new.nurseid := nurseid_seq.nextval;
END;

/
ALTER TRIGGER "HOSPITAL"."TRG_NURSE_NURSEID" ENABLE;
--------------------------------------------------------
--  DDL for Trigger TRG_APPOINTMENT_APPOINTMENTID
--------------------------------------------------------

  CREATE OR REPLACE NONEDITIONABLE TRIGGER "HOSPITAL"."TRG_APPOINTMENT_APPOINTMENTID" 
  BEFORE INSERT ON appointment
  FOR EACH ROW
BEGIN
  :new.aid := appointmentid_seq.nextval;
END;

/
ALTER TRIGGER "HOSPITAL"."TRG_APPOINTMENT_APPOINTMENTID" ENABLE;
--------------------------------------------------------
--  DDL for Trigger TRG_DOCTOR_DOCTORID
--------------------------------------------------------

  CREATE OR REPLACE NONEDITIONABLE TRIGGER "HOSPITAL"."TRG_DOCTOR_DOCTORID" 
  BEFORE INSERT ON doctor
  FOR EACH ROW
BEGIN
  :new.doctorid := doctorid_seq.nextval;
END;

/
ALTER TRIGGER "HOSPITAL"."TRG_DOCTOR_DOCTORID" ENABLE;
--------------------------------------------------------
--  DDL for Trigger TRG_STAFF_STAFFID
--------------------------------------------------------

  CREATE OR REPLACE NONEDITIONABLE TRIGGER "HOSPITAL"."TRG_STAFF_STAFFID" 
  BEFORE INSERT ON hospitalstaff
  FOR EACH ROW
BEGIN
  :new.staffid := staffid_seq.nextval;
END;

/
ALTER TRIGGER "HOSPITAL"."TRG_STAFF_STAFFID" ENABLE;
--------------------------------------------------------
--  DDL for Trigger TRG_PATIENT_PATINETID
--------------------------------------------------------

  CREATE OR REPLACE NONEDITIONABLE TRIGGER "HOSPITAL"."TRG_PATIENT_PATINETID" 
  BEFORE INSERT ON patient
  FOR EACH ROW
BEGIN
  :new.patientid := patientid_seq.nextval;
END;

/
ALTER TRIGGER "HOSPITAL"."TRG_PATIENT_PATINETID" ENABLE;
--------------------------------------------------------
--  DDL for Trigger TRG_PROCEDURE_PROCEDUREID
--------------------------------------------------------

  CREATE OR REPLACE NONEDITIONABLE TRIGGER "HOSPITAL"."TRG_PROCEDURE_PROCEDUREID" 
  BEFORE INSERT ON procedure
  FOR EACH ROW
BEGIN
  :new.procedureid := procedureid_seq.nextval;
END;

/
ALTER TRIGGER "HOSPITAL"."TRG_PROCEDURE_PROCEDUREID" ENABLE;
--------------------------------------------------------
--  Constraints for Table NURSE
--------------------------------------------------------

  ALTER TABLE "HOSPITAL"."NURSE" MODIFY ("NURSEID" NOT NULL ENABLE);
  ALTER TABLE "HOSPITAL"."NURSE" MODIFY ("DEPTID" NOT NULL ENABLE);
  ALTER TABLE "HOSPITAL"."NURSE" MODIFY ("SHIFTID" NOT NULL ENABLE);
  ALTER TABLE "HOSPITAL"."NURSE" ADD CONSTRAINT "NURSE_PK1" PRIMARY KEY ("NURSEID")
  USING INDEX "HOSPITAL"."NURSE_PK1"  ENABLE;
--------------------------------------------------------
--  Constraints for Table APPOINTMENT
--------------------------------------------------------

  ALTER TABLE "HOSPITAL"."APPOINTMENT" MODIFY ("AID" NOT NULL ENABLE);
  ALTER TABLE "HOSPITAL"."APPOINTMENT" MODIFY ("PATIENTID" NOT NULL ENABLE);
  ALTER TABLE "HOSPITAL"."APPOINTMENT" MODIFY ("DOCTORID" NOT NULL ENABLE);
  ALTER TABLE "HOSPITAL"."APPOINTMENT" MODIFY ("ROOMID" NOT NULL ENABLE);
  ALTER TABLE "HOSPITAL"."APPOINTMENT" ADD CONSTRAINT "APPOINTMENT_PK1" PRIMARY KEY ("AID")
  USING INDEX "HOSPITAL"."APPOINTMENT_PK1"  ENABLE;
--------------------------------------------------------
--  Constraints for Table APPOINTMENTLAB
--------------------------------------------------------

  ALTER TABLE "HOSPITAL"."APPOINTMENTLAB" MODIFY ("AID" NOT NULL ENABLE);
  ALTER TABLE "HOSPITAL"."APPOINTMENTLAB" MODIFY ("LABTESTID" NOT NULL ENABLE);
  ALTER TABLE "HOSPITAL"."APPOINTMENTLAB" ADD CONSTRAINT "APPOINTMENTLAB_PK1" PRIMARY KEY ("AID", "LABTESTID")
  USING INDEX "HOSPITAL"."APPOINTMENTLAB_PK1"  ENABLE;
--------------------------------------------------------
--  Constraints for Table DEPARTMENT
--------------------------------------------------------

  ALTER TABLE "HOSPITAL"."DEPARTMENT" MODIFY ("DEPTID" NOT NULL ENABLE);
  ALTER TABLE "HOSPITAL"."DEPARTMENT" ADD CONSTRAINT "DEPARTMENT_PK1" PRIMARY KEY ("DEPTID")
  USING INDEX "HOSPITAL"."DEPARTMENT_PK1"  ENABLE;
--------------------------------------------------------
--  Constraints for Table DOCDEPT
--------------------------------------------------------

  ALTER TABLE "HOSPITAL"."DOCDEPT" MODIFY ("DEPTID" NOT NULL ENABLE);
  ALTER TABLE "HOSPITAL"."DOCDEPT" MODIFY ("DOCTORID" NOT NULL ENABLE);
  ALTER TABLE "HOSPITAL"."DOCDEPT" ADD CONSTRAINT "DOCDEPT_PK1" PRIMARY KEY ("DOCTORID", "DEPTID")
  USING INDEX "HOSPITAL"."DOCDEPT_PK1"  ENABLE;
--------------------------------------------------------
--  Constraints for Table DOCTOR
--------------------------------------------------------

  ALTER TABLE "HOSPITAL"."DOCTOR" MODIFY ("DOCTORID" NOT NULL ENABLE);
  ALTER TABLE "HOSPITAL"."DOCTOR" MODIFY ("SHIFTID" NOT NULL ENABLE);
  ALTER TABLE "HOSPITAL"."DOCTOR" ADD CONSTRAINT "DOCTOR_PK1" PRIMARY KEY ("DOCTORID")
  USING INDEX "HOSPITAL"."DOCTOR_PK1"  ENABLE;
  ALTER TABLE "HOSPITAL"."DOCTOR" ADD CONSTRAINT "CHK_DEMAIL1" CHECK (demail like '%@%') ENABLE;
  ALTER TABLE "HOSPITAL"."DOCTOR" ADD CONSTRAINT "UC_DOCTOR" UNIQUE ("DEMAIL", "DPHONE")
  USING INDEX "HOSPITAL"."UC_DOCTOR"  ENABLE;
--------------------------------------------------------
--  Constraints for Table HOSPITALSTAFF
--------------------------------------------------------

  ALTER TABLE "HOSPITAL"."HOSPITALSTAFF" MODIFY ("STAFFID" NOT NULL ENABLE);
  ALTER TABLE "HOSPITAL"."HOSPITALSTAFF" MODIFY ("SHIFTID" NOT NULL ENABLE);
  ALTER TABLE "HOSPITAL"."HOSPITALSTAFF" ADD CONSTRAINT "HOSPITALSTAFF_PK1" PRIMARY KEY ("STAFFID")
  USING INDEX "HOSPITAL"."HOSPITALSTAFF_PK1"  ENABLE;
--------------------------------------------------------
--  Constraints for Table INSURANCE
--------------------------------------------------------

  ALTER TABLE "HOSPITAL"."INSURANCE" MODIFY ("INSURANCEID" NOT NULL ENABLE);
  ALTER TABLE "HOSPITAL"."INSURANCE" ADD CONSTRAINT "INSURANCE_PK1" PRIMARY KEY ("INSURANCEID")
  USING INDEX "HOSPITAL"."INSURANCE_PK1"  ENABLE;
--------------------------------------------------------
--  Constraints for Table LABTEST
--------------------------------------------------------

  ALTER TABLE "HOSPITAL"."LABTEST" MODIFY ("LABTESTID" NOT NULL ENABLE);
  ALTER TABLE "HOSPITAL"."LABTEST" ADD CONSTRAINT "LABTEST_PK1" PRIMARY KEY ("LABTESTID")
  USING INDEX "HOSPITAL"."LABTEST_PK1"  ENABLE;
--------------------------------------------------------
--  Constraints for Table PATIENT
--------------------------------------------------------

  ALTER TABLE "HOSPITAL"."PATIENT" MODIFY ("PATIENTID" NOT NULL ENABLE);
  ALTER TABLE "HOSPITAL"."PATIENT" ADD CONSTRAINT "PATIENT_PK1" PRIMARY KEY ("PATIENTID")
  USING INDEX "HOSPITAL"."PATIENT_PK1"  ENABLE;
  ALTER TABLE "HOSPITAL"."PATIENT" ADD CONSTRAINT "PATIENT_CHK1" CHECK (phone > 999999999 and phone < 10000000000) ENABLE;
  ALTER TABLE "HOSPITAL"."PATIENT" MODIFY ("EMAIL" NOT NULL ENABLE);
  ALTER TABLE "HOSPITAL"."PATIENT" ADD CONSTRAINT "CHK_EMAIL1" CHECK (email like '%@%') ENABLE;
  ALTER TABLE "HOSPITAL"."PATIENT" ADD CONSTRAINT "UC_PATIENT" UNIQUE ("EMAIL", "SSN")
  USING INDEX "HOSPITAL"."UC_PATIENT"  ENABLE;
--------------------------------------------------------
--  Constraints for Table PATIENTPROCEDURE
--------------------------------------------------------

  ALTER TABLE "HOSPITAL"."PATIENTPROCEDURE" MODIFY ("PATIENTID" NOT NULL ENABLE);
  ALTER TABLE "HOSPITAL"."PATIENTPROCEDURE" MODIFY ("PROCEDUREID" NOT NULL ENABLE);
  ALTER TABLE "HOSPITAL"."PATIENTPROCEDURE" ADD CONSTRAINT "PATIENTPROCEDURE_PK1" PRIMARY KEY ("PATIENTID", "PROCEDUREID")
  USING INDEX "HOSPITAL"."PATIENTPROCEDURE_PK1"  ENABLE;
--------------------------------------------------------
--  Constraints for Table PROCEDURE
--------------------------------------------------------

  ALTER TABLE "HOSPITAL"."PROCEDURE" MODIFY ("PROCEDUREID" NOT NULL ENABLE);
  ALTER TABLE "HOSPITAL"."PROCEDURE" MODIFY ("NURSEID" NOT NULL ENABLE);
  ALTER TABLE "HOSPITAL"."PROCEDURE" MODIFY ("ROOMID" NOT NULL ENABLE);
  ALTER TABLE "HOSPITAL"."PROCEDURE" ADD CONSTRAINT "PROCEDURE_PK1" PRIMARY KEY ("PROCEDUREID")
  USING INDEX "HOSPITAL"."PROCEDURE_PK1"  ENABLE;
--------------------------------------------------------
--  Constraints for Table PROCEDUREDOC
--------------------------------------------------------

  ALTER TABLE "HOSPITAL"."PROCEDUREDOC" MODIFY ("DOCTORID" NOT NULL ENABLE);
  ALTER TABLE "HOSPITAL"."PROCEDUREDOC" MODIFY ("PROCEDUREID" NOT NULL ENABLE);
  ALTER TABLE "HOSPITAL"."PROCEDUREDOC" ADD CONSTRAINT "PROCEDUREDOC_PK1" PRIMARY KEY ("DOCTORID", "PROCEDUREID")
  USING INDEX "HOSPITAL"."PROCEDUREDOC_PK1"  ENABLE;
--------------------------------------------------------
--  Constraints for Table ROOMS
--------------------------------------------------------

  ALTER TABLE "HOSPITAL"."ROOMS" MODIFY ("ROOMID" NOT NULL ENABLE);
  ALTER TABLE "HOSPITAL"."ROOMS" MODIFY ("ROOMTYPEID" NOT NULL ENABLE);
  ALTER TABLE "HOSPITAL"."ROOMS" ADD CONSTRAINT "ROOMS_PK1" PRIMARY KEY ("ROOMID")
  USING INDEX "HOSPITAL"."ROOMS_PK1"  ENABLE;
--------------------------------------------------------
--  Constraints for Table ROOMTYPE
--------------------------------------------------------

  ALTER TABLE "HOSPITAL"."ROOMTYPE" MODIFY ("ROOMTYPEID" NOT NULL ENABLE);
  ALTER TABLE "HOSPITAL"."ROOMTYPE" ADD CONSTRAINT "ROOMTYPE_PK1" PRIMARY KEY ("ROOMTYPEID")
  USING INDEX "HOSPITAL"."ROOMTYPE_PK1"  ENABLE;
--------------------------------------------------------
--  Constraints for Table SHIFT
--------------------------------------------------------

  ALTER TABLE "HOSPITAL"."SHIFT" MODIFY ("SHIFTID" NOT NULL ENABLE);
  ALTER TABLE "HOSPITAL"."SHIFT" ADD CONSTRAINT "SHIFT_PK1" PRIMARY KEY ("SHIFTID")
  USING INDEX "HOSPITAL"."SHIFT_PK1"  ENABLE;
--------------------------------------------------------
--  Ref Constraints for Table NURSE
--------------------------------------------------------

  ALTER TABLE "HOSPITAL"."NURSE" ADD CONSTRAINT "NURSE_FK1" FOREIGN KEY ("SHIFTID")
	  REFERENCES "HOSPITAL"."SHIFT" ("SHIFTID") ENABLE;
  ALTER TABLE "HOSPITAL"."NURSE" ADD CONSTRAINT "NURSE_FK3" FOREIGN KEY ("DEPTID")
	  REFERENCES "HOSPITAL"."DEPARTMENT" ("DEPTID") ENABLE;
--------------------------------------------------------
--  Ref Constraints for Table APPOINTMENT
--------------------------------------------------------

  ALTER TABLE "HOSPITAL"."APPOINTMENT" ADD CONSTRAINT "APPOINTMENT_FK2" FOREIGN KEY ("DOCTORID")
	  REFERENCES "HOSPITAL"."DOCTOR" ("DOCTORID") ENABLE;
--------------------------------------------------------
--  Ref Constraints for Table APPOINTMENTLAB
--------------------------------------------------------

  ALTER TABLE "HOSPITAL"."APPOINTMENTLAB" ADD CONSTRAINT "APPOINTMENTLAB_FK2" FOREIGN KEY ("LABTESTID")
	  REFERENCES "HOSPITAL"."LABTEST" ("LABTESTID") ENABLE;
--------------------------------------------------------
--  Ref Constraints for Table DOCDEPT
--------------------------------------------------------

  ALTER TABLE "HOSPITAL"."DOCDEPT" ADD CONSTRAINT "DOCDEPT_FK1" FOREIGN KEY ("DEPTID")
	  REFERENCES "HOSPITAL"."DEPARTMENT" ("DEPTID") ENABLE;
  ALTER TABLE "HOSPITAL"."DOCDEPT" ADD CONSTRAINT "DOCDEPT_FK2" FOREIGN KEY ("DOCTORID")
	  REFERENCES "HOSPITAL"."DOCTOR" ("DOCTORID") ENABLE;
--------------------------------------------------------
--  Ref Constraints for Table DOCTOR
--------------------------------------------------------

  ALTER TABLE "HOSPITAL"."DOCTOR" ADD CONSTRAINT "DOCTOR_FK1" FOREIGN KEY ("SHIFTID")
	  REFERENCES "HOSPITAL"."SHIFT" ("SHIFTID") ENABLE;
--------------------------------------------------------
--  Ref Constraints for Table HOSPITALSTAFF
--------------------------------------------------------

  ALTER TABLE "HOSPITAL"."HOSPITALSTAFF" ADD CONSTRAINT "HOSPITALSTAFF_FK1" FOREIGN KEY ("SHIFTID")
	  REFERENCES "HOSPITAL"."SHIFT" ("SHIFTID") ENABLE;
--------------------------------------------------------
--  Ref Constraints for Table PATIENT
--------------------------------------------------------

  ALTER TABLE "HOSPITAL"."PATIENT" ADD CONSTRAINT "PATIENT_FK1" FOREIGN KEY ("INSURANCEID")
	  REFERENCES "HOSPITAL"."INSURANCE" ("INSURANCEID") ENABLE;
--------------------------------------------------------
--  Ref Constraints for Table PROCEDUREDOC
--------------------------------------------------------

  ALTER TABLE "HOSPITAL"."PROCEDUREDOC" ADD CONSTRAINT "PROCEDUREDOC_FK1" FOREIGN KEY ("DOCTORID")
	  REFERENCES "HOSPITAL"."DOCTOR" ("DOCTORID") ENABLE;
--------------------------------------------------------
--  Ref Constraints for Table ROOMS
--------------------------------------------------------

  ALTER TABLE "HOSPITAL"."ROOMS" ADD CONSTRAINT "ROOMS_FK1" FOREIGN KEY ("ROOMTYPEID")
	  REFERENCES "HOSPITAL"."ROOMTYPE" ("ROOMTYPEID") ENABLE;
